# Blender 4.4.3
# www.blender.org
mtllib spacecraft.mtl
o scobj
v -0.049500 0.029887 -0.005000
v -0.045039 0.024891 -0.005000
v -0.045039 -0.024927 -0.005000
v -0.049500 -0.029921 -0.005000
v -0.049500 -0.029921 0.005000
v -0.045039 -0.024927 0.005000
v -0.045039 0.024891 0.005000
v -0.049500 0.029887 0.005000
v 0.049500 -0.029921 -0.005000
v 0.045034 -0.024926 -0.005000
v 0.045034 0.024891 -0.005000
v 0.049500 0.029887 -0.005000
v 0.049500 0.029887 0.005000
v 0.045034 0.024891 0.005000
v 0.045034 -0.024926 0.005000
v 0.049500 -0.029921 0.005000
v 0.029971 0.049350 -0.005000
v 0.024966 0.044896 -0.005000
v -0.024984 0.044896 -0.005000
v -0.029996 0.049350 -0.005000
v -0.029996 0.049350 0.005000
v -0.024984 0.044896 0.005000
v 0.024966 0.044896 0.005000
v 0.029971 0.049350 0.005000
v -0.029996 -0.049350 -0.005000
v -0.024984 -0.044871 -0.005000
v 0.024966 -0.044871 -0.005000
v 0.029971 -0.049350 -0.005000
v 0.029971 -0.049350 0.005000
v 0.024966 -0.044871 0.005000
v -0.024984 -0.044871 0.005000
v -0.029996 -0.049350 0.005000
v -0.029996 0.029887 0.005000
v -0.024984 0.029887 0.005000
v 0.024966 0.029887 0.005000
v 0.029971 0.029887 0.005000
v -0.029996 0.024891 0.005000
v -0.024984 0.024891 0.005000
v 0.024966 0.024891 0.005000
v 0.029971 0.024891 0.005000
v -0.029996 -0.024927 0.005000
v -0.024984 -0.024927 0.005000
v 0.024966 -0.024926 0.005000
v 0.029971 -0.024926 0.005000
v -0.029996 -0.029921 0.005000
v -0.024984 -0.029921 0.005000
v 0.024966 -0.029921 0.005000
v 0.029971 -0.029921 0.005000
v 0.029971 0.029887 -0.005000
v 0.024966 0.029887 -0.005000
v -0.024984 0.029887 -0.005000
v -0.029996 0.029887 -0.005000
v 0.029971 0.024891 -0.005000
v 0.024966 0.024891 -0.005000
v -0.024984 0.024891 -0.005000
v -0.029996 0.024891 -0.005000
v 0.029971 -0.024926 -0.005000
v 0.024966 -0.024926 -0.005000
v -0.024984 -0.024927 -0.005000
v -0.029996 -0.024927 -0.005000
v 0.029971 -0.029921 -0.005000
v 0.024966 -0.029921 -0.005000
v -0.024984 -0.029921 -0.005000
v -0.029996 -0.029921 -0.005000
v -0.041007 -0.049350 -0.005000
v -0.049500 -0.040857 -0.005000
v -0.042897 -0.049137 -0.005000
v -0.044692 -0.048509 -0.005000
v -0.046302 -0.047497 -0.005000
v -0.047647 -0.046152 -0.005000
v -0.048659 -0.044542 -0.005000
v -0.049287 -0.042747 -0.005000
v -0.049500 -0.040857 0.005000
v -0.041007 -0.049350 0.005000
v -0.049287 -0.042747 0.005000
v -0.048659 -0.044542 0.005000
v -0.047647 -0.046152 0.005000
v -0.046302 -0.047497 0.005000
v -0.044692 -0.048509 0.005000
v -0.042897 -0.049137 0.005000
v -0.049500 0.040857 -0.005000
v -0.041007 0.049350 -0.005000
v -0.049287 0.042747 -0.005000
v -0.048659 0.044542 -0.005000
v -0.047647 0.046152 -0.005000
v -0.046302 0.047497 -0.005000
v -0.044692 0.048509 -0.005000
v -0.042897 0.049137 -0.005000
v -0.041007 0.049350 0.005000
v -0.049500 0.040857 0.005000
v -0.042897 0.049137 0.005000
v -0.044692 0.048509 0.005000
v -0.046302 0.047497 0.005000
v -0.047647 0.046152 0.005000
v -0.048659 0.044542 0.005000
v -0.049287 0.042747 0.005000
v 0.049500 -0.040857 -0.005000
v 0.041007 -0.049350 -0.005000
v 0.049287 -0.042747 -0.005000
v 0.048659 -0.044542 -0.005000
v 0.047647 -0.046152 -0.005000
v 0.046302 -0.047497 -0.005000
v 0.044692 -0.048509 -0.005000
v 0.042897 -0.049137 -0.005000
v 0.041007 -0.049350 0.005000
v 0.049500 -0.040857 0.005000
v 0.042897 -0.049137 0.005000
v 0.044692 -0.048509 0.005000
v 0.046302 -0.047497 0.005000
v 0.047647 -0.046152 0.005000
v 0.048659 -0.044542 0.005000
v 0.049287 -0.042747 0.005000
v 0.041007 0.049350 -0.005000
v 0.049500 0.040857 -0.005000
v 0.042897 0.049137 -0.005000
v 0.044692 0.048509 -0.005000
v 0.046302 0.047497 -0.005000
v 0.047647 0.046152 -0.005000
v 0.048659 0.044542 -0.005000
v 0.049287 0.042747 -0.005000
v 0.049500 0.040857 0.005000
v 0.041007 0.049350 0.005000
v 0.049287 0.042747 0.005000
v 0.048659 0.044542 0.005000
v 0.047647 0.046152 0.005000
v 0.046302 0.047497 0.005000
v 0.044692 0.048509 0.005000
v 0.042897 0.049137 0.005000
v 0.034766 0.034844 -0.139768
v 0.034766 0.034844 -0.004768
v 0.034766 0.044844 -0.139768
v 0.034766 0.044844 -0.004768
v 0.044766 0.034844 -0.139768
v 0.044766 0.034844 -0.004768
v 0.044766 0.044844 -0.139768
v 0.044766 0.044844 -0.004768
v -0.044970 0.034844 -0.139768
v -0.044970 0.034844 -0.004768
v -0.044970 0.044844 -0.139768
v -0.044970 0.044844 -0.004768
v -0.034970 0.034844 -0.139768
v -0.034970 0.034844 -0.004768
v -0.034970 0.044844 -0.139768
v -0.034970 0.044844 -0.004768
v 0.034766 -0.044912 -0.139768
v 0.034766 -0.044912 -0.004768
v 0.034766 -0.034912 -0.139768
v 0.034766 -0.034912 -0.004768
v 0.044766 -0.044912 -0.139768
v 0.044766 -0.044912 -0.004768
v 0.044766 -0.034912 -0.139768
v 0.044766 -0.034912 -0.004768
v -0.044970 -0.044912 -0.139768
v -0.044970 -0.044912 -0.004768
v -0.044970 -0.034912 -0.139768
v -0.044970 -0.034912 -0.004768
v -0.034970 -0.044912 -0.139768
v -0.034970 -0.044912 -0.004768
v -0.034970 -0.034912 -0.139768
v -0.034970 -0.034912 -0.004768
v -0.046500 0.048023 -0.139109
v 0.046500 0.048023 -0.139109
v -0.040303 0.051023 -0.139109
v -0.046167 0.048415 -0.139109
v -0.045774 0.048800 -0.139109
v -0.045326 0.049171 -0.139109
v -0.044831 0.049523 -0.139109
v -0.044298 0.049850 -0.139109
v -0.043736 0.050145 -0.139109
v -0.043154 0.050403 -0.139109
v -0.042563 0.050621 -0.139109
v -0.041972 0.050795 -0.139109
v -0.041392 0.050921 -0.139109
v -0.040832 0.050998 -0.139109
v -0.040303 0.051023 -0.005109
v -0.040832 0.050998 -0.005109
v -0.041392 0.050921 -0.005109
v -0.041972 0.050795 -0.005109
v -0.042563 0.050621 -0.005109
v -0.043154 0.050403 -0.005109
v -0.043736 0.050145 -0.005109
v -0.044298 0.049850 -0.005109
v -0.044831 0.049523 -0.005109
v -0.045326 0.049171 -0.005109
v -0.045774 0.048800 -0.005109
v -0.046167 0.048415 -0.005109
v 0.040303 0.051023 -0.139109
v 0.040832 0.050998 -0.139109
v 0.041392 0.050921 -0.139109
v 0.041972 0.050795 -0.139109
v 0.042563 0.050621 -0.139109
v 0.043154 0.050403 -0.139109
v 0.043736 0.050145 -0.139109
v 0.044298 0.049850 -0.139109
v 0.044831 0.049523 -0.139109
v 0.045326 0.049171 -0.139109
v 0.045774 0.048800 -0.139109
v 0.046168 0.048415 -0.139109
v 0.046500 0.048023 -0.005109
v 0.040303 0.051023 -0.005109
v 0.046168 0.048415 -0.005109
v 0.045774 0.048800 -0.005109
v 0.045326 0.049171 -0.005109
v 0.044831 0.049523 -0.005109
v 0.044298 0.049850 -0.005109
v 0.043736 0.050145 -0.005109
v 0.043154 0.050403 -0.005109
v 0.042563 0.050621 -0.005109
v 0.041972 0.050795 -0.005109
v 0.041392 0.050921 -0.005109
v 0.040832 0.050998 -0.005109
v -0.046500 0.048023 -0.005109
v 0.040303 0.045023 -0.139109
v 0.046168 0.047632 -0.139109
v 0.045774 0.047247 -0.139109
v 0.045326 0.046875 -0.139109
v 0.044831 0.046523 -0.139109
v 0.044298 0.046197 -0.139109
v 0.043736 0.045902 -0.139109
v 0.043154 0.045643 -0.139109
v 0.042563 0.045425 -0.139109
v 0.041972 0.045252 -0.139109
v 0.041392 0.045126 -0.139109
v 0.040832 0.045049 -0.139109
v 0.040303 0.045023 -0.005109
v 0.040832 0.045049 -0.005109
v 0.041392 0.045126 -0.005109
v 0.041972 0.045252 -0.005109
v 0.042563 0.045425 -0.005109
v 0.043154 0.045643 -0.005109
v 0.043736 0.045902 -0.005109
v 0.044298 0.046197 -0.005109
v 0.044831 0.046523 -0.005109
v 0.045326 0.046875 -0.005109
v 0.045774 0.047247 -0.005109
v 0.046168 0.047632 -0.005109
v -0.040303 0.045023 -0.139109
v -0.040832 0.045049 -0.139109
v -0.041392 0.045125 -0.139109
v -0.041972 0.045252 -0.139109
v -0.042563 0.045425 -0.139109
v -0.043154 0.045643 -0.139109
v -0.043736 0.045902 -0.139109
v -0.044298 0.046197 -0.139109
v -0.044831 0.046523 -0.139109
v -0.045326 0.046875 -0.139109
v -0.045774 0.047247 -0.139109
v -0.046167 0.047632 -0.139109
v -0.040303 0.045023 -0.005109
v -0.046167 0.047632 -0.005109
v -0.045774 0.047247 -0.005109
v -0.045326 0.046875 -0.005109
v -0.044831 0.046523 -0.005109
v -0.044298 0.046197 -0.005109
v -0.043736 0.045902 -0.005109
v -0.043154 0.045643 -0.005109
v -0.042563 0.045425 -0.005109
v -0.041972 0.045252 -0.005109
v -0.041392 0.045125 -0.005109
v -0.040832 0.045049 -0.005109
v -0.037250 0.051023 -0.136082
v -0.037250 0.051723 -0.136082
v 0.037250 0.051023 -0.136082
v 0.037250 0.051723 -0.136082
v -0.032035 0.051023 -0.096082
v -0.037250 0.051023 -0.101297
v -0.033052 0.051023 -0.096182
v -0.034030 0.051023 -0.096479
v -0.034932 0.051023 -0.096961
v -0.035722 0.051023 -0.097609
v -0.036371 0.051023 -0.098399
v -0.036853 0.051023 -0.099301
v -0.037150 0.051023 -0.100279
v -0.037250 0.051723 -0.101297
v -0.032035 0.051723 -0.096082
v -0.037150 0.051723 -0.100279
v -0.036853 0.051723 -0.099301
v -0.036371 0.051723 -0.098399
v -0.035722 0.051723 -0.097609
v -0.034932 0.051723 -0.096961
v -0.034031 0.051723 -0.096479
v -0.033052 0.051723 -0.096182
v 0.037250 0.051023 -0.101297
v 0.032035 0.051023 -0.096082
v 0.037150 0.051023 -0.100279
v 0.036853 0.051023 -0.099301
v 0.036371 0.051023 -0.098399
v 0.035723 0.051023 -0.097609
v 0.034932 0.051023 -0.096961
v 0.034031 0.051023 -0.096479
v 0.033052 0.051023 -0.096182
v 0.032035 0.051723 -0.096082
v 0.037250 0.051723 -0.101297
v 0.033052 0.051723 -0.096182
v 0.034031 0.051723 -0.096479
v 0.034932 0.051723 -0.096961
v 0.035723 0.051723 -0.097609
v 0.036371 0.051723 -0.098399
v 0.036853 0.051723 -0.099301
v 0.037150 0.051723 -0.100279
v -0.037250 0.051023 -0.092109
v -0.037250 0.051723 -0.092109
v 0.037250 0.051023 -0.092109
v 0.037250 0.051723 -0.092109
v -0.032035 0.051023 -0.052109
v -0.037250 0.051023 -0.057325
v -0.033052 0.051023 -0.052210
v -0.034030 0.051023 -0.052506
v -0.034932 0.051023 -0.052988
v -0.035722 0.051023 -0.053637
v -0.036371 0.051023 -0.054427
v -0.036853 0.051023 -0.055329
v -0.037150 0.051023 -0.056307
v -0.037250 0.051723 -0.057325
v -0.032035 0.051723 -0.052109
v -0.037150 0.051723 -0.056307
v -0.036853 0.051723 -0.055329
v -0.036371 0.051723 -0.054427
v -0.035722 0.051723 -0.053637
v -0.034932 0.051723 -0.052988
v -0.034031 0.051723 -0.052506
v -0.033052 0.051723 -0.052210
v 0.037250 0.051023 -0.057325
v 0.032035 0.051023 -0.052109
v 0.037150 0.051023 -0.056307
v 0.036853 0.051023 -0.055329
v 0.036371 0.051023 -0.054427
v 0.035723 0.051023 -0.053637
v 0.034932 0.051023 -0.052988
v 0.034031 0.051023 -0.052506
v 0.033052 0.051023 -0.052210
v 0.032035 0.051723 -0.052109
v 0.037250 0.051723 -0.057325
v 0.033052 0.051723 -0.052210
v 0.034031 0.051723 -0.052506
v 0.034932 0.051723 -0.052988
v 0.035723 0.051723 -0.053637
v 0.036371 0.051723 -0.054427
v 0.036853 0.051723 -0.055329
v 0.037150 0.051723 -0.056307
v -0.037250 0.051023 -0.048116
v -0.037250 0.051723 -0.048116
v 0.037250 0.051023 -0.048116
v 0.037250 0.051723 -0.048116
v -0.032035 0.051023 -0.008116
v -0.037250 0.051023 -0.013332
v -0.033052 0.051023 -0.008217
v -0.034030 0.051023 -0.008513
v -0.034932 0.051023 -0.008995
v -0.035722 0.051023 -0.009644
v -0.036371 0.051023 -0.010434
v -0.036853 0.051023 -0.011336
v -0.037150 0.051023 -0.012314
v -0.037250 0.051723 -0.013332
v -0.032035 0.051723 -0.008116
v -0.037150 0.051723 -0.012314
v -0.036853 0.051723 -0.011336
v -0.036371 0.051723 -0.010434
v -0.035722 0.051723 -0.009644
v -0.034932 0.051723 -0.008995
v -0.034031 0.051723 -0.008513
v -0.033052 0.051723 -0.008217
v 0.037250 0.051023 -0.013332
v 0.032035 0.051023 -0.008116
v 0.037150 0.051023 -0.012314
v 0.036853 0.051023 -0.011336
v 0.036371 0.051023 -0.010434
v 0.035723 0.051023 -0.009644
v 0.034932 0.051023 -0.008995
v 0.034031 0.051023 -0.008513
v 0.033052 0.051023 -0.008217
v 0.032035 0.051723 -0.008116
v 0.037250 0.051723 -0.013332
v 0.033052 0.051723 -0.008217
v 0.034031 0.051723 -0.008513
v 0.034932 0.051723 -0.008995
v 0.035723 0.051723 -0.009644
v 0.036371 0.051723 -0.010434
v 0.036853 0.051723 -0.011336
v 0.037150 0.051723 -0.012314
v 0.040303 -0.051025 -0.139109
v 0.046168 -0.048416 -0.139109
v 0.045774 -0.048801 -0.139109
v 0.045326 -0.049173 -0.139109
v 0.044831 -0.049525 -0.139109
v 0.044298 -0.049851 -0.139109
v 0.043736 -0.050146 -0.139109
v 0.043154 -0.050405 -0.139109
v 0.042563 -0.050623 -0.139109
v 0.041972 -0.050796 -0.139109
v 0.041392 -0.050922 -0.139109
v 0.040832 -0.050999 -0.139109
v 0.040303 -0.051025 -0.005109
v 0.046500 -0.048025 -0.005109
v 0.040832 -0.050999 -0.005109
v 0.041392 -0.050922 -0.005109
v 0.041972 -0.050796 -0.005109
v 0.042563 -0.050623 -0.005109
v 0.043154 -0.050405 -0.005109
v 0.043736 -0.050146 -0.005109
v 0.044298 -0.049851 -0.005109
v 0.044831 -0.049525 -0.005109
v 0.045326 -0.049173 -0.005109
v 0.045774 -0.048801 -0.005109
v 0.046168 -0.048416 -0.005109
v -0.040303 -0.051025 -0.139109
v -0.040832 -0.050999 -0.139109
v -0.041392 -0.050922 -0.139109
v -0.041972 -0.050796 -0.139109
v -0.042563 -0.050623 -0.139109
v -0.043154 -0.050405 -0.139109
v -0.043736 -0.050146 -0.139109
v -0.044298 -0.049851 -0.139109
v -0.044831 -0.049525 -0.139109
v -0.045326 -0.049173 -0.139109
v -0.045774 -0.048801 -0.139109
v -0.046167 -0.048416 -0.139109
v -0.040303 -0.051025 -0.005109
v -0.046167 -0.048416 -0.005109
v -0.045774 -0.048801 -0.005109
v -0.045326 -0.049173 -0.005109
v -0.044831 -0.049525 -0.005109
v -0.044298 -0.049851 -0.005109
v -0.043736 -0.050146 -0.005109
v -0.043154 -0.050405 -0.005109
v -0.042563 -0.050623 -0.005109
v -0.041972 -0.050796 -0.005109
v -0.041392 -0.050922 -0.005109
v -0.040832 -0.050999 -0.005109
v -0.046500 -0.048025 -0.139109
v -0.046500 -0.048025 -0.005109
v 0.046500 -0.048025 -0.139109
v -0.040303 -0.045025 -0.139109
v -0.046167 -0.047633 -0.139109
v -0.045774 -0.047248 -0.139109
v -0.045326 -0.046877 -0.139109
v -0.044831 -0.046525 -0.139109
v -0.044298 -0.046198 -0.139109
v -0.043736 -0.045903 -0.139109
v -0.043154 -0.045645 -0.139109
v -0.042563 -0.045427 -0.139109
v -0.041972 -0.045253 -0.139109
v -0.041392 -0.045127 -0.139109
v -0.040832 -0.045050 -0.139109
v -0.040303 -0.045025 -0.005109
v -0.040832 -0.045050 -0.005109
v -0.041392 -0.045127 -0.005109
v -0.041972 -0.045253 -0.005109
v -0.042563 -0.045427 -0.005109
v -0.043154 -0.045645 -0.005109
v -0.043736 -0.045903 -0.005109
v -0.044298 -0.046198 -0.005109
v -0.044831 -0.046525 -0.005109
v -0.045326 -0.046877 -0.005109
v -0.045774 -0.047248 -0.005109
v -0.046167 -0.047633 -0.005109
v 0.040303 -0.045025 -0.139109
v 0.040832 -0.045050 -0.139109
v 0.041392 -0.045127 -0.139109
v 0.041972 -0.045253 -0.139109
v 0.042563 -0.045427 -0.139109
v 0.043154 -0.045645 -0.139109
v 0.043736 -0.045903 -0.139109
v 0.044298 -0.046198 -0.139109
v 0.044831 -0.046525 -0.139109
v 0.045326 -0.046877 -0.139109
v 0.045774 -0.047248 -0.139109
v 0.046168 -0.047633 -0.139109
v 0.040303 -0.045025 -0.005109
v 0.046168 -0.047633 -0.005109
v 0.045774 -0.047248 -0.005109
v 0.045326 -0.046877 -0.005109
v 0.044831 -0.046525 -0.005109
v 0.044298 -0.046198 -0.005109
v 0.043736 -0.045903 -0.005109
v 0.043154 -0.045645 -0.005109
v 0.042563 -0.045427 -0.005109
v 0.041972 -0.045253 -0.005109
v 0.041392 -0.045127 -0.005109
v 0.040832 -0.045050 -0.005109
v 0.037250 -0.051025 -0.136082
v 0.037250 -0.051725 -0.136082
v -0.037250 -0.051025 -0.136082
v -0.037250 -0.051725 -0.136082
v 0.032035 -0.051025 -0.096082
v 0.037250 -0.051025 -0.101297
v 0.033052 -0.051025 -0.096182
v 0.034031 -0.051025 -0.096479
v 0.034932 -0.051025 -0.096961
v 0.035723 -0.051025 -0.097609
v 0.036371 -0.051025 -0.098399
v 0.036853 -0.051025 -0.099301
v 0.037150 -0.051025 -0.100279
v 0.037250 -0.051725 -0.101297
v 0.032035 -0.051725 -0.096082
v 0.037150 -0.051725 -0.100279
v 0.036853 -0.051725 -0.099301
v 0.036371 -0.051725 -0.098399
v 0.035723 -0.051725 -0.097609
v 0.034932 -0.051725 -0.096961
v 0.034031 -0.051725 -0.096479
v 0.033052 -0.051725 -0.096182
v -0.037250 -0.051025 -0.101297
v -0.032035 -0.051025 -0.096082
v -0.037150 -0.051025 -0.100279
v -0.036853 -0.051025 -0.099301
v -0.036371 -0.051025 -0.098399
v -0.035722 -0.051025 -0.097609
v -0.034932 -0.051025 -0.096961
v -0.034030 -0.051025 -0.096479
v -0.033052 -0.051025 -0.096182
v -0.032035 -0.051725 -0.096082
v -0.037250 -0.051725 -0.101297
v -0.033052 -0.051725 -0.096182
v -0.034030 -0.051725 -0.096479
v -0.034932 -0.051725 -0.096961
v -0.035722 -0.051725 -0.097609
v -0.036371 -0.051725 -0.098399
v -0.036853 -0.051725 -0.099301
v -0.037150 -0.051725 -0.100279
v 0.037250 -0.051025 -0.092109
v 0.037250 -0.051725 -0.092109
v -0.037250 -0.051025 -0.092109
v -0.037250 -0.051725 -0.092109
v 0.032035 -0.051025 -0.052109
v 0.037250 -0.051025 -0.057325
v 0.033052 -0.051025 -0.052210
v 0.034031 -0.051025 -0.052506
v 0.034932 -0.051025 -0.052988
v 0.035723 -0.051025 -0.053637
v 0.036371 -0.051025 -0.054427
v 0.036853 -0.051025 -0.055329
v 0.037150 -0.051025 -0.056307
v 0.037250 -0.051725 -0.057325
v 0.032035 -0.051725 -0.052109
v 0.037150 -0.051725 -0.056307
v 0.036853 -0.051725 -0.055329
v 0.036371 -0.051725 -0.054427
v 0.035723 -0.051725 -0.053637
v 0.034932 -0.051725 -0.052988
v 0.034031 -0.051725 -0.052506
v 0.033052 -0.051725 -0.052210
v -0.037250 -0.051025 -0.057325
v -0.032035 -0.051025 -0.052109
v -0.037150 -0.051025 -0.056307
v -0.036853 -0.051025 -0.055329
v -0.036371 -0.051025 -0.054427
v -0.035722 -0.051025 -0.053637
v -0.034932 -0.051025 -0.052988
v -0.034030 -0.051025 -0.052506
v -0.033052 -0.051025 -0.052210
v -0.032035 -0.051725 -0.052109
v -0.037250 -0.051725 -0.057325
v -0.033052 -0.051725 -0.052210
v -0.034030 -0.051725 -0.052506
v -0.034932 -0.051725 -0.052988
v -0.035722 -0.051725 -0.053637
v -0.036371 -0.051725 -0.054427
v -0.036853 -0.051725 -0.055329
v -0.037150 -0.051725 -0.056307
v 0.037250 -0.051025 -0.048116
v 0.037250 -0.051725 -0.048116
v -0.037250 -0.051025 -0.048116
v -0.037250 -0.051725 -0.048116
v 0.032035 -0.051025 -0.008116
v 0.037250 -0.051025 -0.013332
v 0.033052 -0.051025 -0.008217
v 0.034031 -0.051025 -0.008513
v 0.034932 -0.051025 -0.008995
v 0.035723 -0.051025 -0.009644
v 0.036371 -0.051025 -0.010434
v 0.036853 -0.051025 -0.011336
v 0.037150 -0.051025 -0.012314
v 0.037250 -0.051725 -0.013332
v 0.032035 -0.051725 -0.008116
v 0.037150 -0.051725 -0.012314
v 0.036853 -0.051725 -0.011336
v 0.036371 -0.051725 -0.010434
v 0.035723 -0.051725 -0.009644
v 0.034932 -0.051725 -0.008995
v 0.034031 -0.051725 -0.008513
v 0.033052 -0.051725 -0.008217
v -0.037250 -0.051025 -0.013332
v -0.032035 -0.051025 -0.008116
v -0.037150 -0.051025 -0.012314
v -0.036853 -0.051025 -0.011336
v -0.036371 -0.051025 -0.010434
v -0.035722 -0.051025 -0.009644
v -0.034932 -0.051025 -0.008995
v -0.034030 -0.051025 -0.008513
v -0.033052 -0.051025 -0.008217
v -0.032035 -0.051725 -0.008116
v -0.037250 -0.051725 -0.013332
v -0.033052 -0.051725 -0.008217
v -0.034030 -0.051725 -0.008513
v -0.034932 -0.051725 -0.008995
v -0.035722 -0.051725 -0.009644
v -0.036371 -0.051725 -0.010434
v -0.036853 -0.051725 -0.011336
v -0.037150 -0.051725 -0.012314
v -0.048142 -0.046417 -0.005109
v -0.051142 -0.040220 -0.139109
v -0.048533 -0.046085 -0.139109
v -0.048918 -0.045691 -0.139109
v -0.049290 -0.045243 -0.139109
v -0.049642 -0.044748 -0.139109
v -0.049968 -0.044215 -0.139109
v -0.050263 -0.043653 -0.139109
v -0.050522 -0.043071 -0.139109
v -0.050740 -0.042480 -0.139109
v -0.050913 -0.041889 -0.139109
v -0.051039 -0.041309 -0.139109
v -0.051116 -0.040750 -0.139109
v -0.051142 -0.040220 -0.005109
v -0.051116 -0.040750 -0.005109
v -0.051039 -0.041309 -0.005109
v -0.050913 -0.041889 -0.005109
v -0.050740 -0.042480 -0.005109
v -0.050522 -0.043071 -0.005109
v -0.050263 -0.043653 -0.005109
v -0.049968 -0.044215 -0.005109
v -0.049642 -0.044748 -0.005109
v -0.049290 -0.045243 -0.005109
v -0.048918 -0.045691 -0.005109
v -0.048533 -0.046085 -0.005109
v -0.051142 0.040386 -0.139109
v -0.048142 0.046583 -0.139109
v -0.051116 0.040915 -0.139109
v -0.051039 0.041475 -0.139109
v -0.050913 0.042055 -0.139109
v -0.050740 0.042645 -0.139109
v -0.050522 0.043237 -0.139109
v -0.050263 0.043818 -0.139109
v -0.049968 0.044381 -0.139109
v -0.049642 0.044914 -0.139109
v -0.049290 0.045409 -0.139109
v -0.048918 0.045857 -0.139109
v -0.048533 0.046250 -0.139109
v -0.051142 0.040386 -0.005109
v -0.048533 0.046250 -0.005109
v -0.048918 0.045857 -0.005109
v -0.049290 0.045409 -0.005109
v -0.049642 0.044914 -0.005109
v -0.049968 0.044381 -0.005109
v -0.050263 0.043818 -0.005109
v -0.050522 0.043237 -0.005109
v -0.050740 0.042645 -0.005109
v -0.050913 0.042055 -0.005109
v -0.051039 0.041475 -0.005109
v -0.051116 0.040915 -0.005109
v -0.045142 0.040386 -0.139109
v -0.047750 0.046250 -0.139109
v -0.047365 0.045857 -0.139109
v -0.046994 0.045409 -0.139109
v -0.046642 0.044914 -0.139109
v -0.046315 0.044381 -0.139109
v -0.046020 0.043818 -0.139109
v -0.045762 0.043237 -0.139109
v -0.045544 0.042645 -0.139109
v -0.045370 0.042055 -0.139109
v -0.045244 0.041475 -0.139109
v -0.045167 0.040915 -0.139109
v -0.045142 0.040386 -0.005109
v -0.048142 0.046583 -0.005109
v -0.045167 0.040915 -0.005109
v -0.045244 0.041475 -0.005109
v -0.045370 0.042055 -0.005109
v -0.045544 0.042645 -0.005109
v -0.045762 0.043237 -0.005109
v -0.046020 0.043818 -0.005109
v -0.046315 0.044381 -0.005109
v -0.046642 0.044914 -0.005109
v -0.046994 0.045409 -0.005109
v -0.047365 0.045857 -0.005109
v -0.047750 0.046250 -0.005109
v -0.045142 -0.040220 -0.139109
v -0.048142 -0.046417 -0.139109
v -0.045167 -0.040750 -0.139109
v -0.045244 -0.041309 -0.139109
v -0.045370 -0.041889 -0.139109
v -0.045544 -0.042480 -0.139109
v -0.045762 -0.043071 -0.139109
v -0.046020 -0.043653 -0.139109
v -0.046315 -0.044215 -0.139109
v -0.046642 -0.044748 -0.139109
v -0.046994 -0.045243 -0.139109
v -0.047365 -0.045691 -0.139109
v -0.047750 -0.046085 -0.139109
v -0.045142 -0.040220 -0.005109
v -0.047750 -0.046085 -0.005109
v -0.047365 -0.045691 -0.005109
v -0.046994 -0.045243 -0.005109
v -0.046642 -0.044748 -0.005109
v -0.046315 -0.044215 -0.005109
v -0.046020 -0.043653 -0.005109
v -0.045762 -0.043071 -0.005109
v -0.045544 -0.042480 -0.005109
v -0.045370 -0.041889 -0.005109
v -0.045244 -0.041309 -0.005109
v -0.045167 -0.040750 -0.005109
v -0.051142 -0.037167 -0.136082
v -0.051842 -0.037167 -0.136082
v -0.051142 0.037333 -0.136082
v -0.051842 0.037333 -0.136082
v -0.051142 -0.031952 -0.096082
v -0.051142 -0.037167 -0.101297
v -0.051142 -0.032969 -0.096182
v -0.051142 -0.033948 -0.096479
v -0.051142 -0.034849 -0.096961
v -0.051142 -0.035640 -0.097609
v -0.051142 -0.036288 -0.098399
v -0.051142 -0.036770 -0.099301
v -0.051142 -0.037067 -0.100279
v -0.051842 -0.037167 -0.101297
v -0.051842 -0.031952 -0.096082
v -0.051842 -0.037067 -0.100279
v -0.051842 -0.036770 -0.099301
v -0.051842 -0.036288 -0.098399
v -0.051842 -0.035640 -0.097609
v -0.051842 -0.034849 -0.096961
v -0.051842 -0.033948 -0.096479
v -0.051842 -0.032969 -0.096182
v -0.051142 0.037333 -0.101297
v -0.051142 0.032118 -0.096082
v -0.051142 0.037233 -0.100279
v -0.051142 0.036936 -0.099301
v -0.051142 0.036454 -0.098399
v -0.051142 0.035805 -0.097609
v -0.051142 0.035015 -0.096961
v -0.051142 0.034113 -0.096479
v -0.051142 0.033135 -0.096182
v -0.051842 0.032118 -0.096082
v -0.051842 0.037333 -0.101297
v -0.051842 0.033135 -0.096182
v -0.051842 0.034113 -0.096479
v -0.051842 0.035015 -0.096961
v -0.051842 0.035805 -0.097609
v -0.051842 0.036454 -0.098399
v -0.051842 0.036936 -0.099301
v -0.051842 0.037233 -0.100279
v -0.051142 -0.037167 -0.092109
v -0.051842 -0.037167 -0.092109
v -0.051142 0.037333 -0.092109
v -0.051842 0.037333 -0.092109
v -0.051142 -0.031952 -0.052109
v -0.051142 -0.037167 -0.057325
v -0.051142 -0.032969 -0.052210
v -0.051142 -0.033948 -0.052506
v -0.051142 -0.034849 -0.052988
v -0.051142 -0.035640 -0.053637
v -0.051142 -0.036288 -0.054427
v -0.051142 -0.036770 -0.055329
v -0.051142 -0.037067 -0.056307
v -0.051842 -0.037167 -0.057325
v -0.051842 -0.031952 -0.052109
v -0.051842 -0.037067 -0.056307
v -0.051842 -0.036770 -0.055329
v -0.051842 -0.036288 -0.054427
v -0.051842 -0.035640 -0.053637
v -0.051842 -0.034849 -0.052988
v -0.051842 -0.033948 -0.052506
v -0.051842 -0.032969 -0.052210
v -0.051142 0.037333 -0.057325
v -0.051142 0.032118 -0.052109
v -0.051142 0.037233 -0.056307
v -0.051142 0.036936 -0.055329
v -0.051142 0.036454 -0.054427
v -0.051142 0.035805 -0.053637
v -0.051142 0.035015 -0.052988
v -0.051142 0.034113 -0.052506
v -0.051142 0.033135 -0.052210
v -0.051842 0.032118 -0.052109
v -0.051842 0.037333 -0.057325
v -0.051842 0.033135 -0.052210
v -0.051842 0.034113 -0.052506
v -0.051842 0.035015 -0.052988
v -0.051842 0.035805 -0.053637
v -0.051842 0.036454 -0.054427
v -0.051842 0.036936 -0.055329
v -0.051842 0.037233 -0.056307
v -0.051142 -0.037167 -0.048116
v -0.051842 -0.037167 -0.048116
v -0.051142 0.037333 -0.048116
v -0.051842 0.037333 -0.048116
v -0.051142 -0.031952 -0.008116
v -0.051142 -0.037167 -0.013332
v -0.051142 -0.032969 -0.008217
v -0.051142 -0.033948 -0.008513
v -0.051142 -0.034849 -0.008995
v -0.051142 -0.035640 -0.009644
v -0.051142 -0.036288 -0.010434
v -0.051142 -0.036770 -0.011336
v -0.051142 -0.037067 -0.012314
v -0.051842 -0.037167 -0.013332
v -0.051842 -0.031952 -0.008116
v -0.051842 -0.037067 -0.012314
v -0.051842 -0.036770 -0.011336
v -0.051842 -0.036288 -0.010434
v -0.051842 -0.035640 -0.009644
v -0.051842 -0.034849 -0.008995
v -0.051842 -0.033948 -0.008513
v -0.051842 -0.032969 -0.008217
v -0.051142 0.037333 -0.013332
v -0.051142 0.032118 -0.008116
v -0.051142 0.037233 -0.012314
v -0.051142 0.036936 -0.011336
v -0.051142 0.036454 -0.010434
v -0.051142 0.035805 -0.009644
v -0.051142 0.035015 -0.008995
v -0.051142 0.034113 -0.008513
v -0.051142 0.033135 -0.008217
v -0.051842 0.032118 -0.008116
v -0.051842 0.037333 -0.013332
v -0.051842 0.033135 -0.008217
v -0.051842 0.034113 -0.008513
v -0.051842 0.035015 -0.008995
v -0.051842 0.035805 -0.009644
v -0.051842 0.036454 -0.010434
v -0.051842 0.036936 -0.011336
v -0.051842 0.037233 -0.012314
v 0.048120 0.046583 -0.139109
v 0.051120 0.040386 -0.139109
v 0.048511 0.046250 -0.139109
v 0.048896 0.045857 -0.139109
v 0.049268 0.045409 -0.139109
v 0.049620 0.044914 -0.139109
v 0.049946 0.044381 -0.139109
v 0.050241 0.043819 -0.139109
v 0.050500 0.043237 -0.139109
v 0.050718 0.042645 -0.139109
v 0.050891 0.042055 -0.139109
v 0.051018 0.041475 -0.139109
v 0.051094 0.040915 -0.139109
v 0.051120 0.040386 -0.005109
v 0.051094 0.040915 -0.005109
v 0.051018 0.041475 -0.005109
v 0.050891 0.042055 -0.005109
v 0.050718 0.042645 -0.005109
v 0.050500 0.043237 -0.005109
v 0.050241 0.043819 -0.005109
v 0.049946 0.044381 -0.005109
v 0.049620 0.044914 -0.005109
v 0.049268 0.045409 -0.005109
v 0.048896 0.045857 -0.005109
v 0.048511 0.046250 -0.005109
v 0.051120 -0.040220 -0.139109
v 0.048120 -0.046417 -0.139109
v 0.051094 -0.040749 -0.139109
v 0.051018 -0.041309 -0.139109
v 0.050891 -0.041889 -0.139109
v 0.050718 -0.042480 -0.139109
v 0.050500 -0.043071 -0.139109
v 0.050241 -0.043653 -0.139109
v 0.049946 -0.044215 -0.139109
v 0.049620 -0.044748 -0.139109
v 0.049268 -0.045243 -0.139109
v 0.048896 -0.045691 -0.139109
v 0.048511 -0.046085 -0.139109
v 0.048120 -0.046417 -0.005109
v 0.051120 -0.040220 -0.005109
v 0.048511 -0.046085 -0.005109
v 0.048896 -0.045691 -0.005109
v 0.049268 -0.045243 -0.005109
v 0.049620 -0.044748 -0.005109
v 0.049946 -0.044215 -0.005109
v 0.050241 -0.043653 -0.005109
v 0.050500 -0.043071 -0.005109
v 0.050718 -0.042480 -0.005109
v 0.050891 -0.041889 -0.005109
v 0.051018 -0.041309 -0.005109
v 0.051094 -0.040749 -0.005109
v 0.045120 -0.040220 -0.139109
v 0.047728 -0.046085 -0.139109
v 0.047343 -0.045691 -0.139109
v 0.046972 -0.045243 -0.139109
v 0.046620 -0.044748 -0.139109
v 0.046294 -0.044215 -0.139109
v 0.045999 -0.043653 -0.139109
v 0.045740 -0.043071 -0.139109
v 0.045522 -0.042480 -0.139109
v 0.045348 -0.041889 -0.139109
v 0.045222 -0.041309 -0.139109
v 0.045146 -0.040749 -0.139109
v 0.045120 -0.040220 -0.005109
v 0.045146 -0.040749 -0.005109
v 0.045222 -0.041309 -0.005109
v 0.045348 -0.041889 -0.005109
v 0.045522 -0.042480 -0.005109
v 0.045740 -0.043071 -0.005109
v 0.045999 -0.043653 -0.005109
v 0.046294 -0.044215 -0.005109
v 0.046620 -0.044748 -0.005109
v 0.046972 -0.045243 -0.005109
v 0.047343 -0.045691 -0.005109
v 0.047728 -0.046085 -0.005109
v 0.045120 0.040386 -0.139109
v 0.045145 0.040915 -0.139109
v 0.045222 0.041475 -0.139109
v 0.045348 0.042055 -0.139109
v 0.045522 0.042645 -0.139109
v 0.045740 0.043237 -0.139109
v 0.045998 0.043819 -0.139109
v 0.046294 0.044381 -0.139109
v 0.046620 0.044914 -0.139109
v 0.046972 0.045409 -0.139109
v 0.047343 0.045857 -0.139109
v 0.047728 0.046250 -0.139109
v 0.048120 0.046583 -0.005109
v 0.045120 0.040386 -0.005109
v 0.047728 0.046250 -0.005109
v 0.047343 0.045857 -0.005109
v 0.046972 0.045409 -0.005109
v 0.046620 0.044914 -0.005109
v 0.046294 0.044381 -0.005109
v 0.045998 0.043819 -0.005109
v 0.045740 0.043237 -0.005109
v 0.045522 0.042645 -0.005109
v 0.045348 0.042055 -0.005109
v 0.045222 0.041475 -0.005109
v 0.045145 0.040915 -0.005109
v 0.051120 0.037333 -0.136082
v 0.051820 0.037333 -0.136082
v 0.051120 -0.037167 -0.136082
v 0.051820 -0.037167 -0.136082
v 0.051120 0.032118 -0.096082
v 0.051120 0.037333 -0.101297
v 0.051120 0.033135 -0.096182
v 0.051120 0.034113 -0.096479
v 0.051120 0.035015 -0.096961
v 0.051120 0.035805 -0.097609
v 0.051120 0.036454 -0.098399
v 0.051120 0.036936 -0.099301
v 0.051120 0.037233 -0.100279
v 0.051820 0.037333 -0.101297
v 0.051820 0.032118 -0.096082
v 0.051820 0.037233 -0.100279
v 0.051820 0.036936 -0.099301
v 0.051820 0.036454 -0.098399
v 0.051820 0.035805 -0.097609
v 0.051820 0.035015 -0.096961
v 0.051820 0.034113 -0.096479
v 0.051820 0.033135 -0.096182
v 0.051120 -0.037167 -0.101297
v 0.051120 -0.031952 -0.096082
v 0.051120 -0.037067 -0.100279
v 0.051120 -0.036770 -0.099301
v 0.051120 -0.036288 -0.098399
v 0.051120 -0.035640 -0.097609
v 0.051120 -0.034849 -0.096961
v 0.051120 -0.033948 -0.096479
v 0.051120 -0.032969 -0.096182
v 0.051820 -0.031952 -0.096082
v 0.051820 -0.037167 -0.101297
v 0.051820 -0.032969 -0.096182
v 0.051820 -0.033948 -0.096479
v 0.051820 -0.034849 -0.096961
v 0.051820 -0.035640 -0.097609
v 0.051820 -0.036288 -0.098399
v 0.051820 -0.036770 -0.099301
v 0.051820 -0.037067 -0.100279
v 0.051120 0.037333 -0.092109
v 0.051820 0.037333 -0.092109
v 0.051120 -0.037167 -0.092109
v 0.051820 -0.037167 -0.092109
v 0.051120 0.032118 -0.052109
v 0.051120 0.037333 -0.057325
v 0.051120 0.033135 -0.052210
v 0.051120 0.034113 -0.052506
v 0.051120 0.035015 -0.052988
v 0.051120 0.035805 -0.053637
v 0.051120 0.036454 -0.054427
v 0.051120 0.036936 -0.055329
v 0.051120 0.037233 -0.056307
v 0.051820 0.037333 -0.057325
v 0.051820 0.032118 -0.052109
v 0.051820 0.037233 -0.056307
v 0.051820 0.036936 -0.055329
v 0.051820 0.036454 -0.054427
v 0.051820 0.035805 -0.053637
v 0.051820 0.035015 -0.052988
v 0.051820 0.034113 -0.052506
v 0.051820 0.033135 -0.052210
v 0.051120 -0.037167 -0.057325
v 0.051120 -0.031952 -0.052109
v 0.051120 -0.037067 -0.056307
v 0.051120 -0.036770 -0.055329
v 0.051120 -0.036288 -0.054427
v 0.051120 -0.035640 -0.053637
v 0.051120 -0.034849 -0.052988
v 0.051120 -0.033948 -0.052506
v 0.051120 -0.032969 -0.052210
v 0.051820 -0.031952 -0.052109
v 0.051820 -0.037167 -0.057325
v 0.051820 -0.032969 -0.052210
v 0.051820 -0.033948 -0.052506
v 0.051820 -0.034849 -0.052988
v 0.051820 -0.035640 -0.053637
v 0.051820 -0.036288 -0.054427
v 0.051820 -0.036770 -0.055329
v 0.051820 -0.037067 -0.056307
v 0.051120 0.037333 -0.048116
v 0.051820 0.037333 -0.048116
v 0.051120 -0.037167 -0.048116
v 0.051820 -0.037167 -0.048116
v 0.051120 0.032118 -0.008116
v 0.051120 0.037333 -0.013332
v 0.051120 0.033135 -0.008217
v 0.051120 0.034113 -0.008513
v 0.051120 0.035015 -0.008995
v 0.051120 0.035805 -0.009644
v 0.051120 0.036454 -0.010434
v 0.051120 0.036936 -0.011336
v 0.051120 0.037233 -0.012314
v 0.051820 0.037333 -0.013332
v 0.051820 0.032118 -0.008116
v 0.051820 0.037233 -0.012314
v 0.051820 0.036936 -0.011336
v 0.051820 0.036454 -0.010434
v 0.051820 0.035805 -0.009644
v 0.051820 0.035015 -0.008995
v 0.051820 0.034113 -0.008513
v 0.051820 0.033135 -0.008217
v 0.051120 -0.037167 -0.013332
v 0.051120 -0.031952 -0.008116
v 0.051120 -0.037067 -0.012314
v 0.051120 -0.036770 -0.011336
v 0.051120 -0.036288 -0.010434
v 0.051120 -0.035640 -0.009644
v 0.051120 -0.034849 -0.008995
v 0.051120 -0.033948 -0.008513
v 0.051120 -0.032969 -0.008217
v 0.051820 -0.031952 -0.008116
v 0.051820 -0.037167 -0.013332
v 0.051820 -0.032969 -0.008217
v 0.051820 -0.033948 -0.008513
v 0.051820 -0.034849 -0.008995
v 0.051820 -0.035640 -0.009644
v 0.051820 -0.036288 -0.010434
v 0.051820 -0.036770 -0.011336
v 0.051820 -0.037067 -0.012314
v -0.037182 0.032561 -0.148268
v -0.032303 0.037440 -0.148268
v -0.035315 0.032933 -0.148268
v -0.033732 0.033990 -0.148268
v -0.032675 0.035573 -0.148268
v -0.032303 0.042683 -0.148268
v -0.037182 0.047561 -0.148268
v -0.032675 0.044550 -0.148268
v -0.033732 0.046132 -0.148268
v -0.035315 0.047190 -0.148268
v -0.047303 0.037440 -0.148268
v -0.042425 0.032561 -0.148268
v -0.046932 0.035573 -0.148268
v -0.045874 0.033990 -0.148268
v -0.044292 0.032933 -0.148268
v -0.042425 0.047561 -0.148268
v -0.047303 0.042683 -0.148268
v -0.044292 0.047190 -0.148268
v -0.045874 0.046132 -0.148268
v -0.046932 0.044550 -0.148268
v -0.034568 0.037853 -0.150268
v -0.032532 0.037520 -0.148872
v -0.034160 0.037809 -0.150220
v -0.033744 0.037754 -0.150081
v -0.033348 0.037694 -0.149859
v -0.032999 0.037632 -0.149570
v -0.032721 0.037573 -0.149233
v -0.037595 0.034826 -0.150268
v -0.037262 0.032790 -0.148872
v -0.037551 0.034418 -0.150220
v -0.037496 0.034002 -0.150081
v -0.037436 0.033606 -0.149859
v -0.037374 0.033257 -0.149570
v -0.037315 0.032979 -0.149233
v -0.034814 0.036614 -0.150268
v -0.032893 0.035710 -0.148872
v -0.034430 0.036452 -0.150220
v -0.034038 0.036278 -0.150081
v -0.033664 0.036106 -0.149859
v -0.033334 0.035947 -0.149570
v -0.033071 0.035812 -0.149234
v -0.035432 0.035690 -0.150268
v -0.033918 0.034176 -0.148873
v -0.035136 0.035394 -0.150220
v -0.034832 0.035090 -0.150081
v -0.034539 0.034797 -0.149859
v -0.034278 0.034536 -0.149570
v -0.034066 0.034324 -0.149234
v -0.036357 0.035072 -0.150268
v -0.035452 0.033151 -0.148872
v -0.036194 0.034688 -0.150220
v -0.036020 0.034295 -0.150081
v -0.035848 0.033922 -0.149859
v -0.035689 0.033592 -0.149570
v -0.035554 0.033329 -0.149234
v -0.037595 0.045297 -0.150268
v -0.037262 0.047332 -0.148872
v -0.037551 0.045705 -0.150220
v -0.037496 0.046121 -0.150081
v -0.037436 0.046517 -0.149859
v -0.037374 0.046866 -0.149570
v -0.037315 0.047144 -0.149233
v -0.034568 0.042269 -0.150268
v -0.032532 0.042603 -0.148872
v -0.034160 0.042314 -0.150220
v -0.033744 0.042368 -0.150081
v -0.033348 0.042428 -0.149859
v -0.032999 0.042490 -0.149570
v -0.032721 0.042550 -0.149233
v -0.036357 0.045051 -0.150268
v -0.035452 0.046972 -0.148872
v -0.036194 0.045435 -0.150220
v -0.036020 0.045827 -0.150081
v -0.035848 0.046201 -0.149859
v -0.035689 0.046531 -0.149570
v -0.035554 0.046794 -0.149234
v -0.035432 0.044433 -0.150268
v -0.033918 0.045947 -0.148873
v -0.035136 0.044728 -0.150220
v -0.034832 0.045033 -0.150081
v -0.034539 0.045326 -0.149859
v -0.034278 0.045587 -0.149570
v -0.034066 0.045799 -0.149234
v -0.034814 0.043508 -0.150268
v -0.032893 0.044412 -0.148872
v -0.034430 0.043671 -0.150220
v -0.034038 0.043844 -0.150081
v -0.033664 0.044016 -0.149859
v -0.033334 0.044175 -0.149570
v -0.033071 0.044311 -0.149234
v -0.042011 0.034826 -0.150268
v -0.042345 0.032790 -0.148872
v -0.042056 0.034418 -0.150220
v -0.042110 0.034002 -0.150081
v -0.042170 0.033606 -0.149859
v -0.042232 0.033257 -0.149570
v -0.042292 0.032979 -0.149233
v -0.045039 0.037853 -0.150268
v -0.047074 0.037520 -0.148872
v -0.045447 0.037809 -0.150220
v -0.045863 0.037754 -0.150081
v -0.046259 0.037694 -0.149859
v -0.046608 0.037632 -0.149570
v -0.046886 0.037573 -0.149233
v -0.043250 0.035072 -0.150268
v -0.044155 0.033151 -0.148872
v -0.043413 0.034688 -0.150220
v -0.043587 0.034295 -0.150081
v -0.043759 0.033922 -0.149859
v -0.043917 0.033592 -0.149570
v -0.044053 0.033329 -0.149234
v -0.044175 0.035690 -0.150268
v -0.045689 0.034176 -0.148873
v -0.044470 0.035394 -0.150220
v -0.044775 0.035090 -0.150081
v -0.045068 0.034797 -0.149859
v -0.045329 0.034536 -0.149570
v -0.045541 0.034324 -0.149234
v -0.044793 0.036614 -0.150268
v -0.046714 0.035710 -0.148872
v -0.045177 0.036452 -0.150220
v -0.045569 0.036278 -0.150081
v -0.045943 0.036106 -0.149859
v -0.046273 0.035947 -0.149570
v -0.046536 0.035812 -0.149234
v -0.045039 0.042269 -0.150268
v -0.047074 0.042603 -0.148872
v -0.045447 0.042314 -0.150220
v -0.045863 0.042368 -0.150081
v -0.046259 0.042428 -0.149859
v -0.046608 0.042490 -0.149570
v -0.046886 0.042550 -0.149233
v -0.042011 0.045297 -0.150268
v -0.042345 0.047332 -0.148872
v -0.042056 0.045705 -0.150220
v -0.042110 0.046121 -0.150081
v -0.042170 0.046517 -0.149859
v -0.042232 0.046866 -0.149570
v -0.042292 0.047144 -0.149233
v -0.044793 0.043508 -0.150268
v -0.046714 0.044412 -0.148872
v -0.045177 0.043671 -0.150220
v -0.045569 0.043844 -0.150081
v -0.045943 0.044016 -0.149859
v -0.046273 0.044175 -0.149570
v -0.046536 0.044311 -0.149234
v -0.044175 0.044433 -0.150268
v -0.045689 0.045947 -0.148873
v -0.044470 0.044728 -0.150220
v -0.044775 0.045033 -0.150081
v -0.045068 0.045326 -0.149859
v -0.045329 0.045587 -0.149570
v -0.045541 0.045799 -0.149234
v -0.043250 0.045051 -0.150268
v -0.044155 0.046972 -0.148872
v -0.043413 0.045435 -0.150220
v -0.043587 0.045827 -0.150081
v -0.043759 0.046201 -0.149859
v -0.043917 0.046531 -0.149570
v -0.044053 0.046794 -0.149234
v -0.037182 -0.047599 -0.148268
v -0.032303 -0.042720 -0.148268
v -0.035315 -0.047227 -0.148268
v -0.033732 -0.046170 -0.148268
v -0.032675 -0.044587 -0.148268
v -0.032303 -0.037477 -0.148268
v -0.037182 -0.032599 -0.148268
v -0.032675 -0.035610 -0.148268
v -0.033732 -0.034027 -0.148268
v -0.035315 -0.032970 -0.148268
v -0.047303 -0.042720 -0.148268
v -0.042425 -0.047599 -0.148268
v -0.046932 -0.044587 -0.148268
v -0.045874 -0.046170 -0.148268
v -0.044292 -0.047227 -0.148268
v -0.042425 -0.032599 -0.148268
v -0.047303 -0.037477 -0.148268
v -0.044292 -0.032970 -0.148268
v -0.045874 -0.034028 -0.148268
v -0.046932 -0.035610 -0.148268
v -0.034568 -0.042307 -0.150268
v -0.032532 -0.042640 -0.148872
v -0.034160 -0.042351 -0.150220
v -0.033744 -0.042406 -0.150081
v -0.033348 -0.042466 -0.149859
v -0.032999 -0.042528 -0.149570
v -0.032721 -0.042587 -0.149233
v -0.037595 -0.045334 -0.150268
v -0.037262 -0.047370 -0.148872
v -0.037551 -0.045742 -0.150220
v -0.037496 -0.046158 -0.150081
v -0.037436 -0.046554 -0.149859
v -0.037374 -0.046903 -0.149570
v -0.037315 -0.047181 -0.149233
v -0.034814 -0.043545 -0.150268
v -0.032893 -0.044450 -0.148872
v -0.034430 -0.043708 -0.150220
v -0.034038 -0.043882 -0.150081
v -0.033664 -0.044054 -0.149859
v -0.033334 -0.044213 -0.149570
v -0.033071 -0.044348 -0.149234
v -0.035432 -0.044470 -0.150268
v -0.033918 -0.045984 -0.148873
v -0.035136 -0.044766 -0.150220
v -0.034832 -0.045070 -0.150081
v -0.034539 -0.045363 -0.149859
v -0.034278 -0.045624 -0.149570
v -0.034066 -0.045836 -0.149234
v -0.036356 -0.045088 -0.150268
v -0.035452 -0.047009 -0.148872
v -0.036194 -0.045472 -0.150220
v -0.036020 -0.045864 -0.150081
v -0.035848 -0.046238 -0.149859
v -0.035689 -0.046568 -0.149570
v -0.035554 -0.046831 -0.149234
v -0.037595 -0.034863 -0.150268
v -0.037262 -0.032828 -0.148872
v -0.037551 -0.034455 -0.150220
v -0.037496 -0.034039 -0.150081
v -0.037436 -0.033643 -0.149859
v -0.037374 -0.033294 -0.149570
v -0.037315 -0.033016 -0.149233
v -0.034568 -0.037891 -0.150268
v -0.032532 -0.037557 -0.148872
v -0.034160 -0.037846 -0.150220
v -0.033744 -0.037792 -0.150081
v -0.033348 -0.037732 -0.149859
v -0.032999 -0.037670 -0.149570
v -0.032721 -0.037610 -0.149233
v -0.036356 -0.035109 -0.150268
v -0.035452 -0.033188 -0.148872
v -0.036194 -0.034725 -0.150220
v -0.036020 -0.034333 -0.150081
v -0.035848 -0.033959 -0.149859
v -0.035689 -0.033629 -0.149570
v -0.035554 -0.033366 -0.149234
v -0.035432 -0.035727 -0.150268
v -0.033918 -0.034213 -0.148873
v -0.035136 -0.035432 -0.150220
v -0.034832 -0.035127 -0.150081
v -0.034539 -0.034834 -0.149859
v -0.034278 -0.034573 -0.149570
v -0.034066 -0.034361 -0.149234
v -0.034814 -0.036652 -0.150268
v -0.032893 -0.035747 -0.148872
v -0.034430 -0.036489 -0.150220
v -0.034038 -0.036315 -0.150081
v -0.033664 -0.036143 -0.149859
v -0.033334 -0.035985 -0.149570
v -0.033071 -0.035849 -0.149234
v -0.042011 -0.045334 -0.150268
v -0.042345 -0.047370 -0.148872
v -0.042056 -0.045742 -0.150220
v -0.042110 -0.046158 -0.150081
v -0.042170 -0.046554 -0.149859
v -0.042232 -0.046903 -0.149570
v -0.042292 -0.047181 -0.149233
v -0.045039 -0.042307 -0.150268
v -0.047074 -0.042640 -0.148872
v -0.045447 -0.042351 -0.150220
v -0.045863 -0.042406 -0.150081
v -0.046259 -0.042466 -0.149859
v -0.046608 -0.042528 -0.149570
v -0.046886 -0.042587 -0.149233
v -0.043250 -0.045088 -0.150268
v -0.044155 -0.047009 -0.148872
v -0.043413 -0.045472 -0.150220
v -0.043586 -0.045864 -0.150081
v -0.043759 -0.046238 -0.149859
v -0.043917 -0.046568 -0.149570
v -0.044053 -0.046831 -0.149234
v -0.044175 -0.044470 -0.150268
v -0.045689 -0.045984 -0.148873
v -0.044470 -0.044766 -0.150220
v -0.044775 -0.045070 -0.150081
v -0.045068 -0.045363 -0.149859
v -0.045329 -0.045624 -0.149570
v -0.045541 -0.045836 -0.149234
v -0.044793 -0.043545 -0.150268
v -0.046714 -0.044450 -0.148872
v -0.045177 -0.043708 -0.150220
v -0.045569 -0.043882 -0.150081
v -0.045943 -0.044054 -0.149859
v -0.046273 -0.044213 -0.149570
v -0.046536 -0.044348 -0.149234
v -0.045039 -0.037891 -0.150268
v -0.047074 -0.037557 -0.148872
v -0.045447 -0.037846 -0.150220
v -0.045863 -0.037792 -0.150081
v -0.046259 -0.037732 -0.149859
v -0.046608 -0.037670 -0.149570
v -0.046886 -0.037610 -0.149233
v -0.042011 -0.034863 -0.150268
v -0.042345 -0.032828 -0.148872
v -0.042056 -0.034455 -0.150220
v -0.042110 -0.034039 -0.150081
v -0.042170 -0.033643 -0.149859
v -0.042232 -0.033294 -0.149570
v -0.042292 -0.033016 -0.149233
v -0.044793 -0.036652 -0.150268
v -0.046714 -0.035747 -0.148872
v -0.045177 -0.036489 -0.150220
v -0.045569 -0.036315 -0.150081
v -0.045943 -0.036143 -0.149859
v -0.046273 -0.035985 -0.149570
v -0.046536 -0.035849 -0.149234
v -0.044175 -0.035727 -0.150268
v -0.045689 -0.034213 -0.148873
v -0.044470 -0.035432 -0.150220
v -0.044775 -0.035127 -0.150081
v -0.045068 -0.034834 -0.149859
v -0.045329 -0.034573 -0.149570
v -0.045541 -0.034361 -0.149234
v -0.043250 -0.035109 -0.150268
v -0.044155 -0.033188 -0.148872
v -0.043413 -0.034725 -0.150220
v -0.043586 -0.034333 -0.150081
v -0.043759 -0.033959 -0.149859
v -0.043917 -0.033629 -0.149570
v -0.044053 -0.033366 -0.149234
v 0.042391 -0.047599 -0.148268
v 0.047270 -0.042720 -0.148268
v 0.044258 -0.047227 -0.148268
v 0.045841 -0.046170 -0.148268
v 0.046899 -0.044587 -0.148268
v 0.047270 -0.037477 -0.148268
v 0.042391 -0.032599 -0.148268
v 0.046899 -0.035610 -0.148268
v 0.045841 -0.034027 -0.148268
v 0.044258 -0.032970 -0.148268
v 0.032270 -0.042720 -0.148268
v 0.037149 -0.047599 -0.148268
v 0.032641 -0.044587 -0.148268
v 0.033699 -0.046170 -0.148268
v 0.035282 -0.047227 -0.148268
v 0.037149 -0.032599 -0.148268
v 0.032270 -0.037477 -0.148268
v 0.035282 -0.032970 -0.148268
v 0.033699 -0.034027 -0.148268
v 0.032641 -0.035610 -0.148268
v 0.045006 -0.042307 -0.150268
v 0.047041 -0.042640 -0.148872
v 0.045413 -0.042351 -0.150220
v 0.045830 -0.042406 -0.150081
v 0.046226 -0.042466 -0.149859
v 0.046575 -0.042528 -0.149570
v 0.046853 -0.042587 -0.149233
v 0.041978 -0.045334 -0.150268
v 0.042311 -0.047369 -0.148872
v 0.042023 -0.045742 -0.150220
v 0.042077 -0.046158 -0.150081
v 0.042137 -0.046554 -0.149859
v 0.042199 -0.046903 -0.149570
v 0.042258 -0.047181 -0.149233
v 0.044759 -0.043545 -0.150268
v 0.046681 -0.044450 -0.148872
v 0.045144 -0.043708 -0.150220
v 0.045536 -0.043882 -0.150081
v 0.045910 -0.044054 -0.149859
v 0.046239 -0.044213 -0.149570
v 0.046502 -0.044348 -0.149234
v 0.044141 -0.044470 -0.150268
v 0.045655 -0.045984 -0.148873
v 0.044437 -0.044766 -0.150220
v 0.044742 -0.045070 -0.150081
v 0.045035 -0.045363 -0.149859
v 0.045296 -0.045624 -0.149570
v 0.045508 -0.045836 -0.149234
v 0.043217 -0.045088 -0.150268
v 0.044121 -0.047009 -0.148872
v 0.043380 -0.045472 -0.150220
v 0.043553 -0.045864 -0.150081
v 0.043725 -0.046238 -0.149859
v 0.043884 -0.046568 -0.149570
v 0.044019 -0.046831 -0.149234
v 0.041978 -0.034863 -0.150268
v 0.042311 -0.032828 -0.148872
v 0.042023 -0.034455 -0.150220
v 0.042077 -0.034039 -0.150081
v 0.042137 -0.033643 -0.149859
v 0.042199 -0.033294 -0.149570
v 0.042258 -0.033016 -0.149233
v 0.045006 -0.037891 -0.150268
v 0.047041 -0.037557 -0.148872
v 0.045413 -0.037846 -0.150220
v 0.045830 -0.037792 -0.150081
v 0.046226 -0.037731 -0.149859
v 0.046575 -0.037670 -0.149570
v 0.046853 -0.037610 -0.149233
v 0.043217 -0.035109 -0.150268
v 0.044121 -0.033188 -0.148872
v 0.043380 -0.034725 -0.150220
v 0.043553 -0.034333 -0.150081
v 0.043725 -0.033959 -0.149859
v 0.043884 -0.033629 -0.149570
v 0.044019 -0.033366 -0.149234
v 0.044141 -0.035727 -0.150268
v 0.045655 -0.034213 -0.148873
v 0.044437 -0.035432 -0.150220
v 0.044742 -0.035127 -0.150081
v 0.045035 -0.034834 -0.149859
v 0.045296 -0.034573 -0.149570
v 0.045508 -0.034361 -0.149234
v 0.044759 -0.036652 -0.150268
v 0.046681 -0.035747 -0.148872
v 0.045143 -0.036489 -0.150220
v 0.045536 -0.036315 -0.150081
v 0.045910 -0.036143 -0.149859
v 0.046239 -0.035984 -0.149570
v 0.046502 -0.035849 -0.149234
v 0.037562 -0.045334 -0.150268
v 0.037229 -0.047369 -0.148872
v 0.037517 -0.045742 -0.150220
v 0.037463 -0.046158 -0.150081
v 0.037403 -0.046554 -0.149859
v 0.037341 -0.046903 -0.149570
v 0.037282 -0.047181 -0.149233
v 0.034534 -0.042307 -0.150268
v 0.032499 -0.042640 -0.148872
v 0.034127 -0.042351 -0.150220
v 0.033710 -0.042406 -0.150081
v 0.033314 -0.042466 -0.149859
v 0.032966 -0.042528 -0.149570
v 0.032687 -0.042587 -0.149233
v 0.036323 -0.045088 -0.150268
v 0.035419 -0.047009 -0.148872
v 0.036160 -0.045472 -0.150220
v 0.035987 -0.045864 -0.150081
v 0.035815 -0.046238 -0.149859
v 0.035656 -0.046568 -0.149570
v 0.035521 -0.046831 -0.149234
v 0.035399 -0.044470 -0.150268
v 0.033885 -0.045984 -0.148873
v 0.035103 -0.044766 -0.150220
v 0.034798 -0.045070 -0.150081
v 0.034505 -0.045363 -0.149859
v 0.034244 -0.045624 -0.149570
v 0.034032 -0.045836 -0.149234
v 0.034781 -0.043545 -0.150268
v 0.032859 -0.044450 -0.148872
v 0.034397 -0.043708 -0.150220
v 0.034004 -0.043882 -0.150081
v 0.033630 -0.044054 -0.149859
v 0.033301 -0.044213 -0.149570
v 0.033038 -0.044348 -0.149234
v 0.034534 -0.037891 -0.150268
v 0.032499 -0.037557 -0.148872
v 0.034127 -0.037846 -0.150220
v 0.033710 -0.037792 -0.150081
v 0.033314 -0.037731 -0.149859
v 0.032966 -0.037670 -0.149570
v 0.032687 -0.037610 -0.149233
v 0.037562 -0.034863 -0.150268
v 0.037229 -0.032828 -0.148872
v 0.037517 -0.034455 -0.150220
v 0.037463 -0.034039 -0.150081
v 0.037403 -0.033643 -0.149859
v 0.037341 -0.033294 -0.149570
v 0.037282 -0.033016 -0.149233
v 0.034781 -0.036652 -0.150268
v 0.032859 -0.035747 -0.148872
v 0.034397 -0.036489 -0.150220
v 0.034004 -0.036315 -0.150081
v 0.033630 -0.036143 -0.149859
v 0.033301 -0.035984 -0.149570
v 0.033038 -0.035849 -0.149234
v 0.035399 -0.035727 -0.150268
v 0.033885 -0.034213 -0.148873
v 0.035103 -0.035432 -0.150220
v 0.034798 -0.035127 -0.150081
v 0.034505 -0.034834 -0.149859
v 0.034244 -0.034573 -0.149570
v 0.034032 -0.034361 -0.149234
v 0.036323 -0.035109 -0.150268
v 0.035419 -0.033188 -0.148872
v 0.036160 -0.034725 -0.150220
v 0.035987 -0.034333 -0.150081
v 0.035815 -0.033959 -0.149859
v 0.035656 -0.033629 -0.149570
v 0.035521 -0.033366 -0.149234
v 0.042391 0.031975 -0.148268
v 0.047270 0.036853 -0.148268
v 0.044258 0.032346 -0.148268
v 0.045841 0.033404 -0.148268
v 0.046899 0.034986 -0.148268
v 0.047270 0.042096 -0.148268
v 0.042391 0.046975 -0.148268
v 0.046899 0.043963 -0.148268
v 0.045841 0.045546 -0.148268
v 0.044258 0.046603 -0.148268
v 0.032270 0.036853 -0.148268
v 0.037149 0.031975 -0.148268
v 0.032641 0.034986 -0.148268
v 0.033699 0.033404 -0.148268
v 0.035282 0.032346 -0.148268
v 0.037149 0.046975 -0.148268
v 0.032270 0.042096 -0.148268
v 0.035282 0.046603 -0.148268
v 0.033699 0.045546 -0.148268
v 0.032641 0.043963 -0.148268
v 0.045006 0.037267 -0.150268
v 0.047041 0.036933 -0.148872
v 0.045413 0.037222 -0.150220
v 0.045830 0.037168 -0.150081
v 0.046226 0.037108 -0.149859
v 0.046574 0.037046 -0.149570
v 0.046853 0.036986 -0.149233
v 0.041978 0.034239 -0.150268
v 0.042311 0.032204 -0.148872
v 0.042023 0.033831 -0.150220
v 0.042077 0.033415 -0.150081
v 0.042137 0.033019 -0.149859
v 0.042199 0.032670 -0.149570
v 0.042258 0.032392 -0.149233
v 0.044759 0.036028 -0.150268
v 0.046681 0.035124 -0.148872
v 0.045143 0.035865 -0.150220
v 0.045536 0.035692 -0.150081
v 0.045910 0.035520 -0.149859
v 0.046239 0.035361 -0.149570
v 0.046502 0.035226 -0.149234
v 0.044141 0.035103 -0.150268
v 0.045655 0.033589 -0.148873
v 0.044437 0.034808 -0.150220
v 0.044742 0.034503 -0.150081
v 0.045035 0.034210 -0.149859
v 0.045296 0.033949 -0.149570
v 0.045508 0.033737 -0.149234
v 0.043217 0.034486 -0.150268
v 0.044121 0.032564 -0.148872
v 0.043380 0.034101 -0.150220
v 0.043553 0.033709 -0.150081
v 0.043725 0.033335 -0.149859
v 0.043884 0.033006 -0.149570
v 0.044019 0.032743 -0.149234
v 0.041978 0.044710 -0.150268
v 0.042311 0.046746 -0.148872
v 0.042023 0.045118 -0.150220
v 0.042077 0.045534 -0.150081
v 0.042137 0.045930 -0.149859
v 0.042199 0.046279 -0.149570
v 0.042258 0.046557 -0.149233
v 0.045006 0.041683 -0.150268
v 0.047041 0.042016 -0.148872
v 0.045413 0.041727 -0.150220
v 0.045830 0.041782 -0.150081
v 0.046226 0.041842 -0.149859
v 0.046574 0.041904 -0.149570
v 0.046853 0.041963 -0.149233
v 0.043217 0.044464 -0.150268
v 0.044121 0.046385 -0.148872
v 0.043380 0.044848 -0.150220
v 0.043553 0.045241 -0.150081
v 0.043725 0.045614 -0.149859
v 0.043884 0.045944 -0.149570
v 0.044019 0.046207 -0.149234
v 0.044141 0.043846 -0.150268
v 0.045655 0.045360 -0.148873
v 0.044437 0.044142 -0.150220
v 0.044742 0.044446 -0.150081
v 0.045035 0.044739 -0.149859
v 0.045296 0.045001 -0.149570
v 0.045508 0.045212 -0.149234
v 0.044759 0.042922 -0.150268
v 0.046681 0.043826 -0.148872
v 0.045143 0.043085 -0.150220
v 0.045536 0.043258 -0.150081
v 0.045910 0.043430 -0.149859
v 0.046239 0.043589 -0.149570
v 0.046502 0.043724 -0.149234
v 0.037562 0.034239 -0.150268
v 0.037229 0.032204 -0.148872
v 0.037517 0.033831 -0.150220
v 0.037463 0.033415 -0.150081
v 0.037403 0.033019 -0.149859
v 0.037341 0.032670 -0.149570
v 0.037282 0.032392 -0.149233
v 0.034534 0.037267 -0.150268
v 0.032499 0.036933 -0.148872
v 0.034127 0.037222 -0.150220
v 0.033710 0.037168 -0.150081
v 0.033314 0.037108 -0.149859
v 0.032965 0.037046 -0.149570
v 0.032687 0.036986 -0.149233
v 0.036323 0.034486 -0.150268
v 0.035419 0.032564 -0.148872
v 0.036160 0.034101 -0.150220
v 0.035987 0.033709 -0.150081
v 0.035815 0.033335 -0.149859
v 0.035656 0.033006 -0.149570
v 0.035521 0.032743 -0.149234
v 0.035399 0.035103 -0.150268
v 0.033885 0.033589 -0.148873
v 0.035103 0.034808 -0.150220
v 0.034798 0.034503 -0.150081
v 0.034505 0.034210 -0.149859
v 0.034244 0.033949 -0.149570
v 0.034032 0.033737 -0.149234
v 0.034781 0.036028 -0.150268
v 0.032859 0.035124 -0.148872
v 0.034396 0.035865 -0.150220
v 0.034004 0.035692 -0.150081
v 0.033630 0.035520 -0.149859
v 0.033301 0.035361 -0.149570
v 0.033038 0.035226 -0.149234
v 0.034534 0.041683 -0.150268
v 0.032499 0.042016 -0.148872
v 0.034127 0.041727 -0.150220
v 0.033710 0.041782 -0.150081
v 0.033314 0.041842 -0.149859
v 0.032965 0.041904 -0.149570
v 0.032687 0.041963 -0.149233
v 0.037562 0.044710 -0.150268
v 0.037229 0.046746 -0.148872
v 0.037517 0.045118 -0.150220
v 0.037463 0.045534 -0.150081
v 0.037403 0.045930 -0.149859
v 0.037341 0.046279 -0.149570
v 0.037282 0.046557 -0.149233
v 0.034781 0.042922 -0.150268
v 0.032859 0.043826 -0.148872
v 0.034396 0.043085 -0.150220
v 0.034004 0.043258 -0.150081
v 0.033630 0.043430 -0.149859
v 0.033301 0.043589 -0.149570
v 0.033038 0.043724 -0.149234
v 0.035399 0.043846 -0.150268
v 0.033885 0.045360 -0.148873
v 0.035103 0.044142 -0.150220
v 0.034798 0.044446 -0.150081
v 0.034505 0.044739 -0.149859
v 0.034244 0.045001 -0.149570
v 0.034032 0.045212 -0.149234
v 0.036323 0.044464 -0.150268
v 0.035419 0.046385 -0.148872
v 0.036160 0.044848 -0.150220
v 0.035987 0.045241 -0.150081
v 0.035815 0.045614 -0.149859
v 0.035656 0.045944 -0.149570
v 0.035521 0.046207 -0.149234
v -0.049500 0.029887 -0.149268
v -0.045039 0.024891 -0.149268
v -0.045039 -0.024927 -0.149268
v -0.049500 -0.029921 -0.149268
v -0.049500 -0.029921 -0.139268
v -0.045039 -0.024927 -0.139268
v -0.045039 0.024891 -0.139268
v -0.049500 0.029887 -0.139268
v 0.049500 -0.029921 -0.149268
v 0.045034 -0.024926 -0.149268
v 0.045034 0.024891 -0.149268
v 0.049500 0.029887 -0.149268
v 0.049500 0.029887 -0.139268
v 0.045034 0.024891 -0.139268
v 0.045034 -0.024926 -0.139268
v 0.049500 -0.029921 -0.139268
v 0.029971 0.049350 -0.149268
v 0.024966 0.044896 -0.149268
v -0.024984 0.044896 -0.149268
v -0.029996 0.049350 -0.149268
v -0.029996 0.049350 -0.139268
v -0.024984 0.044896 -0.139268
v 0.024966 0.044896 -0.139268
v 0.029971 0.049350 -0.139268
v -0.029996 -0.049350 -0.149268
v -0.024984 -0.044871 -0.149268
v 0.024966 -0.044871 -0.149268
v 0.029971 -0.049350 -0.149268
v 0.029971 -0.049350 -0.139268
v 0.024966 -0.044871 -0.139268
v -0.024984 -0.044871 -0.139268
v -0.029996 -0.049350 -0.139268
v -0.029996 0.029887 -0.139268
v -0.024984 0.029887 -0.139268
v 0.024966 0.029887 -0.139268
v 0.029971 0.029887 -0.139268
v -0.029996 0.024891 -0.139268
v -0.024984 0.024891 -0.139268
v 0.024966 0.024891 -0.139268
v 0.029971 0.024891 -0.139268
v -0.029996 -0.024927 -0.139268
v -0.024984 -0.024927 -0.139268
v 0.024966 -0.024926 -0.139268
v 0.029971 -0.024926 -0.139268
v -0.029996 -0.029921 -0.139268
v -0.024984 -0.029921 -0.139268
v 0.024966 -0.029921 -0.139268
v 0.029971 -0.029921 -0.139268
v 0.029971 0.029887 -0.149268
v 0.024966 0.029887 -0.149268
v -0.024984 0.029887 -0.149268
v -0.029996 0.029887 -0.149268
v 0.029971 0.024891 -0.149268
v 0.024966 0.024891 -0.149268
v -0.024984 0.024891 -0.149268
v -0.029996 0.024891 -0.149268
v 0.029971 -0.024926 -0.149268
v 0.024966 -0.024926 -0.149268
v -0.024984 -0.024927 -0.149268
v -0.029996 -0.024927 -0.149268
v 0.029971 -0.029921 -0.149268
v 0.024966 -0.029921 -0.149268
v -0.024984 -0.029921 -0.149268
v -0.029996 -0.029921 -0.149268
v -0.041007 -0.049350 -0.149268
v -0.049500 -0.040857 -0.149268
v -0.042897 -0.049137 -0.149268
v -0.044692 -0.048509 -0.149268
v -0.046302 -0.047497 -0.149268
v -0.047647 -0.046152 -0.149268
v -0.048659 -0.044542 -0.149268
v -0.049287 -0.042747 -0.149268
v -0.049500 -0.040857 -0.139268
v -0.041007 -0.049350 -0.139268
v -0.049287 -0.042747 -0.139268
v -0.048659 -0.044542 -0.139268
v -0.047647 -0.046152 -0.139268
v -0.046302 -0.047497 -0.139268
v -0.044692 -0.048509 -0.139268
v -0.042897 -0.049137 -0.139268
v -0.049500 0.040857 -0.149268
v -0.041007 0.049350 -0.149268
v -0.049287 0.042747 -0.149268
v -0.048659 0.044542 -0.149268
v -0.047647 0.046152 -0.149268
v -0.046302 0.047497 -0.149268
v -0.044692 0.048509 -0.149268
v -0.042897 0.049137 -0.149268
v -0.041007 0.049350 -0.139268
v -0.049500 0.040857 -0.139268
v -0.042897 0.049137 -0.139268
v -0.044692 0.048509 -0.139268
v -0.046302 0.047497 -0.139268
v -0.047647 0.046152 -0.139268
v -0.048659 0.044542 -0.139268
v -0.049287 0.042747 -0.139268
v 0.049500 -0.040857 -0.149268
v 0.041007 -0.049350 -0.149268
v 0.049287 -0.042747 -0.149268
v 0.048659 -0.044542 -0.149268
v 0.047647 -0.046152 -0.149268
v 0.046302 -0.047497 -0.149268
v 0.044692 -0.048509 -0.149268
v 0.042897 -0.049137 -0.149268
v 0.041007 -0.049350 -0.139268
v 0.049500 -0.040857 -0.139268
v 0.042897 -0.049137 -0.139268
v 0.044692 -0.048509 -0.139268
v 0.046302 -0.047497 -0.139268
v 0.047647 -0.046152 -0.139268
v 0.048659 -0.044542 -0.139268
v 0.049287 -0.042747 -0.139268
v 0.041007 0.049350 -0.149268
v 0.049500 0.040857 -0.149268
v 0.042897 0.049137 -0.149268
v 0.044692 0.048509 -0.149268
v 0.046302 0.047497 -0.149268
v 0.047647 0.046152 -0.149268
v 0.048659 0.044542 -0.149268
v 0.049287 0.042747 -0.149268
v 0.049500 0.040857 -0.139268
v 0.041007 0.049350 -0.139268
v 0.049287 0.042747 -0.139268
v 0.048659 0.044542 -0.139268
v 0.047647 0.046152 -0.139268
v 0.046302 0.047497 -0.139268
v 0.044692 0.048509 -0.139268
v 0.042897 0.049137 -0.139268
v 0.034766 0.035017 0.004500
v 0.034766 0.035017 0.139500
v 0.034766 0.045017 0.004500
v 0.034766 0.045017 0.139500
v 0.044766 0.035017 0.004500
v 0.044766 0.035017 0.139500
v 0.044766 0.045017 0.004500
v 0.044766 0.045017 0.139500
v -0.044837 0.035017 0.004500
v -0.044837 0.035017 0.139500
v -0.044837 0.045017 0.004500
v -0.044837 0.045017 0.139500
v -0.034837 0.035017 0.004500
v -0.034837 0.035017 0.139500
v -0.034837 0.045017 0.004500
v -0.034837 0.045017 0.139500
v 0.034766 -0.044912 0.004500
v 0.034766 -0.044912 0.139500
v 0.034766 -0.034912 0.004500
v 0.034766 -0.034912 0.139500
v 0.044766 -0.044912 0.004500
v 0.044766 -0.044912 0.139500
v 0.044766 -0.034912 0.004500
v 0.044766 -0.034912 0.139500
v -0.044836 -0.044912 0.004500
v -0.044836 -0.044912 0.139500
v -0.044836 -0.034912 0.004500
v -0.044836 -0.034912 0.139500
v -0.034836 -0.044912 0.004500
v -0.034836 -0.044912 0.139500
v -0.034837 -0.034912 0.004500
v -0.034837 -0.034912 0.139500
v -0.047347 0.048134 0.139172
v 0.047347 0.048134 0.005172
v -0.041037 0.051134 0.005172
v -0.047009 0.048525 0.005172
v -0.046608 0.048910 0.005172
v -0.046152 0.049282 0.005172
v -0.045648 0.049634 0.005172
v -0.045105 0.049960 0.005172
v -0.044533 0.050255 0.005172
v -0.043940 0.050514 0.005172
v -0.043338 0.050732 0.005172
v -0.042737 0.050905 0.005172
v -0.042146 0.051031 0.005172
v -0.041576 0.051108 0.005172
v -0.041037 0.051134 0.139172
v -0.041576 0.051108 0.139172
v -0.042146 0.051031 0.139172
v -0.042737 0.050905 0.139172
v -0.043338 0.050732 0.139172
v -0.043940 0.050514 0.139172
v -0.044533 0.050255 0.139172
v -0.045105 0.049960 0.139172
v -0.045648 0.049634 0.139172
v -0.046152 0.049282 0.139172
v -0.046608 0.048910 0.139172
v -0.047009 0.048525 0.139172
v 0.041037 0.051134 0.005172
v 0.041576 0.051108 0.005172
v 0.042146 0.051031 0.005172
v 0.042737 0.050905 0.005172
v 0.043338 0.050732 0.005172
v 0.043940 0.050514 0.005172
v 0.044533 0.050255 0.005172
v 0.045105 0.049960 0.005172
v 0.045648 0.049634 0.005172
v 0.046152 0.049282 0.005172
v 0.046608 0.048910 0.005172
v 0.047009 0.048525 0.005172
v 0.041037 0.051134 0.139172
v 0.047009 0.048525 0.139172
v 0.046608 0.048910 0.139172
v 0.046152 0.049282 0.139172
v 0.045648 0.049634 0.139172
v 0.045105 0.049960 0.139172
v 0.044533 0.050255 0.139172
v 0.043940 0.050514 0.139172
v 0.043338 0.050732 0.139172
v 0.042737 0.050905 0.139172
v 0.042146 0.051031 0.139172
v 0.041576 0.051108 0.139172
v 0.041037 0.045134 0.005172
v 0.047009 0.047742 0.005172
v 0.046608 0.047357 0.005172
v 0.046152 0.046986 0.005172
v 0.045648 0.046634 0.005172
v 0.045105 0.046307 0.005172
v 0.044533 0.046012 0.005172
v 0.043940 0.045754 0.005172
v 0.043338 0.045536 0.005172
v 0.042737 0.045362 0.005172
v 0.042146 0.045236 0.005172
v 0.041576 0.045159 0.005172
v 0.041037 0.045134 0.139172
v 0.047347 0.048134 0.139172
v 0.041576 0.045159 0.139172
v 0.042146 0.045236 0.139172
v 0.042737 0.045362 0.139172
v 0.043338 0.045536 0.139172
v 0.043940 0.045754 0.139172
v 0.044533 0.046012 0.139172
v 0.045105 0.046307 0.139172
v 0.045648 0.046634 0.139172
v 0.046152 0.046986 0.139172
v 0.046608 0.047357 0.139172
v 0.047009 0.047742 0.139172
v -0.041037 0.045134 0.005172
v -0.047347 0.048134 0.005172
v -0.041576 0.045159 0.005172
v -0.042146 0.045236 0.005172
v -0.042737 0.045362 0.005172
v -0.043338 0.045536 0.005172
v -0.043940 0.045754 0.005172
v -0.044533 0.046012 0.005172
v -0.045105 0.046307 0.005172
v -0.045648 0.046634 0.005172
v -0.046152 0.046986 0.005172
v -0.046608 0.047357 0.005172
v -0.047009 0.047742 0.005172
v -0.041037 0.045134 0.139172
v -0.047009 0.047742 0.139172
v -0.046608 0.047357 0.139172
v -0.046152 0.046986 0.139172
v -0.045648 0.046634 0.139172
v -0.045105 0.046307 0.139172
v -0.044533 0.046012 0.139172
v -0.043940 0.045754 0.139172
v -0.043338 0.045536 0.139172
v -0.042737 0.045362 0.139172
v -0.042146 0.045236 0.139172
v -0.041576 0.045159 0.139172
v -0.037929 0.051134 0.008200
v -0.037929 0.051834 0.008200
v 0.037929 0.051134 0.008200
v 0.037929 0.051834 0.008200
v -0.032619 0.051134 0.048200
v -0.037929 0.051134 0.042985
v -0.033654 0.051134 0.048100
v -0.034651 0.051134 0.047803
v -0.035569 0.051134 0.047321
v -0.036373 0.051134 0.046672
v -0.037034 0.051134 0.045882
v -0.037525 0.051134 0.044980
v -0.037827 0.051134 0.044002
v -0.037929 0.051834 0.042985
v -0.032619 0.051834 0.048200
v -0.037827 0.051834 0.044002
v -0.037525 0.051834 0.044980
v -0.037034 0.051834 0.045882
v -0.036373 0.051834 0.046672
v -0.035569 0.051834 0.047321
v -0.034651 0.051834 0.047803
v -0.033654 0.051834 0.048100
v 0.037929 0.051134 0.042985
v 0.032619 0.051134 0.048200
v 0.037827 0.051134 0.044002
v 0.037525 0.051134 0.044980
v 0.037034 0.051134 0.045882
v 0.036374 0.051134 0.046672
v 0.035569 0.051134 0.047321
v 0.034651 0.051134 0.047803
v 0.033655 0.051134 0.048100
v 0.032619 0.051834 0.048200
v 0.037929 0.051834 0.042985
v 0.033655 0.051834 0.048100
v 0.034651 0.051834 0.047803
v 0.035569 0.051834 0.047321
v 0.036374 0.051834 0.046672
v 0.037034 0.051834 0.045882
v 0.037525 0.051834 0.044980
v 0.037827 0.051834 0.044002
v -0.037929 0.051134 0.052172
v -0.037929 0.051834 0.052172
v 0.037929 0.051134 0.052172
v 0.037929 0.051834 0.052172
v -0.032619 0.051134 0.092172
v -0.037929 0.051134 0.086957
v -0.033654 0.051134 0.092072
v -0.034651 0.051134 0.091775
v -0.035569 0.051134 0.091293
v -0.036373 0.051134 0.090645
v -0.037034 0.051134 0.089854
v -0.037525 0.051134 0.088953
v -0.037827 0.051134 0.087974
v -0.037929 0.051834 0.086957
v -0.032619 0.051834 0.092172
v -0.037827 0.051834 0.087974
v -0.037525 0.051834 0.088953
v -0.037034 0.051834 0.089854
v -0.036373 0.051834 0.090645
v -0.035569 0.051834 0.091293
v -0.034651 0.051834 0.091775
v -0.033654 0.051834 0.092072
v 0.037929 0.051134 0.086957
v 0.032619 0.051134 0.092172
v 0.037827 0.051134 0.087974
v 0.037525 0.051134 0.088953
v 0.037034 0.051134 0.089854
v 0.036374 0.051134 0.090645
v 0.035569 0.051134 0.091293
v 0.034651 0.051134 0.091775
v 0.033655 0.051134 0.092072
v 0.032619 0.051834 0.092172
v 0.037929 0.051834 0.086957
v 0.033655 0.051834 0.092072
v 0.034651 0.051834 0.091775
v 0.035569 0.051834 0.091293
v 0.036374 0.051834 0.090645
v 0.037034 0.051834 0.089854
v 0.037525 0.051834 0.088953
v 0.037827 0.051834 0.087974
v -0.037929 0.051134 0.096165
v -0.037929 0.051834 0.096165
v 0.037929 0.051134 0.096165
v 0.037929 0.051834 0.096165
v -0.032619 0.051134 0.136165
v -0.037929 0.051134 0.130950
v -0.033654 0.051134 0.136065
v -0.034651 0.051134 0.135768
v -0.035569 0.051134 0.135286
v -0.036373 0.051134 0.134638
v -0.037034 0.051134 0.133847
v -0.037525 0.051134 0.132946
v -0.037827 0.051134 0.131967
v -0.037929 0.051834 0.130950
v -0.032619 0.051834 0.136165
v -0.037827 0.051834 0.131967
v -0.037525 0.051834 0.132946
v -0.037034 0.051834 0.133847
v -0.036373 0.051834 0.134638
v -0.035569 0.051834 0.135286
v -0.034651 0.051834 0.135768
v -0.033654 0.051834 0.136065
v 0.037929 0.051134 0.130950
v 0.032619 0.051134 0.136165
v 0.037827 0.051134 0.131967
v 0.037525 0.051134 0.132946
v 0.037034 0.051134 0.133847
v 0.036374 0.051134 0.134638
v 0.035569 0.051134 0.135286
v 0.034651 0.051134 0.135768
v 0.033655 0.051134 0.136065
v 0.032619 0.051834 0.136165
v 0.037929 0.051834 0.130950
v 0.033655 0.051834 0.136065
v 0.034651 0.051834 0.135768
v 0.035569 0.051834 0.135286
v 0.036374 0.051834 0.134638
v 0.037034 0.051834 0.133847
v 0.037525 0.051834 0.132946
v 0.037827 0.051834 0.131967
v 0.047297 -0.048025 0.005172
v 0.040994 -0.051025 0.005172
v 0.046959 -0.048416 0.005172
v 0.046558 -0.048801 0.005172
v 0.046102 -0.049173 0.005172
v 0.045599 -0.049525 0.005172
v 0.045057 -0.049851 0.005172
v 0.044485 -0.050146 0.005172
v 0.043893 -0.050405 0.005172
v 0.043292 -0.050623 0.005172
v 0.042691 -0.050796 0.005172
v 0.042101 -0.050922 0.005172
v 0.041532 -0.050999 0.005172
v 0.040994 -0.051025 0.139172
v 0.041532 -0.050999 0.139172
v 0.042101 -0.050922 0.139172
v 0.042691 -0.050796 0.139172
v 0.043292 -0.050623 0.139172
v 0.043893 -0.050405 0.139172
v 0.044485 -0.050146 0.139172
v 0.045057 -0.049851 0.139172
v 0.045599 -0.049525 0.139172
v 0.046102 -0.049173 0.139172
v 0.046558 -0.048801 0.139172
v 0.046959 -0.048416 0.139172
v -0.040993 -0.051025 0.005172
v -0.047297 -0.048025 0.005172
v -0.041532 -0.050999 0.005172
v -0.042101 -0.050922 0.005172
v -0.042691 -0.050796 0.005172
v -0.043292 -0.050623 0.005172
v -0.043893 -0.050405 0.005172
v -0.044485 -0.050146 0.005172
v -0.045057 -0.049851 0.005172
v -0.045599 -0.049525 0.005172
v -0.046102 -0.049173 0.005172
v -0.046558 -0.048801 0.005172
v -0.046958 -0.048416 0.005172
v -0.040993 -0.051025 0.139172
v -0.046958 -0.048416 0.139172
v -0.046558 -0.048801 0.139172
v -0.046102 -0.049173 0.139172
v -0.045599 -0.049525 0.139172
v -0.045057 -0.049851 0.139172
v -0.044485 -0.050146 0.139172
v -0.043893 -0.050405 0.139172
v -0.043292 -0.050623 0.139172
v -0.042691 -0.050796 0.139172
v -0.042101 -0.050922 0.139172
v -0.041532 -0.050999 0.139172
v 0.047297 -0.048025 0.139172
v -0.040993 -0.045025 0.005172
v -0.046958 -0.047633 0.005172
v -0.046558 -0.047248 0.005172
v -0.046102 -0.046877 0.005172
v -0.045599 -0.046525 0.005172
v -0.045057 -0.046198 0.005172
v -0.044485 -0.045903 0.005172
v -0.043893 -0.045645 0.005172
v -0.043292 -0.045427 0.005172
v -0.042691 -0.045253 0.005172
v -0.042101 -0.045127 0.005172
v -0.041532 -0.045050 0.005172
v -0.040993 -0.045025 0.139172
v -0.047297 -0.048025 0.139172
v -0.041532 -0.045050 0.139172
v -0.042101 -0.045127 0.139172
v -0.042691 -0.045253 0.139172
v -0.043292 -0.045427 0.139172
v -0.043893 -0.045645 0.139172
v -0.044485 -0.045903 0.139172
v -0.045057 -0.046198 0.139172
v -0.045599 -0.046525 0.139172
v -0.046102 -0.046877 0.139172
v -0.046558 -0.047248 0.139172
v -0.046958 -0.047633 0.139172
v 0.040994 -0.045025 0.005172
v 0.041532 -0.045050 0.005172
v 0.042101 -0.045127 0.005172
v 0.042691 -0.045253 0.005172
v 0.043292 -0.045427 0.005172
v 0.043893 -0.045645 0.005172
v 0.044485 -0.045903 0.005172
v 0.045057 -0.046198 0.005172
v 0.045599 -0.046525 0.005172
v 0.046102 -0.046877 0.005172
v 0.046558 -0.047248 0.005172
v 0.046959 -0.047633 0.005172
v 0.040994 -0.045025 0.139172
v 0.046959 -0.047633 0.139172
v 0.046558 -0.047248 0.139172
v 0.046102 -0.046877 0.139172
v 0.045599 -0.046525 0.139172
v 0.045057 -0.046198 0.139172
v 0.044485 -0.045903 0.139172
v 0.043893 -0.045645 0.139172
v 0.043292 -0.045427 0.139172
v 0.042691 -0.045253 0.139172
v 0.042101 -0.045127 0.139172
v 0.041532 -0.045050 0.139172
v 0.037888 -0.051025 0.008200
v 0.037888 -0.051725 0.008200
v -0.037888 -0.051025 0.008200
v -0.037888 -0.051725 0.008200
v 0.032584 -0.051025 0.048200
v 0.037888 -0.051025 0.042985
v 0.033619 -0.051025 0.048100
v 0.034614 -0.051025 0.047803
v 0.035531 -0.051025 0.047321
v 0.036335 -0.051025 0.046672
v 0.036994 -0.051025 0.045882
v 0.037485 -0.051025 0.044980
v 0.037786 -0.051025 0.044002
v 0.037888 -0.051725 0.042985
v 0.032584 -0.051725 0.048200
v 0.037786 -0.051725 0.044002
v 0.037485 -0.051725 0.044980
v 0.036994 -0.051725 0.045882
v 0.036335 -0.051725 0.046672
v 0.035531 -0.051725 0.047321
v 0.034614 -0.051725 0.047803
v 0.033619 -0.051725 0.048100
v -0.037888 -0.051025 0.042985
v -0.032584 -0.051025 0.048200
v -0.037786 -0.051025 0.044002
v -0.037484 -0.051025 0.044980
v -0.036994 -0.051025 0.045882
v -0.036334 -0.051025 0.046672
v -0.035531 -0.051025 0.047321
v -0.034613 -0.051025 0.047803
v -0.033618 -0.051025 0.048100
v -0.032584 -0.051725 0.048200
v -0.037888 -0.051725 0.042985
v -0.033618 -0.051725 0.048100
v -0.034613 -0.051725 0.047803
v -0.035531 -0.051725 0.047321
v -0.036334 -0.051725 0.046672
v -0.036994 -0.051725 0.045882
v -0.037484 -0.051725 0.044980
v -0.037786 -0.051725 0.044002
v 0.037888 -0.051025 0.052172
v 0.037888 -0.051725 0.052172
v -0.037888 -0.051025 0.052172
v -0.037888 -0.051725 0.052172
v 0.032584 -0.051025 0.092172
v 0.037888 -0.051025 0.086957
v 0.033619 -0.051025 0.092072
v 0.034614 -0.051025 0.091775
v 0.035531 -0.051025 0.091293
v 0.036335 -0.051025 0.090645
v 0.036994 -0.051025 0.089854
v 0.037485 -0.051025 0.088953
v 0.037786 -0.051025 0.087974
v 0.037888 -0.051725 0.086957
v 0.032584 -0.051725 0.092172
v 0.037786 -0.051725 0.087974
v 0.037485 -0.051725 0.088953
v 0.036994 -0.051725 0.089854
v 0.036335 -0.051725 0.090645
v 0.035531 -0.051725 0.091293
v 0.034614 -0.051725 0.091775
v 0.033619 -0.051725 0.092072
v -0.037888 -0.051025 0.086957
v -0.032584 -0.051025 0.092172
v -0.037786 -0.051025 0.087974
v -0.037484 -0.051025 0.088953
v -0.036994 -0.051025 0.089854
v -0.036334 -0.051025 0.090645
v -0.035531 -0.051025 0.091293
v -0.034613 -0.051025 0.091775
v -0.033618 -0.051025 0.092072
v -0.032584 -0.051725 0.092172
v -0.037888 -0.051725 0.086957
v -0.033618 -0.051725 0.092072
v -0.034613 -0.051725 0.091775
v -0.035531 -0.051725 0.091293
v -0.036334 -0.051725 0.090645
v -0.036994 -0.051725 0.089854
v -0.037484 -0.051725 0.088953
v -0.037786 -0.051725 0.087974
v 0.037888 -0.051025 0.096165
v 0.037888 -0.051725 0.096165
v -0.037888 -0.051025 0.096165
v -0.037888 -0.051725 0.096165
v 0.032584 -0.051025 0.136165
v 0.037888 -0.051025 0.130950
v 0.033619 -0.051025 0.136065
v 0.034614 -0.051025 0.135768
v 0.035531 -0.051025 0.135286
v 0.036335 -0.051025 0.134638
v 0.036994 -0.051025 0.133847
v 0.037485 -0.051025 0.132946
v 0.037786 -0.051025 0.131967
v 0.037888 -0.051725 0.130950
v 0.032584 -0.051725 0.136165
v 0.037786 -0.051725 0.131967
v 0.037485 -0.051725 0.132946
v 0.036994 -0.051725 0.133847
v 0.036335 -0.051725 0.134638
v 0.035531 -0.051725 0.135286
v 0.034614 -0.051725 0.135768
v 0.033619 -0.051725 0.136065
v -0.037888 -0.051025 0.130950
v -0.032584 -0.051025 0.136165
v -0.037786 -0.051025 0.131967
v -0.037484 -0.051025 0.132946
v -0.036994 -0.051025 0.133847
v -0.036334 -0.051025 0.134638
v -0.035531 -0.051025 0.135286
v -0.034613 -0.051025 0.135768
v -0.033618 -0.051025 0.136065
v -0.032584 -0.051725 0.136165
v -0.037888 -0.051725 0.130950
v -0.033618 -0.051725 0.136065
v -0.034613 -0.051725 0.135768
v -0.035531 -0.051725 0.135286
v -0.036334 -0.051725 0.134638
v -0.036994 -0.051725 0.133847
v -0.037484 -0.051725 0.132946
v -0.037786 -0.051725 0.131967
v -0.048142 0.047359 0.139172
v -0.051142 -0.040893 0.005172
v -0.048533 -0.046855 0.005172
v -0.048918 -0.046455 0.005172
v -0.049290 -0.046000 0.005172
v -0.049642 -0.045497 0.005172
v -0.049968 -0.044955 0.005172
v -0.050263 -0.044383 0.005172
v -0.050522 -0.043792 0.005172
v -0.050740 -0.043190 0.005172
v -0.050913 -0.042590 0.005172
v -0.051039 -0.042000 0.005172
v -0.051116 -0.041431 0.005172
v -0.051142 -0.040893 0.139172
v -0.051116 -0.041431 0.139172
v -0.051039 -0.042000 0.139172
v -0.050913 -0.042590 0.139172
v -0.050740 -0.043190 0.139172
v -0.050522 -0.043792 0.139172
v -0.050263 -0.044383 0.139172
v -0.049968 -0.044955 0.139172
v -0.049642 -0.045497 0.139172
v -0.049290 -0.046000 0.139172
v -0.048918 -0.046455 0.139172
v -0.048533 -0.046855 0.139172
v -0.051142 0.041058 0.005172
v -0.051116 0.041597 0.005172
v -0.051039 0.042166 0.005172
v -0.050913 0.042755 0.005172
v -0.050740 0.043356 0.005172
v -0.050522 0.043957 0.005172
v -0.050263 0.044549 0.005172
v -0.049968 0.045120 0.005172
v -0.049642 0.045662 0.005172
v -0.049290 0.046165 0.005172
v -0.048918 0.046621 0.005172
v -0.048533 0.047021 0.005172
v -0.051142 0.041058 0.139172
v -0.048533 0.047021 0.139172
v -0.048918 0.046621 0.139172
v -0.049290 0.046165 0.139172
v -0.049642 0.045662 0.139172
v -0.049968 0.045120 0.139172
v -0.050263 0.044549 0.139172
v -0.050522 0.043957 0.139172
v -0.050740 0.043356 0.139172
v -0.050913 0.042755 0.139172
v -0.051039 0.042166 0.139172
v -0.051116 0.041597 0.139172
v -0.048142 0.047359 0.005172
v -0.048142 -0.047193 0.005172
v -0.048142 -0.047193 0.139172
v -0.045142 0.041058 0.005172
v -0.047750 0.047021 0.005172
v -0.047365 0.046621 0.005172
v -0.046994 0.046165 0.005172
v -0.046642 0.045662 0.005172
v -0.046315 0.045120 0.005172
v -0.046020 0.044549 0.005172
v -0.045762 0.043957 0.005172
v -0.045544 0.043356 0.005172
v -0.045370 0.042755 0.005172
v -0.045244 0.042166 0.005172
v -0.045167 0.041597 0.005172
v -0.045142 0.041058 0.139172
v -0.045167 0.041597 0.139172
v -0.045244 0.042166 0.139172
v -0.045370 0.042755 0.139172
v -0.045544 0.043356 0.139172
v -0.045762 0.043957 0.139172
v -0.046020 0.044549 0.139172
v -0.046315 0.045120 0.139172
v -0.046642 0.045662 0.139172
v -0.046994 0.046165 0.139172
v -0.047365 0.046621 0.139172
v -0.047750 0.047021 0.139172
v -0.045142 -0.040893 0.005172
v -0.045167 -0.041431 0.005172
v -0.045244 -0.042000 0.005172
v -0.045370 -0.042590 0.005172
v -0.045544 -0.043190 0.005172
v -0.045762 -0.043792 0.005172
v -0.046020 -0.044383 0.005172
v -0.046315 -0.044955 0.005172
v -0.046642 -0.045497 0.005172
v -0.046994 -0.046000 0.005172
v -0.047365 -0.046455 0.005172
v -0.047750 -0.046855 0.005172
v -0.045142 -0.040893 0.139172
v -0.047750 -0.046855 0.139172
v -0.047365 -0.046455 0.139172
v -0.046994 -0.046000 0.139172
v -0.046642 -0.045497 0.139172
v -0.046315 -0.044955 0.139172
v -0.046020 -0.044383 0.139172
v -0.045762 -0.043792 0.139172
v -0.045544 -0.043190 0.139172
v -0.045370 -0.042590 0.139172
v -0.045244 -0.042000 0.139172
v -0.045167 -0.041431 0.139172
v -0.051142 -0.037789 0.008200
v -0.051842 -0.037789 0.008200
v -0.051142 0.037955 0.008200
v -0.051842 0.037955 0.008200
v -0.051142 -0.032487 0.048200
v -0.051142 -0.037789 0.042985
v -0.051142 -0.033521 0.048100
v -0.051142 -0.034516 0.047803
v -0.051142 -0.035433 0.047321
v -0.051142 -0.036236 0.046672
v -0.051142 -0.036895 0.045882
v -0.051142 -0.037385 0.044980
v -0.051142 -0.037687 0.044002
v -0.051842 -0.037789 0.042985
v -0.051842 -0.032487 0.048200
v -0.051842 -0.037687 0.044002
v -0.051842 -0.037385 0.044980
v -0.051842 -0.036895 0.045882
v -0.051842 -0.036236 0.046672
v -0.051842 -0.035433 0.047321
v -0.051842 -0.034516 0.047803
v -0.051842 -0.033521 0.048100
v -0.051142 0.037955 0.042985
v -0.051142 0.032652 0.048200
v -0.051142 0.037853 0.044002
v -0.051142 0.037551 0.044980
v -0.051142 0.037061 0.045882
v -0.051142 0.036402 0.046672
v -0.051142 0.035598 0.047321
v -0.051142 0.034681 0.047803
v -0.051142 0.033687 0.048100
v -0.051842 0.032652 0.048200
v -0.051842 0.037955 0.042985
v -0.051842 0.033687 0.048100
v -0.051842 0.034681 0.047803
v -0.051842 0.035598 0.047321
v -0.051842 0.036402 0.046672
v -0.051842 0.037061 0.045882
v -0.051842 0.037551 0.044980
v -0.051842 0.037853 0.044002
v -0.051142 -0.037789 0.052172
v -0.051842 -0.037789 0.052172
v -0.051142 0.037955 0.052172
v -0.051842 0.037955 0.052172
v -0.051142 -0.032487 0.092172
v -0.051142 -0.037789 0.086957
v -0.051142 -0.033521 0.092072
v -0.051142 -0.034516 0.091775
v -0.051142 -0.035433 0.091293
v -0.051142 -0.036236 0.090645
v -0.051142 -0.036895 0.089854
v -0.051142 -0.037385 0.088953
v -0.051142 -0.037687 0.087974
v -0.051842 -0.037789 0.086957
v -0.051842 -0.032487 0.092172
v -0.051842 -0.037687 0.087974
v -0.051842 -0.037385 0.088953
v -0.051842 -0.036895 0.089854
v -0.051842 -0.036236 0.090645
v -0.051842 -0.035433 0.091293
v -0.051842 -0.034516 0.091775
v -0.051842 -0.033521 0.092072
v -0.051142 0.037955 0.086957
v -0.051142 0.032652 0.092172
v -0.051142 0.037853 0.087974
v -0.051142 0.037551 0.088953
v -0.051142 0.037061 0.089854
v -0.051142 0.036402 0.090645
v -0.051142 0.035598 0.091293
v -0.051142 0.034681 0.091775
v -0.051142 0.033687 0.092072
v -0.051842 0.032652 0.092172
v -0.051842 0.037955 0.086957
v -0.051842 0.033687 0.092072
v -0.051842 0.034681 0.091775
v -0.051842 0.035598 0.091293
v -0.051842 0.036402 0.090645
v -0.051842 0.037061 0.089854
v -0.051842 0.037551 0.088953
v -0.051842 0.037853 0.087974
v -0.051142 -0.037789 0.096165
v -0.051842 -0.037789 0.096165
v -0.051142 0.037955 0.096165
v -0.051842 0.037955 0.096165
v -0.051142 -0.032487 0.136165
v -0.051142 -0.037789 0.130950
v -0.051142 -0.033521 0.136065
v -0.051142 -0.034516 0.135768
v -0.051142 -0.035433 0.135286
v -0.051142 -0.036236 0.134638
v -0.051142 -0.036895 0.133847
v -0.051142 -0.037385 0.132946
v -0.051142 -0.037687 0.131967
v -0.051842 -0.037789 0.130950
v -0.051842 -0.032487 0.136165
v -0.051842 -0.037687 0.131967
v -0.051842 -0.037385 0.132946
v -0.051842 -0.036895 0.133847
v -0.051842 -0.036236 0.134638
v -0.051842 -0.035433 0.135286
v -0.051842 -0.034516 0.135768
v -0.051842 -0.033521 0.136065
v -0.051142 0.037955 0.130950
v -0.051142 0.032652 0.136165
v -0.051142 0.037853 0.131967
v -0.051142 0.037551 0.132946
v -0.051142 0.037061 0.133847
v -0.051142 0.036402 0.134638
v -0.051142 0.035598 0.135286
v -0.051142 0.034681 0.135768
v -0.051142 0.033687 0.136065
v -0.051842 0.032652 0.136165
v -0.051842 0.037955 0.130950
v -0.051842 0.033687 0.136065
v -0.051842 0.034681 0.135768
v -0.051842 0.035598 0.135286
v -0.051842 0.036402 0.134638
v -0.051842 0.037061 0.133847
v -0.051842 0.037551 0.132946
v -0.051842 0.037853 0.131967
v 0.048120 0.047372 0.005172
v 0.048120 0.047372 0.139172
v 0.048120 -0.047207 0.005172
v 0.051120 0.041070 0.005172
v 0.048511 0.047034 0.005172
v 0.048896 0.046634 0.005172
v 0.049268 0.046178 0.005172
v 0.049620 0.045675 0.005172
v 0.049946 0.045133 0.005172
v 0.050241 0.044561 0.005172
v 0.050500 0.043969 0.005172
v 0.050718 0.043368 0.005172
v 0.050891 0.042767 0.005172
v 0.051018 0.042177 0.005172
v 0.051094 0.041608 0.005172
v 0.051120 0.041070 0.139172
v 0.051094 0.041608 0.139172
v 0.051018 0.042177 0.139172
v 0.050891 0.042767 0.139172
v 0.050718 0.043368 0.139172
v 0.050500 0.043969 0.139172
v 0.050241 0.044561 0.139172
v 0.049946 0.045133 0.139172
v 0.049620 0.045675 0.139172
v 0.049268 0.046178 0.139172
v 0.048896 0.046634 0.139172
v 0.048511 0.047034 0.139172
v 0.051120 -0.040904 0.005172
v 0.051094 -0.041443 0.005172
v 0.051018 -0.042012 0.005172
v 0.050891 -0.042602 0.005172
v 0.050718 -0.043202 0.005172
v 0.050500 -0.043804 0.005172
v 0.050241 -0.044395 0.005172
v 0.049946 -0.044967 0.005172
v 0.049620 -0.045509 0.005172
v 0.049268 -0.046012 0.005172
v 0.048896 -0.046468 0.005172
v 0.048511 -0.046868 0.005172
v 0.048120 -0.047207 0.139172
v 0.051120 -0.040904 0.139172
v 0.048511 -0.046868 0.139172
v 0.048896 -0.046468 0.139172
v 0.049268 -0.046012 0.139172
v 0.049620 -0.045509 0.139172
v 0.049946 -0.044967 0.139172
v 0.050241 -0.044395 0.139172
v 0.050500 -0.043804 0.139172
v 0.050718 -0.043202 0.139172
v 0.050891 -0.042602 0.139172
v 0.051018 -0.042012 0.139172
v 0.051094 -0.041443 0.139172
v 0.045120 -0.040904 0.005172
v 0.047728 -0.046868 0.005172
v 0.047343 -0.046468 0.005172
v 0.046972 -0.046012 0.005172
v 0.046620 -0.045509 0.005172
v 0.046294 -0.044967 0.005172
v 0.045999 -0.044395 0.005172
v 0.045740 -0.043804 0.005172
v 0.045522 -0.043202 0.005172
v 0.045348 -0.042602 0.005172
v 0.045222 -0.042012 0.005172
v 0.045146 -0.041443 0.005172
v 0.045120 -0.040904 0.139172
v 0.045146 -0.041443 0.139172
v 0.045222 -0.042012 0.139172
v 0.045348 -0.042602 0.139172
v 0.045522 -0.043202 0.139172
v 0.045740 -0.043804 0.139172
v 0.045999 -0.044395 0.139172
v 0.046294 -0.044967 0.139172
v 0.046620 -0.045509 0.139172
v 0.046972 -0.046012 0.139172
v 0.047343 -0.046468 0.139172
v 0.047728 -0.046868 0.139172
v 0.045120 0.041070 0.005172
v 0.045145 0.041608 0.005172
v 0.045222 0.042177 0.005172
v 0.045348 0.042767 0.005172
v 0.045522 0.043368 0.005172
v 0.045740 0.043969 0.005172
v 0.045998 0.044561 0.005172
v 0.046294 0.045133 0.005172
v 0.046620 0.045675 0.005172
v 0.046972 0.046178 0.005172
v 0.047343 0.046634 0.005172
v 0.047728 0.047034 0.005172
v 0.045120 0.041070 0.139172
v 0.047728 0.047034 0.139172
v 0.047343 0.046634 0.139172
v 0.046972 0.046178 0.139172
v 0.046620 0.045675 0.139172
v 0.046294 0.045133 0.139172
v 0.045998 0.044561 0.139172
v 0.045740 0.043969 0.139172
v 0.045522 0.043368 0.139172
v 0.045348 0.042767 0.139172
v 0.045222 0.042177 0.139172
v 0.045145 0.041608 0.139172
v 0.051120 0.037965 0.008200
v 0.051820 0.037965 0.008200
v 0.051120 -0.037800 0.008200
v 0.051820 -0.037800 0.008200
v 0.051120 0.032662 0.048200
v 0.051120 0.037965 0.042985
v 0.051120 0.033696 0.048100
v 0.051120 0.034691 0.047803
v 0.051120 0.035608 0.047321
v 0.051120 0.036412 0.046672
v 0.051120 0.037071 0.045882
v 0.051120 0.037562 0.044980
v 0.051120 0.037863 0.044002
v 0.051820 0.037965 0.042985
v 0.051820 0.032662 0.048200
v 0.051820 0.037863 0.044002
v 0.051820 0.037562 0.044980
v 0.051820 0.037071 0.045882
v 0.051820 0.036412 0.046672
v 0.051820 0.035608 0.047321
v 0.051820 0.034691 0.047803
v 0.051820 0.033696 0.048100
v 0.051120 -0.037800 0.042985
v 0.051120 -0.032496 0.048200
v 0.051120 -0.037698 0.044002
v 0.051120 -0.037396 0.044980
v 0.051120 -0.036906 0.045882
v 0.051120 -0.036246 0.046672
v 0.051120 -0.035442 0.047321
v 0.051120 -0.034526 0.047803
v 0.051120 -0.033531 0.048100
v 0.051820 -0.032496 0.048200
v 0.051820 -0.037800 0.042985
v 0.051820 -0.033531 0.048100
v 0.051820 -0.034526 0.047803
v 0.051820 -0.035442 0.047321
v 0.051820 -0.036246 0.046672
v 0.051820 -0.036906 0.045882
v 0.051820 -0.037396 0.044980
v 0.051820 -0.037698 0.044002
v 0.051120 0.037965 0.052172
v 0.051820 0.037965 0.052172
v 0.051120 -0.037800 0.052172
v 0.051820 -0.037800 0.052172
v 0.051120 0.032662 0.092172
v 0.051120 0.037965 0.086957
v 0.051120 0.033696 0.092072
v 0.051120 0.034691 0.091775
v 0.051120 0.035608 0.091293
v 0.051120 0.036412 0.090645
v 0.051120 0.037071 0.089854
v 0.051120 0.037562 0.088953
v 0.051120 0.037863 0.087974
v 0.051820 0.037965 0.086957
v 0.051820 0.032662 0.092172
v 0.051820 0.037863 0.087974
v 0.051820 0.037562 0.088953
v 0.051820 0.037071 0.089854
v 0.051820 0.036412 0.090645
v 0.051820 0.035608 0.091293
v 0.051820 0.034691 0.091775
v 0.051820 0.033696 0.092072
v 0.051120 -0.037800 0.086957
v 0.051120 -0.032496 0.092172
v 0.051120 -0.037698 0.087974
v 0.051120 -0.037396 0.088953
v 0.051120 -0.036906 0.089854
v 0.051120 -0.036246 0.090645
v 0.051120 -0.035442 0.091293
v 0.051120 -0.034526 0.091775
v 0.051120 -0.033531 0.092072
v 0.051820 -0.032496 0.092172
v 0.051820 -0.037800 0.086957
v 0.051820 -0.033531 0.092072
v 0.051820 -0.034526 0.091775
v 0.051820 -0.035442 0.091293
v 0.051820 -0.036246 0.090645
v 0.051820 -0.036906 0.089854
v 0.051820 -0.037396 0.088953
v 0.051820 -0.037698 0.087974
v 0.051120 0.037965 0.096165
v 0.051820 0.037965 0.096165
v 0.051120 -0.037800 0.096165
v 0.051820 -0.037800 0.096165
v 0.051120 0.032662 0.136165
v 0.051120 0.037965 0.130950
v 0.051120 0.033696 0.136065
v 0.051120 0.034691 0.135768
v 0.051120 0.035608 0.135286
v 0.051120 0.036412 0.134638
v 0.051120 0.037071 0.133847
v 0.051120 0.037562 0.132946
v 0.051120 0.037863 0.131967
v 0.051820 0.037965 0.130950
v 0.051820 0.032662 0.136165
v 0.051820 0.037863 0.131967
v 0.051820 0.037562 0.132946
v 0.051820 0.037071 0.133847
v 0.051820 0.036412 0.134638
v 0.051820 0.035608 0.135286
v 0.051820 0.034691 0.135768
v 0.051820 0.033696 0.136065
v 0.051120 -0.037800 0.130950
v 0.051120 -0.032496 0.136165
v 0.051120 -0.037698 0.131967
v 0.051120 -0.037396 0.132946
v 0.051120 -0.036906 0.133847
v 0.051120 -0.036246 0.134638
v 0.051120 -0.035442 0.135286
v 0.051120 -0.034526 0.135768
v 0.051120 -0.033531 0.136065
v 0.051820 -0.032496 0.136165
v 0.051820 -0.037800 0.130950
v 0.051820 -0.033531 0.136065
v 0.051820 -0.034526 0.135768
v 0.051820 -0.035442 0.135286
v 0.051820 -0.036246 0.134638
v 0.051820 -0.036906 0.133847
v 0.051820 -0.037396 0.132946
v 0.051820 -0.037698 0.131967
v -0.000000 0.022500 0.184504
v -0.000000 0.022500 0.187004
v 0.004390 0.022068 0.184504
v 0.004390 0.022068 0.187004
v 0.008610 0.020787 0.184504
v 0.008610 0.020787 0.187004
v 0.012500 0.018708 0.184504
v 0.012500 0.018708 0.187004
v 0.015910 0.015910 0.184504
v 0.015910 0.015910 0.187004
v 0.018708 0.012500 0.184504
v 0.018708 0.012500 0.187004
v 0.020787 0.008610 0.184504
v 0.020787 0.008610 0.187004
v 0.022068 0.004390 0.184504
v 0.022068 0.004390 0.187004
v 0.022500 0.000000 0.184504
v 0.022500 0.000000 0.187004
v 0.022068 -0.004390 0.184504
v 0.022068 -0.004390 0.187004
v 0.020787 -0.008610 0.184504
v 0.020787 -0.008610 0.187004
v 0.018708 -0.012500 0.184504
v 0.018708 -0.012500 0.187004
v 0.015910 -0.015910 0.184504
v 0.015910 -0.015910 0.187004
v 0.012500 -0.018708 0.184504
v 0.012500 -0.018708 0.187004
v 0.008610 -0.020787 0.184504
v 0.008610 -0.020787 0.187004
v 0.004390 -0.022068 0.184504
v 0.004390 -0.022068 0.187004
v 0.000000 -0.022500 0.184504
v 0.000000 -0.022500 0.187004
v -0.004390 -0.022068 0.184504
v -0.004390 -0.022068 0.187004
v -0.008610 -0.020787 0.184504
v -0.008610 -0.020787 0.187004
v -0.012500 -0.018708 0.184504
v -0.012500 -0.018708 0.187004
v -0.015910 -0.015910 0.184504
v -0.015910 -0.015910 0.187004
v -0.018708 -0.012500 0.184504
v -0.018708 -0.012500 0.187004
v -0.020787 -0.008610 0.184504
v -0.020787 -0.008610 0.187004
v -0.022068 -0.004390 0.184504
v -0.022068 -0.004390 0.187004
v -0.022500 -0.000000 0.184504
v -0.022500 -0.000000 0.187004
v -0.022068 0.004390 0.184504
v -0.022068 0.004390 0.187004
v -0.020787 0.008610 0.184504
v -0.020787 0.008610 0.187004
v -0.018708 0.012500 0.184504
v -0.018708 0.012500 0.187004
v -0.015910 0.015910 0.184504
v -0.015910 0.015910 0.187004
v -0.012500 0.018708 0.184504
v -0.012500 0.018708 0.187004
v -0.008610 0.020787 0.184504
v -0.008610 0.020787 0.187004
v -0.004390 0.022068 0.184504
v -0.004390 0.022068 0.187004
v -0.000000 0.018500 0.149500
v -0.000306 0.017497 0.149500
v -0.000000 0.018500 0.184500
v -0.000306 0.017497 0.184500
v 0.002071 0.018384 0.149500
v 0.002071 0.018384 0.184500
v 0.002003 0.017428 0.184500
v 0.004117 0.018036 0.149500
v 0.004286 0.017139 0.149500
v 0.004117 0.018036 0.184500
v 0.004286 0.017139 0.184500
v 0.006110 0.017462 0.149500
v 0.006515 0.016634 0.149500
v 0.006110 0.017462 0.184500
v 0.006515 0.016634 0.184500
v 0.008662 0.015921 0.149500
v 0.008027 0.016668 0.149500
v 0.008662 0.015921 0.184500
v 0.008027 0.016668 0.184500
v 0.009843 0.015664 0.149500
v 0.010700 0.015007 0.149500
v 0.010700 0.015007 0.184500
v 0.009843 0.015664 0.184500
v 0.011535 -0.014464 0.149500
v 0.011535 -0.014464 0.184500
v 0.009843 -0.015664 0.149500
v 0.011218 -0.014624 0.149500
v 0.009843 -0.015664 0.184500
v 0.011218 -0.014624 0.184500
v 0.008027 -0.016668 0.149500
v 0.009213 -0.015608 0.149500
v 0.008027 -0.016668 0.184500
v 0.009213 -0.015608 0.184500
v 0.006110 -0.017462 0.149500
v 0.007092 -0.016397 0.149500
v 0.006110 -0.017462 0.184500
v 0.007092 -0.016397 0.184500
v 0.004117 -0.018036 0.149500
v 0.004882 -0.016979 0.149500
v 0.004882 -0.016979 0.184500
v 0.004117 -0.018036 0.184500
v 0.002610 -0.017347 0.149500
v 0.002071 -0.018384 0.149500
v 0.002610 -0.017347 0.184500
v 0.002071 -0.018384 0.184500
v 0.000000 -0.018500 0.149500
v 0.000306 -0.017497 0.149500
v 0.000000 -0.018500 0.184500
v 0.000306 -0.017497 0.184500
v -0.002071 -0.018384 0.149500
v -0.002003 -0.017428 0.184500
v -0.002071 -0.018384 0.184500
v -0.004286 -0.017139 0.149500
v -0.004117 -0.018036 0.149500
v -0.004286 -0.017139 0.184500
v -0.004117 -0.018036 0.184500
v -0.006515 -0.016634 0.149500
v -0.006110 -0.017462 0.149500
v -0.006515 -0.016634 0.184500
v -0.006110 -0.017462 0.184500
v -0.008662 -0.015921 0.149500
v -0.008027 -0.016668 0.149500
v -0.008027 -0.016668 0.184500
v -0.008662 -0.015921 0.184500
v -0.009843 -0.015664 0.149500
v -0.010700 -0.015007 0.149500
v -0.009843 -0.015664 0.184500
v -0.010700 -0.015007 0.184500
v -0.011535 0.014464 0.149500
v -0.011535 0.014464 0.184500
v -0.009843 0.015664 0.149500
v -0.011218 0.014624 0.149500
v -0.009843 0.015664 0.184500
v -0.011218 0.014624 0.184500
v -0.009213 0.015608 0.149500
v -0.008027 0.016668 0.149500
v -0.009213 0.015608 0.184500
v -0.008027 0.016668 0.184500
v -0.007092 0.016397 0.149500
v -0.006110 0.017462 0.149500
v -0.007092 0.016397 0.184500
v -0.006110 0.017462 0.184500
v -0.004117 0.018036 0.149500
v -0.004882 0.016979 0.149500
v -0.004882 0.016979 0.184500
v -0.004117 0.018036 0.184500
v -0.002071 0.018384 0.149500
v -0.002610 0.017347 0.149500
v -0.002610 0.017347 0.184500
v -0.002071 0.018384 0.184500
v -0.000000 0.017500 0.149500
v -0.000000 0.017500 0.184500
v 0.000000 -0.017500 0.149500
v 0.000000 -0.017500 0.184500
v -0.001959 0.017390 0.184500
v 0.011075 0.014790 0.184500
v 0.011075 0.014790 0.149500
v 0.011678 -0.014336 0.184500
v 0.011678 -0.014336 0.149500
v -0.011075 -0.014790 0.184500
v -0.011075 -0.014790 0.149500
v -0.011678 0.014336 0.184500
v -0.011678 0.014336 0.149500
v 0.000459 0.017474 0.149500
v 0.000459 0.017474 0.184500
v 0.000138 -0.017492 0.149500
v 0.001904 -0.017393 0.149500
v 0.000138 -0.017492 0.184500
v 0.001904 -0.017393 0.184500
v -0.000459 -0.017474 0.149500
v -0.000459 -0.017474 0.184500
v -0.001964 0.017389 0.149500
v -0.000138 0.017492 0.149500
v -0.000138 0.017492 0.184500
v 0.001964 0.017429 0.149500
v 0.003922 0.017185 0.184500
v 0.003922 0.017185 0.149500
v 0.005872 0.016780 0.184500
v 0.005872 0.016780 0.149500
v 0.007804 0.016206 0.184500
v 0.007804 0.016206 0.149500
v 0.009709 0.015451 0.184500
v 0.009709 0.015451 0.149500
v 0.009667 -0.015385 0.184500
v 0.009667 -0.015385 0.149500
v 0.007774 -0.016143 0.184500
v 0.007774 -0.016143 0.149500
v 0.005852 -0.016723 0.184500
v 0.005852 -0.016723 0.149500
v 0.003911 -0.017136 0.184500
v 0.003911 -0.017136 0.149500
v -0.001964 -0.017429 0.149500
v -0.003922 -0.017185 0.184500
v -0.003922 -0.017185 0.149500
v -0.005872 -0.016780 0.184500
v -0.005872 -0.016780 0.149500
v -0.007804 -0.016206 0.184500
v -0.007804 -0.016206 0.149500
v -0.009709 -0.015451 0.184500
v -0.009709 -0.015451 0.149500
v -0.009667 0.015385 0.184500
v -0.009667 0.015385 0.149500
v -0.007774 0.016143 0.184500
v -0.007774 0.016143 0.149500
v -0.005852 0.016723 0.184500
v -0.005852 0.016723 0.149500
v -0.003911 0.017136 0.184500
v -0.003911 0.017136 0.149500
v -0.049500 0.009989 0.139504
v -0.049500 -0.009989 0.139504
v -0.049500 -0.009989 0.149504
v -0.049500 0.009989 0.149504
v 0.049500 -0.009989 0.139504
v 0.049500 0.009989 0.139504
v 0.049500 0.009989 0.149504
v 0.049500 -0.009989 0.149504
v 0.028009 0.049350 0.139504
v -0.031100 0.049350 0.139504
v -0.031100 0.049350 0.149504
v 0.028009 0.049350 0.149504
v -0.031100 -0.049350 0.139504
v 0.028009 -0.049350 0.139504
v 0.028009 -0.049350 0.149504
v -0.031100 -0.049350 0.149504
v -0.031100 0.009989 0.149504
v 0.028009 0.009989 0.149504
v -0.031100 -0.009989 0.149504
v 0.028009 -0.009989 0.149504
v 0.028009 0.009989 0.139504
v -0.031100 0.009989 0.139504
v 0.028009 -0.009989 0.139504
v -0.031100 -0.009989 0.139504
v -0.049500 -0.024023 0.139504
v 0.049500 -0.024023 0.149504
v -0.049500 -0.024023 0.149504
v 0.049500 -0.024023 0.139504
v 0.028009 -0.024023 0.149504
v -0.031100 -0.024023 0.149504
v -0.031100 -0.024023 0.139504
v 0.028009 -0.024023 0.139504
v -0.049500 0.024001 0.149504
v 0.049500 0.024001 0.139504
v -0.049500 0.024001 0.139504
v 0.049500 0.024001 0.149504
v -0.031100 0.024001 0.139504
v 0.028009 0.024001 0.139504
v 0.028009 0.024001 0.149504
v -0.031100 0.024001 0.149504
v 0.049500 0.024001 0.154484
v 0.049500 0.009989 0.154484
v 0.049500 -0.009989 0.154484
v 0.028009 0.009989 0.154484
v 0.028009 -0.009989 0.154484
v 0.028009 0.024001 0.154484
v 0.049500 -0.024023 0.154484
v 0.028009 -0.024023 0.154484
v 0.028009 0.014384 0.139504
v 0.028009 0.014384 0.149504
v -0.031100 0.014384 0.149504
v -0.031100 0.014384 0.139504
v -0.031100 -0.014446 0.149504
v 0.028009 -0.014446 0.149504
v 0.028009 -0.014446 0.139504
v -0.031100 -0.014446 0.139504
v -0.044694 -0.049350 0.139504
v -0.049500 -0.044545 0.139504
v -0.045529 -0.049277 0.139504
v -0.046338 -0.049060 0.139504
v -0.047097 -0.048706 0.139504
v -0.047783 -0.048226 0.139504
v -0.048376 -0.047633 0.139504
v -0.048856 -0.046947 0.139504
v -0.049210 -0.046188 0.139504
v -0.049427 -0.045379 0.139504
v -0.049500 -0.044545 0.149504
v -0.044694 -0.049350 0.149504
v -0.049427 -0.045379 0.149504
v -0.049210 -0.046188 0.149504
v -0.048856 -0.046947 0.149504
v -0.048376 -0.047633 0.149504
v -0.047783 -0.048226 0.149504
v -0.047097 -0.048706 0.149504
v -0.046338 -0.049060 0.149504
v -0.045529 -0.049277 0.149504
v -0.049500 0.044544 0.139504
v -0.044695 0.049350 0.139504
v -0.049427 0.045379 0.139504
v -0.049210 0.046188 0.139504
v -0.048856 0.046947 0.139504
v -0.048376 0.047633 0.139504
v -0.047783 0.048226 0.139504
v -0.047097 0.048706 0.139504
v -0.046338 0.049060 0.139504
v -0.045529 0.049277 0.139504
v -0.044695 0.049350 0.149504
v -0.049500 0.044544 0.149504
v -0.045529 0.049277 0.149504
v -0.046338 0.049060 0.149504
v -0.047097 0.048706 0.149504
v -0.047783 0.048226 0.149504
v -0.048376 0.047633 0.149504
v -0.048856 0.046947 0.149504
v -0.049210 0.046188 0.149504
v -0.049427 0.045379 0.149504
v 0.049500 -0.044544 0.139504
v 0.044695 -0.049350 0.139504
v 0.049427 -0.045379 0.139504
v 0.049210 -0.046188 0.139504
v 0.048856 -0.046947 0.139504
v 0.048376 -0.047633 0.139504
v 0.047783 -0.048226 0.139504
v 0.047097 -0.048706 0.139504
v 0.046338 -0.049060 0.139504
v 0.045529 -0.049277 0.139504
v 0.044695 -0.049350 0.149504
v 0.049500 -0.044544 0.149504
v 0.045529 -0.049277 0.149504
v 0.046338 -0.049060 0.149504
v 0.047097 -0.048706 0.149504
v 0.047783 -0.048226 0.149504
v 0.048376 -0.047633 0.149504
v 0.048856 -0.046947 0.149504
v 0.049210 -0.046188 0.149504
v 0.049427 -0.045379 0.149504
v 0.044694 0.049350 0.139504
v 0.049500 0.044545 0.139504
v 0.045529 0.049277 0.139504
v 0.046338 0.049060 0.139504
v 0.047097 0.048706 0.139504
v 0.047783 0.048226 0.139504
v 0.048376 0.047633 0.139504
v 0.048856 0.046947 0.139504
v 0.049210 0.046188 0.139504
v 0.049427 0.045379 0.139504
v 0.049500 0.044545 0.149504
v 0.044694 0.049350 0.149504
v 0.049427 0.045379 0.149504
v 0.049210 0.046188 0.149504
v 0.048856 0.046947 0.149504
v 0.048376 0.047633 0.149504
v 0.047783 0.048226 0.149504
v 0.047097 0.048706 0.149504
v 0.046338 0.049060 0.149504
v 0.045529 0.049277 0.149504
vn -0.0000 -0.0000 1.0000
vn 1.0000 -0.0000 -0.0000
vn -0.0000 1.0000 -0.0000
vn -0.0000 -1.0000 -0.0000
vn -0.0000 -0.0000 -1.0000
vn 0.7455 -0.6665 -0.0000
vn 0.7454 0.6666 -0.0000
vn -0.7458 0.6662 -0.0000
vn -1.0000 -0.0000 -0.0000
vn -0.7459 -0.6661 -0.0000
vn -0.6668 -0.7452 -0.0000
vn 0.6663 -0.7457 -0.0000
vn 0.6642 0.7476 -0.0000
vn -0.6647 0.7471 -0.0000
vn -0.1120 -0.9937 -0.0000
vn -0.3303 -0.9439 -0.0000
vn -0.5320 -0.8467 -0.0000
vn -0.7071 -0.7071 -0.0000
vn -0.8467 -0.5320 -0.0000
vn -0.9439 -0.3303 -0.0000
vn -0.9937 -0.1120 -0.0000
vn -0.1120 0.9937 -0.0000
vn -0.3303 0.9439 -0.0000
vn -0.5320 0.8467 -0.0000
vn -0.7071 0.7071 -0.0000
vn -0.8467 0.5320 -0.0000
vn -0.9439 0.3303 -0.0000
vn -0.9937 0.1120 -0.0000
vn 0.9937 0.1120 -0.0000
vn 0.9439 0.3303 -0.0000
vn 0.8467 0.5320 -0.0000
vn 0.7071 0.7071 -0.0000
vn 0.5320 0.8467 -0.0000
vn 0.3303 0.9439 -0.0000
vn 0.1120 0.9937 -0.0000
vn 0.1120 -0.9937 -0.0000
vn 0.3303 -0.9439 -0.0000
vn 0.5320 -0.8467 -0.0000
vn 0.7071 -0.7071 -0.0000
vn 0.8467 -0.5320 -0.0000
vn 0.9439 -0.3303 -0.0000
vn 0.9937 -0.1120 -0.0000
vn -0.0484 0.9988 -0.0000
vn -0.1356 0.9908 -0.0000
vn -0.2125 0.9772 -0.0000
vn -0.2819 0.9594 -0.0000
vn -0.3459 0.9383 -0.0000
vn -0.4064 0.9137 -0.0000
vn -0.4647 0.8855 -0.0000
vn -0.5221 0.8529 -0.0000
vn -0.5796 0.8149 -0.0000
vn -0.6384 0.7697 -0.0000
vn -0.6991 0.7151 -0.0000
vn -0.7622 0.6473 -0.0000
vn 0.7622 0.6473 -0.0000
vn 0.6991 0.7150 -0.0000
vn 0.6384 0.7697 -0.0000
vn 0.5796 0.8149 -0.0000
vn 0.5221 0.8529 -0.0000
vn 0.4647 0.8855 -0.0000
vn 0.4064 0.9137 -0.0000
vn 0.3459 0.9383 -0.0000
vn 0.2819 0.9594 -0.0000
vn 0.2125 0.9772 -0.0000
vn 0.1356 0.9908 -0.0000
vn 0.0484 0.9988 -0.0000
vn 0.0484 -0.9988 -0.0000
vn 0.1356 -0.9908 -0.0000
vn 0.2125 -0.9772 -0.0000
vn 0.2819 -0.9594 -0.0000
vn 0.3459 -0.9383 -0.0000
vn 0.4064 -0.9137 -0.0000
vn 0.4647 -0.8855 -0.0000
vn 0.5221 -0.8529 -0.0000
vn 0.5796 -0.8149 -0.0000
vn 0.6384 -0.7697 -0.0000
vn 0.6991 -0.7150 -0.0000
vn 0.7622 -0.6473 -0.0000
vn -0.7622 -0.6473 -0.0000
vn -0.6991 -0.7150 -0.0000
vn -0.6384 -0.7697 -0.0000
vn -0.5796 -0.8149 -0.0000
vn -0.5221 -0.8529 -0.0000
vn -0.4647 -0.8855 -0.0000
vn -0.4064 -0.9137 -0.0000
vn -0.3459 -0.9383 -0.0000
vn -0.2819 -0.9594 -0.0000
vn -0.2125 -0.9772 -0.0000
vn -0.1356 -0.9908 -0.0000
vn -0.0484 -0.9988 -0.0000
vn -0.0980 -0.0000 0.9952
vn -0.2903 -0.0000 0.9569
vn -0.4714 -0.0000 0.8819
vn -0.6344 -0.0000 0.7730
vn -0.7730 -0.0000 0.6344
vn -0.8819 -0.0000 0.4714
vn -0.9569 -0.0000 0.2903
vn -0.9952 -0.0000 0.0980
vn 0.0980 -0.0000 0.9952
vn 0.2903 -0.0000 0.9569
vn 0.4714 -0.0000 0.8819
vn 0.6344 -0.0000 0.7730
vn 0.7730 -0.0000 0.6344
vn 0.8819 -0.0000 0.4714
vn 0.9569 -0.0000 0.2903
vn 0.9952 -0.0000 0.0980
vn -0.9988 -0.0484 -0.0000
vn -0.9908 -0.1356 -0.0000
vn -0.9772 -0.2125 -0.0000
vn -0.9594 -0.2819 -0.0000
vn -0.9383 -0.3459 -0.0000
vn -0.9137 -0.4064 -0.0000
vn -0.8855 -0.4647 -0.0000
vn -0.8529 -0.5221 -0.0000
vn -0.8149 -0.5796 -0.0000
vn -0.7697 -0.6384 -0.0000
vn -0.7150 -0.6991 -0.0000
vn -0.6473 -0.7622 -0.0000
vn -0.6473 0.7622 -0.0000
vn -0.7150 0.6991 -0.0000
vn -0.7697 0.6384 -0.0000
vn -0.8149 0.5796 -0.0000
vn -0.8529 0.5221 -0.0000
vn -0.8855 0.4647 -0.0000
vn -0.9137 0.4064 -0.0000
vn -0.9383 0.3459 -0.0000
vn -0.9594 0.2819 -0.0000
vn -0.9772 0.2125 -0.0000
vn -0.9908 0.1356 -0.0000
vn -0.9988 0.0484 -0.0000
vn 0.9988 0.0484 -0.0000
vn 0.9908 0.1356 -0.0000
vn 0.9772 0.2125 -0.0000
vn 0.9594 0.2819 -0.0000
vn 0.9383 0.3459 -0.0000
vn 0.9137 0.4064 -0.0000
vn 0.8855 0.4647 -0.0000
vn 0.8529 0.5221 -0.0000
vn 0.8149 0.5796 -0.0000
vn 0.7697 0.6384 -0.0000
vn 0.7150 0.6991 -0.0000
vn 0.6473 0.7622 -0.0000
vn 0.6473 -0.7622 -0.0000
vn 0.7150 -0.6991 -0.0000
vn 0.7697 -0.6384 -0.0000
vn 0.8149 -0.5796 -0.0000
vn 0.8529 -0.5221 -0.0000
vn 0.8855 -0.4647 -0.0000
vn 0.9137 -0.4064 -0.0000
vn 0.9383 -0.3459 -0.0000
vn 0.9594 -0.2819 -0.0000
vn 0.9772 -0.2125 -0.0000
vn 0.9908 -0.1356 -0.0000
vn 0.9988 -0.0484 -0.0000
vn -0.0000 -0.0980 0.9952
vn -0.0000 -0.2903 0.9569
vn -0.0000 -0.4714 0.8819
vn -0.0000 -0.6344 0.7730
vn -0.0000 -0.7730 0.6344
vn -0.0000 -0.8819 0.4714
vn -0.0000 -0.9569 0.2903
vn -0.0000 -0.9952 0.0980
vn -0.0000 0.0980 0.9952
vn -0.0000 0.2903 0.9569
vn -0.0000 0.4714 0.8819
vn -0.0000 0.6344 0.7730
vn -0.0000 0.7730 0.6344
vn -0.0000 0.8819 0.4714
vn -0.0000 0.9569 0.2903
vn -0.0000 0.9952 0.0980
vn 0.7650 -0.5112 -0.3917
vn -0.5112 -0.7650 -0.3917
vn 0.1813 -0.9113 -0.3696
vn 0.9113 0.1813 -0.3696
vn -0.0000 -0.9350 -0.3546
vn 0.1813 0.9113 -0.3696
vn 0.5112 -0.7650 -0.3917
vn 0.9350 -0.0000 -0.3546
vn -0.0000 0.9350 -0.3546
vn 0.7650 0.5112 -0.3917
vn -0.1813 -0.9113 -0.3696
vn 0.5112 0.7650 -0.3917
vn -0.1813 0.9113 -0.3696
vn -0.5112 0.7650 -0.3917
vn -0.7650 0.5112 -0.3917
vn -0.9113 -0.1813 -0.3696
vn -0.7650 -0.5112 -0.3917
vn -0.9113 0.1813 -0.3696
vn -0.9350 -0.0000 -0.3546
vn 0.0225 -0.1134 -0.9933
vn 0.0616 -0.3099 -0.9488
vn 0.0946 -0.4756 -0.8746
vn 0.1233 -0.6200 -0.7748
vn 0.1490 -0.7493 -0.6453
vn 0.1716 -0.8631 -0.4750
vn 0.0640 -0.0958 -0.9933
vn 0.1741 -0.2605 -0.9497
vn 0.2661 -0.3983 -0.8778
vn 0.3463 -0.5184 -0.7818
vn 0.4185 -0.6264 -0.6576
vn 0.4831 -0.7230 -0.4938
vn 0.0957 -0.0640 -0.9934
vn 0.2605 -0.1740 -0.9497
vn 0.3983 -0.2661 -0.8778
vn 0.5184 -0.3463 -0.7819
vn 0.6264 -0.4185 -0.6576
vn 0.7230 -0.4831 -0.4938
vn 0.1133 -0.0225 -0.9933
vn 0.3098 -0.0616 -0.9488
vn 0.4754 -0.0945 -0.8747
vn 0.6200 -0.1232 -0.7749
vn 0.7493 -0.1489 -0.6453
vn 0.8631 -0.1716 -0.4750
vn 0.0226 0.1134 -0.9933
vn 0.0616 0.3098 -0.9488
vn 0.0945 0.4755 -0.8746
vn 0.1232 0.6200 -0.7749
vn 0.1489 0.7492 -0.6454
vn 0.1716 0.8631 -0.4751
vn 0.0639 0.0958 -0.9933
vn 0.1740 0.2604 -0.9497
vn 0.2660 0.3983 -0.8778
vn 0.3464 0.5184 -0.7819
vn 0.4185 0.6264 -0.6576
vn 0.4831 0.7230 -0.4938
vn 0.0958 0.0640 -0.9933
vn 0.2605 0.1740 -0.9497
vn 0.3983 0.2661 -0.8778
vn 0.5184 0.3464 -0.7818
vn 0.6264 0.4185 -0.6576
vn 0.7231 0.4831 -0.4938
vn 0.1134 0.0226 -0.9933
vn 0.3100 0.0616 -0.9488
vn 0.4756 0.0946 -0.8746
vn 0.6201 0.1233 -0.7748
vn 0.7493 0.1490 -0.6453
vn 0.8631 0.1717 -0.4750
vn -0.1133 0.0225 -0.9933
vn -0.3098 0.0616 -0.9488
vn -0.4754 0.0945 -0.8747
vn -0.6200 0.1232 -0.7749
vn -0.7493 0.1489 -0.6453
vn -0.8631 0.1716 -0.4750
vn -0.0957 0.0640 -0.9934
vn -0.2605 0.1740 -0.9497
vn -0.3983 0.2661 -0.8778
vn -0.5184 0.3463 -0.7819
vn -0.6264 0.4185 -0.6576
vn -0.7230 0.4831 -0.4938
vn -0.0640 0.0958 -0.9933
vn -0.1741 0.2605 -0.9497
vn -0.2661 0.3983 -0.8778
vn -0.3463 0.5184 -0.7818
vn -0.4185 0.6264 -0.6576
vn -0.4831 0.7230 -0.4938
vn -0.0225 0.1134 -0.9933
vn -0.0616 0.3100 -0.9488
vn -0.0946 0.4756 -0.8746
vn -0.1233 0.6201 -0.7748
vn -0.1490 0.7493 -0.6453
vn -0.1716 0.8631 -0.4750
vn -0.0226 -0.1134 -0.9933
vn -0.0616 -0.3098 -0.9488
vn -0.0945 -0.4755 -0.8746
vn -0.1232 -0.6200 -0.7749
vn -0.1489 -0.7492 -0.6454
vn -0.1716 -0.8631 -0.4751
vn -0.0639 -0.0958 -0.9933
vn -0.1740 -0.2604 -0.9497
vn -0.2660 -0.3983 -0.8778
vn -0.3464 -0.5184 -0.7819
vn -0.4185 -0.6264 -0.6576
vn -0.4831 -0.7230 -0.4938
vn -0.0958 -0.0640 -0.9933
vn -0.2605 -0.1740 -0.9497
vn -0.3983 -0.2661 -0.8778
vn -0.5184 -0.3464 -0.7818
vn -0.6264 -0.4185 -0.6576
vn -0.7230 -0.4831 -0.4938
vn -0.1134 -0.0226 -0.9933
vn -0.3100 -0.0616 -0.9488
vn -0.4756 -0.0946 -0.8746
vn -0.6200 -0.1233 -0.7748
vn -0.7493 -0.1490 -0.6453
vn -0.8631 -0.1716 -0.4751
vn 0.1159 -0.0000 -0.9933
vn 0.3178 -0.0000 -0.9481
vn 0.4887 -0.0000 -0.8725
vn 0.6379 -0.0000 -0.7701
vn 0.7710 -0.0000 -0.6369
vn 0.8868 -0.0000 -0.4622
vn -0.0000 -0.1159 -0.9933
vn -0.0000 -0.3178 -0.9482
vn -0.0000 -0.4887 -0.8724
vn -0.0000 -0.6380 -0.7701
vn -0.0000 -0.7710 -0.6369
vn -0.0000 -0.8868 -0.4622
vn -0.8868 -0.0000 -0.4622
vn -0.7710 -0.0000 -0.6369
vn -0.6380 -0.0000 -0.7701
vn -0.4887 -0.0000 -0.8724
vn -0.3177 -0.0000 -0.9482
vn -0.1158 -0.0000 -0.9933
vn -0.0000 0.8868 -0.4622
vn -0.0000 0.7710 -0.6369
vn -0.0000 0.6380 -0.7701
vn -0.0000 0.4887 -0.8724
vn -0.0000 0.3178 -0.9482
vn -0.0000 0.1158 -0.9933
vn 0.9113 -0.1813 -0.3696
vn 0.0616 -0.3100 -0.9488
vn 0.8631 0.1716 -0.4750
vn -0.4756 -0.0945 -0.8746
vn -0.8631 -0.1717 -0.4751
vn 0.4887 -0.0000 -0.8724
vn 0.6380 -0.0000 -0.7701
vn 0.7650 -0.5112 -0.3918
vn -0.5112 -0.7650 -0.3918
vn 0.1233 -0.6201 -0.7748
vn 0.3100 0.0616 -0.9487
vn 0.4756 0.0945 -0.8746
vn -0.1233 0.6200 -0.7748
vn -0.8631 -0.1717 -0.4750
vn 0.4888 -0.0000 -0.8724
vn 0.6380 -0.0000 -0.7700
vn 0.7709 -0.0000 -0.6369
vn -0.0000 -0.1158 -0.9933
vn -0.6380 -0.0000 -0.7700
vn -0.0000 0.1159 -0.9933
vn 0.0946 -0.4755 -0.8746
vn 0.3099 -0.0616 -0.9488
vn 0.1489 0.7492 -0.6453
vn 0.1716 0.8630 -0.4751
vn 0.2661 0.3983 -0.8778
vn 0.3099 0.0616 -0.9488
vn -0.1716 -0.8630 -0.4751
vn 0.3178 -0.0000 -0.9482
vn -0.0000 0.4887 -0.8725
vn -0.0476 0.9989 -0.0000
vn -0.1332 0.9911 -0.0000
vn -0.2088 0.9779 -0.0000
vn -0.2772 0.9608 -0.0000
vn -0.3405 0.9403 -0.0000
vn -0.4003 0.9164 -0.0000
vn -0.4581 0.8889 -0.0000
vn -0.5152 0.8571 -0.0000
vn -0.5727 0.8198 -0.0000
vn -0.6315 0.7754 -0.0000
vn -0.6926 0.7213 -0.0000
vn -0.7564 0.6541 -0.0000
vn 0.7564 0.6541 -0.0000
vn 0.6926 0.7213 -0.0000
vn 0.6315 0.7754 -0.0000
vn 0.5727 0.8198 -0.0000
vn 0.5152 0.8571 -0.0000
vn 0.4581 0.8889 -0.0000
vn 0.4003 0.9164 -0.0000
vn 0.3405 0.9403 -0.0000
vn 0.2772 0.9608 -0.0000
vn 0.2088 0.9779 -0.0000
vn 0.1332 0.9911 -0.0000
vn 0.0476 0.9989 -0.0000
vn 0.0476 -0.9989 -0.0000
vn 0.1332 -0.9911 -0.0000
vn 0.2088 -0.9779 -0.0000
vn 0.2772 -0.9608 -0.0000
vn 0.3405 -0.9403 -0.0000
vn 0.4003 -0.9164 -0.0000
vn 0.4581 -0.8889 -0.0000
vn 0.5152 -0.8571 -0.0000
vn 0.5727 -0.8198 -0.0000
vn 0.6315 -0.7754 -0.0000
vn 0.6926 -0.7213 -0.0000
vn 0.7564 -0.6541 -0.0000
vn -0.7564 -0.6541 -0.0000
vn -0.6926 -0.7213 -0.0000
vn -0.6315 -0.7754 -0.0000
vn -0.5727 -0.8198 -0.0000
vn -0.5152 -0.8571 -0.0000
vn -0.4581 -0.8889 -0.0000
vn -0.4003 -0.9164 -0.0000
vn -0.3405 -0.9403 -0.0000
vn -0.2772 -0.9608 -0.0000
vn -0.2088 -0.9779 -0.0000
vn -0.1332 -0.9911 -0.0000
vn -0.0476 -0.9989 -0.0000
vn -0.0963 -0.0000 0.9954
vn -0.2855 -0.0000 0.9584
vn -0.4648 -0.0000 0.8854
vn -0.6275 -0.0000 0.7786
vn -0.7674 -0.0000 0.6412
vn -0.8783 -0.0000 0.4780
vn -0.9555 -0.0000 0.2951
vn -0.9950 -0.0000 0.0998
vn 0.0963 -0.0000 0.9954
vn 0.2855 -0.0000 0.9584
vn 0.4648 -0.0000 0.8854
vn 0.6275 -0.0000 0.7786
vn 0.7674 -0.0000 0.6412
vn 0.8783 -0.0000 0.4780
vn 0.9555 -0.0000 0.2951
vn 0.9950 -0.0000 0.0998
vn -0.7673 -0.0000 0.6412
vn 0.7673 -0.0000 0.6412
vn 0.1333 -0.9911 -0.0000
vn 0.2091 -0.9779 -0.0000
vn 0.2775 -0.9607 -0.0000
vn 0.3408 -0.9401 -0.0000
vn 0.4007 -0.9162 -0.0000
vn 0.4585 -0.8887 -0.0000
vn 0.5156 -0.8568 -0.0000
vn 0.5731 -0.8195 -0.0000
vn 0.6319 -0.7750 -0.0000
vn 0.6930 -0.7209 -0.0000
vn 0.7568 -0.6537 -0.0000
vn -0.7568 -0.6537 -0.0000
vn -0.6930 -0.7210 -0.0000
vn -0.6319 -0.7750 -0.0000
vn -0.5731 -0.8195 -0.0000
vn -0.5156 -0.8568 -0.0000
vn -0.4585 -0.8887 -0.0000
vn -0.4007 -0.9162 -0.0000
vn -0.3408 -0.9401 -0.0000
vn -0.2775 -0.9607 -0.0000
vn -0.2091 -0.9779 -0.0000
vn -0.1333 -0.9911 -0.0000
vn -0.1333 0.9911 -0.0000
vn -0.2091 0.9779 -0.0000
vn -0.2775 0.9607 -0.0000
vn -0.3408 0.9401 -0.0000
vn -0.4007 0.9162 -0.0000
vn -0.4585 0.8887 -0.0000
vn -0.5156 0.8568 -0.0000
vn -0.5731 0.8195 -0.0000
vn -0.6319 0.7750 -0.0000
vn -0.6930 0.7209 -0.0000
vn -0.7568 0.6537 -0.0000
vn 0.7568 0.6537 -0.0000
vn 0.6930 0.7210 -0.0000
vn 0.6319 0.7750 -0.0000
vn 0.5731 0.8195 -0.0000
vn 0.5156 0.8568 -0.0000
vn 0.4585 0.8887 -0.0000
vn 0.4007 0.9162 -0.0000
vn 0.3408 0.9401 -0.0000
vn 0.2775 0.9607 -0.0000
vn 0.2091 0.9779 -0.0000
vn 0.1333 0.9911 -0.0000
vn 0.0964 -0.0000 0.9953
vn 0.2858 -0.0000 0.9583
vn 0.4652 -0.0000 0.8852
vn 0.6279 -0.0000 0.7783
vn 0.7677 -0.0000 0.6408
vn 0.8786 -0.0000 0.4776
vn 0.9556 -0.0000 0.2948
vn 0.9950 -0.0000 0.0997
vn -0.0964 -0.0000 0.9953
vn -0.2858 -0.0000 0.9583
vn -0.4652 -0.0000 0.8852
vn -0.6279 -0.0000 0.7783
vn -0.7677 -0.0000 0.6408
vn -0.8786 -0.0000 0.4776
vn -0.9555 -0.0000 0.2948
vn -0.9950 -0.0000 0.0997
vn 0.6280 -0.0000 0.7782
vn 0.9555 -0.0000 0.2948
vn -0.6280 -0.0000 0.7782
vn -0.9989 -0.0476 -0.0000
vn -0.9911 -0.1334 -0.0000
vn -0.9779 -0.2091 -0.0000
vn -0.9607 -0.2776 -0.0000
vn -0.9401 -0.3409 -0.0000
vn -0.9162 -0.4008 -0.0000
vn -0.8886 -0.4587 -0.0000
vn -0.8567 -0.5158 -0.0000
vn -0.8194 -0.5733 -0.0000
vn -0.7749 -0.6321 -0.0000
vn -0.7208 -0.6931 -0.0000
vn -0.6535 -0.7569 -0.0000
vn -0.6535 0.7569 -0.0000
vn -0.7208 0.6931 -0.0000
vn -0.7749 0.6321 -0.0000
vn -0.8194 0.5733 -0.0000
vn -0.8567 0.5158 -0.0000
vn -0.8886 0.4587 -0.0000
vn -0.9162 0.4008 -0.0000
vn -0.9401 0.3409 -0.0000
vn -0.9607 0.2776 -0.0000
vn -0.9779 0.2091 -0.0000
vn -0.9911 0.1334 -0.0000
vn -0.9989 0.0476 -0.0000
vn 0.9989 0.0476 -0.0000
vn 0.9911 0.1334 -0.0000
vn 0.9779 0.2091 -0.0000
vn 0.9607 0.2776 -0.0000
vn 0.9401 0.3409 -0.0000
vn 0.9162 0.4008 -0.0000
vn 0.8886 0.4587 -0.0000
vn 0.8567 0.5158 -0.0000
vn 0.8194 0.5733 -0.0000
vn 0.7749 0.6321 -0.0000
vn 0.7208 0.6931 -0.0000
vn 0.6535 0.7569 -0.0000
vn 0.6535 -0.7569 -0.0000
vn 0.7208 -0.6931 -0.0000
vn 0.7749 -0.6321 -0.0000
vn 0.8194 -0.5733 -0.0000
vn 0.8567 -0.5158 -0.0000
vn 0.8886 -0.4587 -0.0000
vn 0.9162 -0.4008 -0.0000
vn 0.9401 -0.3409 -0.0000
vn 0.9607 -0.2776 -0.0000
vn 0.9779 -0.2091 -0.0000
vn 0.9911 -0.1334 -0.0000
vn 0.9989 -0.0476 -0.0000
vn -0.0000 -0.0964 0.9953
vn -0.0000 -0.2859 0.9583
vn -0.0000 -0.4653 0.8851
vn -0.0000 -0.6281 0.7781
vn -0.0000 -0.7678 0.6407
vn -0.0000 -0.8786 0.4775
vn -0.0000 -0.9556 0.2947
vn -0.0000 -0.9950 0.0996
vn -0.0000 0.0964 0.9953
vn -0.0000 0.2859 0.9583
vn -0.0000 0.4653 0.8851
vn -0.0000 0.6281 0.7781
vn -0.0000 0.7678 0.6407
vn -0.0000 0.8786 0.4775
vn -0.0000 0.9556 0.2947
vn -0.0000 0.9950 0.0996
vn 0.9607 0.2775 -0.0000
vn 0.9401 0.3408 -0.0000
vn 0.9162 0.4007 -0.0000
vn 0.8887 0.4586 -0.0000
vn 0.8568 0.5157 -0.0000
vn 0.8195 0.5731 -0.0000
vn 0.7750 0.6320 -0.0000
vn 0.7209 0.6930 -0.0000
vn 0.6536 0.7568 -0.0000
vn 0.6536 -0.7568 -0.0000
vn 0.7209 -0.6930 -0.0000
vn 0.7750 -0.6320 -0.0000
vn 0.8194 -0.5732 -0.0000
vn 0.8568 -0.5157 -0.0000
vn 0.8887 -0.4586 -0.0000
vn 0.9162 -0.4007 -0.0000
vn 0.9401 -0.3408 -0.0000
vn 0.9911 -0.1333 -0.0000
vn -0.9911 -0.1333 -0.0000
vn -0.9401 -0.3408 -0.0000
vn -0.9162 -0.4007 -0.0000
vn -0.8887 -0.4586 -0.0000
vn -0.8568 -0.5157 -0.0000
vn -0.8195 -0.5731 -0.0000
vn -0.7750 -0.6320 -0.0000
vn -0.7209 -0.6930 -0.0000
vn -0.6536 -0.7568 -0.0000
vn -0.6536 0.7568 -0.0000
vn -0.7209 0.6930 -0.0000
vn -0.7750 0.6320 -0.0000
vn -0.8195 0.5731 -0.0000
vn -0.8568 0.5157 -0.0000
vn -0.8887 0.4586 -0.0000
vn -0.9162 0.4007 -0.0000
vn -0.9401 0.3408 -0.0000
vn -0.9607 0.2775 -0.0000
vn -0.0000 0.2858 0.9583
vn -0.0000 0.4652 0.8852
vn -0.0000 0.6280 0.7782
vn -0.0000 0.7677 0.6408
vn -0.0000 0.8786 0.4776
vn -0.0000 0.9556 0.2948
vn -0.0000 0.9950 0.0997
vn -0.0000 -0.2858 0.9583
vn -0.0000 -0.4652 0.8852
vn -0.0000 -0.6280 0.7782
vn -0.0000 -0.7677 0.6408
vn -0.0000 -0.8786 0.4776
vn -0.0000 -0.9556 0.2948
vn -0.0000 -0.9950 0.0997
vn 0.0980 0.9952 -0.0000
vn 0.2903 0.9569 -0.0000
vn 0.4714 0.8819 -0.0000
vn 0.6344 0.7730 -0.0000
vn 0.7730 0.6344 -0.0000
vn 0.8819 0.4714 -0.0000
vn 0.9569 0.2903 -0.0000
vn 0.9952 0.0980 -0.0000
vn 0.9952 -0.0980 -0.0000
vn 0.9569 -0.2903 -0.0000
vn 0.8819 -0.4714 -0.0000
vn 0.7730 -0.6344 -0.0000
vn 0.6344 -0.7730 -0.0000
vn 0.4714 -0.8819 -0.0000
vn 0.2903 -0.9569 -0.0000
vn 0.0980 -0.9952 -0.0000
vn -0.0980 -0.9952 -0.0000
vn -0.2903 -0.9569 -0.0000
vn -0.4714 -0.8819 -0.0000
vn -0.6344 -0.7730 -0.0000
vn -0.7730 -0.6344 -0.0000
vn -0.8819 -0.4714 -0.0000
vn -0.9569 -0.2903 -0.0000
vn -0.9952 -0.0980 -0.0000
vn -0.9952 0.0980 -0.0000
vn -0.9569 0.2903 -0.0000
vn -0.8819 0.4714 -0.0000
vn -0.7730 0.6344 -0.0000
vn -0.6344 0.7730 -0.0000
vn -0.4714 0.8819 -0.0000
vn -0.2903 0.9569 -0.0000
vn -0.0980 0.9952 -0.0000
vn 0.0561 0.9984 -0.0000
vn 0.1675 0.9859 -0.0000
vn 0.2768 0.9609 -0.0000
vn 0.3827 0.9239 -0.0000
vn 0.4837 0.8752 -0.0000
vn 0.5787 0.8156 -0.0000
vn 0.6663 -0.7456 -0.0000
vn 0.5787 -0.8156 -0.0000
vn 0.4837 -0.8752 -0.0000
vn 0.3827 -0.9239 -0.0000
vn 0.2768 -0.9609 -0.0000
vn 0.1675 -0.9859 -0.0000
vn 0.0561 -0.9984 -0.0000
vn -0.0561 -0.9984 -0.0000
vn -0.1675 -0.9859 -0.0000
vn -0.2768 -0.9609 -0.0000
vn -0.3827 -0.9239 -0.0000
vn -0.4837 -0.8752 -0.0000
vn -0.5787 -0.8156 -0.0000
vn -0.6663 0.7456 -0.0000
vn -0.5787 0.8156 -0.0000
vn -0.4837 0.8752 -0.0000
vn -0.3827 0.9239 -0.0000
vn -0.2768 0.9609 -0.0000
vn -0.1675 0.9859 -0.0000
vn -0.0561 0.9984 -0.0000
vn -0.0001 -0.0000 -1.0000
vn 0.0002 -0.0000 -1.0000
vn 0.0001 -0.0000 -1.0000
vn -0.0002 -0.0000 -1.0000
vn -0.0302 -0.9995 -0.0000
vn -0.1255 -0.9921 0.0007
vn -0.1262 -0.9920 -0.0000
vn -0.1255 -0.9921 -0.0007
vn -0.2207 -0.9753 -0.0000
vn -0.3154 -0.9490 -0.0000
vn -0.4091 -0.9125 -0.0000
vn -0.5012 -0.8654 -0.0000
vn -0.4514 0.8923 -0.0000
vn -0.4407 0.8976 -0.0000
vn -0.3483 0.9374 -0.0000
vn -0.2546 0.9670 -0.0000
vn -0.1601 0.9871 -0.0000
vn -0.0651 0.9979 -0.0000
vn 0.0302 0.9995 -0.0000
vn 0.1255 0.9921 0.0007
vn 0.1262 0.9920 -0.0000
vn 0.1255 0.9921 -0.0007
vn 0.2207 0.9753 -0.0000
vn 0.3154 0.9490 -0.0000
vn 0.4091 0.9125 -0.0000
vn 0.5012 0.8654 -0.0000
vn 0.4514 -0.8923 -0.0000
vn 0.4407 -0.8976 -0.0000
vn 0.3483 -0.9374 -0.0000
vn 0.2546 -0.9670 -0.0000
vn 0.1601 -0.9871 -0.0000
vn 0.0655 -0.9979 -0.0000
vn 0.0658 -0.9978 0.0003
vn 0.0651 -0.9979 -0.0000
vn -0.0872 -0.9962 -0.0000
vn -0.2588 -0.9659 -0.0000
vn -0.4226 -0.9063 -0.0000
vn -0.5736 -0.8192 -0.0000
vn -0.8192 -0.5736 -0.0000
vn -0.9063 -0.4226 -0.0000
vn -0.9659 -0.2588 -0.0000
vn -0.9962 -0.0872 -0.0000
vn -0.0872 0.9962 -0.0000
vn -0.2588 0.9659 -0.0000
vn -0.4226 0.9063 -0.0000
vn -0.5736 0.8192 -0.0000
vn -0.8192 0.5736 -0.0000
vn -0.9063 0.4226 -0.0000
vn -0.9659 0.2588 -0.0000
vn -0.9962 0.0872 -0.0000
vn 0.9962 0.0872 -0.0000
vn 0.9659 0.2588 -0.0000
vn 0.9063 0.4226 -0.0000
vn 0.8192 0.5736 -0.0000
vn 0.5736 0.8191 -0.0000
vn 0.4226 0.9063 -0.0000
vn 0.2588 0.9659 -0.0000
vn 0.0872 0.9962 -0.0000
vn 0.0872 -0.9962 -0.0000
vn 0.2588 -0.9659 -0.0000
vn 0.4226 -0.9063 -0.0000
vn 0.5736 -0.8192 -0.0000
vn 0.8192 -0.5736 -0.0000
vn 0.9063 -0.4226 -0.0000
vn 0.9659 -0.2588 -0.0000
vn 0.9962 -0.0872 -0.0000
vn -0.6991 0.7150 -0.0000
vn -0.0003 -0.0000 -1.0000
vn -0.6991 -0.7151 -0.0000
vn -0.0000 1.0000 0.0001
vn -0.0000 -1.0000 -0.0001
vn 0.0003 -0.0000 -1.0000
vn -0.7151 -0.6991 -0.0000
vn -0.0006 -0.0000 -1.0000
vn -0.0009 -0.0000 -1.0000
vn 0.0006 -0.0000 -1.0000
vn 0.7151 0.6991 -0.0000
vn 0.7151 -0.6991 -0.0000
vn 0.0009 -0.0000 -1.0000
vn -1.0000 0.0001 -0.0000
vn 1.0000 -0.0001 -0.0000
vn -0.7151 0.6991 -0.0000
vn 0.0226 -0.1134 -0.9933
vn 0.0616 -0.3098 -0.9488
vn 0.0945 -0.4755 -0.8746
vn 0.1232 -0.6200 -0.7749
vn 0.1489 -0.7492 -0.6454
vn 0.1716 -0.8631 -0.4751
vn 0.0639 -0.0958 -0.9933
vn 0.1740 -0.2604 -0.9497
vn 0.2660 -0.3983 -0.8778
vn 0.3464 -0.5184 -0.7819
vn 0.0958 -0.0640 -0.9933
vn 0.5184 -0.3464 -0.7818
vn 0.7231 -0.4831 -0.4938
vn 0.1134 -0.0226 -0.9933
vn 0.3100 -0.0616 -0.9488
vn 0.4756 -0.0946 -0.8746
vn 0.6201 -0.1233 -0.7748
vn 0.7493 -0.1490 -0.6453
vn 0.0225 0.1134 -0.9933
vn 0.0616 0.3100 -0.9488
vn 0.0946 0.4756 -0.8746
vn 0.1233 0.6200 -0.7748
vn 0.1490 0.7493 -0.6453
vn 0.1716 0.8631 -0.4750
vn 0.0640 0.0958 -0.9933
vn 0.1741 0.2605 -0.9497
vn 0.3463 0.5184 -0.7818
vn 0.0957 0.0640 -0.9934
vn 0.5184 0.3463 -0.7819
vn 0.7230 0.4831 -0.4938
vn 0.1133 0.0225 -0.9933
vn 0.3098 0.0616 -0.9488
vn 0.4754 0.0945 -0.8747
vn 0.6200 0.1232 -0.7749
vn 0.7493 0.1489 -0.6453
vn -0.1134 0.0226 -0.9933
vn -0.3100 0.0616 -0.9488
vn -0.4756 0.0945 -0.8746
vn -0.6200 0.1233 -0.7748
vn -0.7493 0.1490 -0.6453
vn -0.8631 0.1717 -0.4751
vn -0.0958 0.0640 -0.9933
vn -0.5184 0.3464 -0.7818
vn -0.0639 0.0958 -0.9933
vn -0.1740 0.2604 -0.9497
vn -0.2660 0.3983 -0.8778
vn -0.3464 0.5184 -0.7819
vn -0.0226 0.1134 -0.9933
vn -0.0616 0.3098 -0.9488
vn -0.0945 0.4755 -0.8746
vn -0.1232 0.6200 -0.7749
vn -0.1489 0.7492 -0.6454
vn -0.1716 0.8631 -0.4751
vn -0.0225 -0.1134 -0.9933
vn -0.0616 -0.3100 -0.9488
vn -0.0946 -0.4756 -0.8746
vn -0.1233 -0.6201 -0.7748
vn -0.1490 -0.7493 -0.6453
vn -0.1716 -0.8631 -0.4750
vn -0.0640 -0.0958 -0.9933
vn -0.1741 -0.2605 -0.9497
vn -0.2661 -0.3983 -0.8778
vn -0.3463 -0.5184 -0.7818
vn -0.0957 -0.0640 -0.9934
vn -0.5184 -0.3463 -0.7819
vn -0.1133 -0.0225 -0.9933
vn -0.3098 -0.0616 -0.9488
vn -0.4754 -0.0945 -0.8747
vn -0.6200 -0.1232 -0.7749
vn -0.7493 -0.1489 -0.6453
vn -0.8631 -0.1716 -0.4750
vn 0.3177 -0.0000 -0.9482
vn -0.3178 -0.0000 -0.9481
vn -0.1159 -0.0000 -0.9933
vn -0.7650 -0.5112 -0.3918
vn 0.1489 -0.7492 -0.6453
vn 0.3100 -0.0616 -0.9487
vn 0.4756 -0.0945 -0.8746
vn 0.8631 -0.1717 -0.4750
vn -0.3100 0.0616 -0.9487
vn -0.4756 0.0946 -0.8746
vn 0.7650 0.5112 -0.3918
vn 0.6200 -0.1233 -0.7748
vn 0.1233 0.6201 -0.7748
vn -0.8631 0.1717 -0.4750
vn -0.1489 0.7492 -0.6453
vn -0.1233 -0.6200 -0.7748
vn -0.0000 -0.4887 -0.8725
vn -0.0001 -0.0000 1.0000
vn 0.0001 -0.0000 1.0000
vn 0.0616 0.3099 -0.9488
vn -0.0003 -0.0000 1.0000
vn 0.0003 -0.0000 1.0000
vn 0.6930 -0.7210 -0.0000
vn -0.6930 -0.7209 -0.0000
vn -0.6930 0.7210 -0.0000
vn 0.6930 0.7209 -0.0000
vn -0.0000 1.0000 -0.0001
vn -0.9556 -0.0000 0.2948
vn -0.0005 -0.0000 1.0000
vn 0.0009 -0.0000 1.0000
vn 0.0005 -0.0000 1.0000
vn -0.0009 -0.0000 1.0000
vn 0.8194 0.5732 -0.0000
vn -1.0000 -0.0001 -0.0000
vn 0.9911 0.1333 -0.0000
vn 0.8195 -0.5731 -0.0000
vn 0.9607 -0.2775 -0.0000
vn -0.9607 -0.2775 -0.0000
vn -0.9911 0.1333 -0.0000
vn 1.0000 0.0001 -0.0000
vn 0.6664 -0.7456 -0.0000
vn -0.6664 0.7456 -0.0000
vn -0.0002 -0.0000 1.0000
vn 0.0002 -0.0000 1.0000
vn -0.1262 -0.9920 0.0001
vn -0.1261 -0.9920 -0.0003
vn -0.1256 -0.9921 0.0007
vn -0.1254 -0.9921 -0.0007
vn -0.1237 -0.9923 -0.0007
vn -0.1243 -0.9922 -0.0000
vn -0.1243 -0.9922 -0.0001
vn -0.4407 0.8977 -0.0000
vn 0.1262 0.9920 0.0001
vn 0.1261 0.9920 -0.0003
vn 0.1256 0.9921 0.0007
vn 0.1254 0.9921 -0.0007
vn 0.1237 0.9923 -0.0007
vn 0.1243 0.9922 -0.0000
vn 0.1243 0.9922 -0.0001
vn 0.4407 -0.8977 -0.0000
vn 0.0648 -0.9979 0.0002
vn 0.0648 -0.9979 -0.0000
vn -0.5736 -0.8191 -0.0000
vn -0.5736 0.8191 -0.0000
vn -0.8191 0.5736 -0.0000
vn -0.9962 0.0871 -0.0000
vn 0.5736 0.8192 -0.0000
vn 0.5736 -0.8191 -0.0000
vn 0.8191 -0.5736 -0.0000
vn 0.9962 -0.0871 -0.0000
vt 0.853553 0.500000
vt 0.870321 0.508344
vt 0.875000 0.550787
vt 0.625553 0.517230
vt 0.637494 0.502195
vt 0.675748 0.550787
vt 0.675748 0.700787
vt 0.637494 0.747870
vt 0.625553 0.733275
vt 0.875000 0.700787
vt 0.870321 0.741901
vt 0.853553 0.750000
vt 0.625000 0.700787
vt 0.375000 0.728488
vt 0.375000 0.700787
vt 0.625000 0.271447
vt 0.375000 0.299252
vt 0.375000 0.271447
vt 0.625000 0.772070
vt 0.375000 0.800748
vt 0.375000 0.772070
vt 0.825748 0.550787
vt 0.875000 0.600787
vt 0.825748 0.600787
vt 0.825748 0.650787
vt 0.875000 0.650787
vt 0.825748 0.700787
vt 0.625000 0.449252
vt 0.375000 0.477930
vt 0.375000 0.449252
vt 0.324252 0.550787
vt 0.375000 0.600787
vt 0.324252 0.600787
vt 0.324252 0.650787
vt 0.375000 0.650787
vt 0.324252 0.700787
vt 0.352930 0.500000
vt 0.370185 0.508344
vt 0.375000 0.550787
vt 0.625000 0.550787
vt 0.625000 0.600787
vt 0.625000 0.650787
vt 0.625000 0.950748
vt 0.375000 0.978553
vt 0.375000 0.950748
vt 0.625000 0.049213
vt 0.375000 0.099213
vt 0.375000 0.049213
vt 0.625000 0.099213
vt 0.375000 0.149213
vt 0.625000 0.149213
vt 0.375000 0.199213
vt 0.125000 0.650787
vt 0.174252 0.700787
vt 0.125000 0.700787
vt 0.224252 0.650787
vt 0.174252 0.650787
vt 0.274252 0.650787
vt 0.224252 0.700787
vt 0.274252 0.700787
vt 0.174252 0.600787
vt 0.125000 0.600787
vt 0.224252 0.600787
vt 0.274252 0.600787
vt 0.174252 0.550787
vt 0.125000 0.550787
vt 0.224252 0.550787
vt 0.274252 0.550787
vt 0.625000 0.199213
vt 0.375000 0.227839
vt 0.224252 0.500000
vt 0.174252 0.500000
vt 0.274252 0.500000
vt 0.725748 0.650787
vt 0.675748 0.650787
vt 0.775748 0.650787
vt 0.725748 0.700787
vt 0.775748 0.700787
vt 0.675748 0.600787
vt 0.775748 0.600787
vt 0.725748 0.600787
vt 0.725748 0.550787
vt 0.775748 0.550787
vt 0.725748 0.500000
vt 0.675748 0.500000
vt 0.775748 0.500000
vt 0.625000 0.522161
vt 0.375000 0.522161
vt 0.725748 0.750000
vt 0.675748 0.750000
vt 0.775748 0.750000
vt 0.625000 0.021512
vt 0.375000 0.021512
vt 0.224252 0.750000
vt 0.174252 0.750000
vt 0.274252 0.750000
vt 0.370185 0.741901
vt 0.352930 0.750000
vt 0.625000 0.800748
vt 0.375000 0.850748
vt 0.625000 0.850748
vt 0.375000 0.900748
vt 0.625000 0.900748
vt 0.125538 0.517230
vt 0.137141 0.502195
vt 0.625000 0.299252
vt 0.375000 0.349252
vt 0.625000 0.349252
vt 0.375000 0.399252
vt 0.625000 0.399252
vt 0.625000 0.978553
vt 0.375000 0.983326
vt 0.625000 0.983326
vt 0.375000 0.987859
vt 0.625000 0.987859
vt 0.375000 1.000000
vt 0.625000 0.000000
vt 0.375000 0.008099
vt 0.375000 0.000000
vt 0.625000 0.008099
vt 0.375000 0.012178
vt 0.625000 0.012178
vt 0.375000 0.016725
vt 0.625000 0.016725
vt 0.625000 0.266674
vt 0.375000 0.266674
vt 0.625000 0.262141
vt 0.375000 0.262141
vt 0.625000 0.258075
vt 0.375000 0.258075
vt 0.625000 0.241656
vt 0.375000 0.241656
vt 0.625000 0.237454
vt 0.375000 0.237454
vt 0.625000 0.232770
vt 0.375000 0.232770
vt 0.625000 0.227839
vt 0.625000 0.517230
vt 0.375000 0.517230
vt 0.625000 0.512546
vt 0.375000 0.512546
vt 0.625000 0.508344
vt 0.375000 0.508344
vt 0.625000 0.491690
vt 0.375000 0.491690
vt 0.625000 0.487506
vt 0.375000 0.487506
vt 0.625000 0.482841
vt 0.375000 0.482841
vt 0.625000 0.477930
vt 0.625000 0.767159
vt 0.375000 0.767159
vt 0.625000 0.762494
vt 0.375000 0.762494
vt 0.625000 0.758310
vt 0.375000 0.758310
vt 0.625000 0.741901
vt 0.375000 0.741901
vt 0.625000 0.737822
vt 0.375000 0.737822
vt 0.625000 0.733275
vt 0.375000 0.733275
vt 0.625000 0.728488
vt 0.137141 0.747870
vt 0.125538 0.733275
vt 0.375000 0.250000
vt 0.625000 0.250000
vt 0.375000 0.500000
vt 0.625000 0.500000
vt 0.375000 0.750000
vt 0.625000 0.750000
vt 0.125000 0.750000
vt 0.125000 0.500000
vt 0.875000 0.500000
vt 0.625000 0.261043
vt 0.375000 0.488957
vt 0.375000 0.261043
vt 0.625807 0.654329
vt 0.634594 0.502139
vt 0.871867 0.573223
vt 0.625000 0.259546
vt 0.375000 0.259546
vt 0.625000 0.257964
vt 0.375000 0.257964
vt 0.625000 0.256324
vt 0.375000 0.256323
vt 0.625000 0.254653
vt 0.375000 0.254653
vt 0.625000 0.252981
vt 0.375000 0.252981
vt 0.625000 0.184633
vt 0.375000 0.184633
vt 0.625000 0.146034
vt 0.375000 0.146034
vt 0.625000 0.107621
vt 0.375000 0.107621
vt 0.625000 0.070054
vt 0.375000 0.070054
vt 0.625000 0.033975
vt 0.375000 0.033975
vt 0.625000 0.716025
vt 0.375000 0.716025
vt 0.625000 0.679946
vt 0.375000 0.679946
vt 0.625000 0.642379
vt 0.375000 0.642379
vt 0.625000 0.603966
vt 0.375000 0.603966
vt 0.625000 0.565367
vt 0.375000 0.565367
vt 0.625000 0.497019
vt 0.375000 0.497019
vt 0.625000 0.495347
vt 0.375000 0.495347
vt 0.625000 0.493677
vt 0.375000 0.493676
vt 0.625000 0.492036
vt 0.375000 0.492036
vt 0.625000 0.490454
vt 0.375000 0.490454
vt 0.625000 0.488957
vt 0.125807 0.654329
vt 0.134594 0.502139
vt 0.371867 0.573223
vt 0.642501 0.500000
vt 0.857499 0.750000
vt 0.642501 0.750000
vt 0.592405 0.500000
vt 0.592405 0.000000
vt 0.622519 0.260803
vt 0.610514 0.497051
vt 0.857499 0.500000
vt 0.860914 0.750000
vt 0.860914 0.500000
vt 0.864197 0.750000
vt 0.864197 0.500000
vt 0.867222 0.750000
vt 0.867222 0.500000
vt 0.875000 0.750000
vt 0.610514 0.000000
vt 0.610514 0.250000
vt 0.604879 0.000000
vt 0.604879 0.250000
vt 0.598764 0.000000
vt 0.598764 0.250000
vt 0.639086 0.500000
vt 0.639086 0.750000
vt 0.635803 0.500000
vt 0.635803 0.750000
vt 0.632778 0.500000
vt 0.632778 0.750000
vt 0.610514 0.500000
vt 0.610514 0.750000
vt 0.604879 0.500000
vt 0.604879 0.750000
vt 0.598764 0.500000
vt 0.598764 0.750000
vt 0.622519 0.760803
vt 0.610514 0.997051
vt 0.450634 0.000000
vt 0.375000 0.050194
vt 0.375000 0.800194
vt 0.450634 0.750000
vt 0.450588 0.800194
vt 0.375000 0.918690
vt 0.450588 0.949806
vt 0.375000 0.949806
vt 0.831054 0.543946
vt 0.709060 0.722077
vt 0.652923 0.665940
vt 0.450588 0.199806
vt 0.375000 0.168690
vt 0.450511 0.168690
vt 0.450511 0.831310
vt 0.375000 0.831310
vt 0.375000 0.331310
vt 0.450588 0.300194
vt 0.450511 0.331310
vt 0.450634 1.000000
vt 0.450511 0.081310
vt 0.375000 0.081310
vt 0.450511 0.418690
vt 0.375000 0.418690
vt 0.450634 0.250000
vt 0.375000 0.199806
vt 0.450588 0.800194
vt 0.375000 0.300194
vt 0.450588 0.449806
vt 0.450511 0.418690
vt 0.450634 0.500000
vt 0.375000 0.449806
vt 0.450588 0.449806
vt 0.375000 0.550194
vt 0.450588 0.550194
vt 0.450588 0.699806
vt 0.375000 0.668690
vt 0.450511 0.668690
vt 0.375000 0.699806
vt 0.450588 0.699806
vt 0.375000 0.581310
vt 0.450588 0.550194
vt 0.450511 0.581310
vt 0.351185 0.523815
vt 0.206310 0.750000
vt 0.125000 0.668690
vt 0.813911 0.717508
vt 0.791769 0.729639
vt 0.790940 0.722077
vt 0.816931 0.724633
vt 0.792775 0.737354
vt 0.820145 0.731909
vt 0.794897 0.749760
vt 0.625000 0.949342
vt 0.546417 0.919105
vt 0.625000 0.919897
vt 0.546455 0.949294
vt 0.497875 0.918795
vt 0.497932 0.949677
vt 0.450511 0.918690
vt 0.831054 0.706054
vt 0.836535 0.711535
vt 0.842183 0.717183
vt 0.826086 0.742956
vt 0.625000 0.998441
vt 0.546884 0.950910
vt 0.625000 0.952241
vt 0.546907 0.999048
vt 0.498041 0.950084
vt 0.498075 0.999761
vt 0.849633 0.691931
vt 0.856909 0.695145
vt 0.867956 0.701086
vt 0.851732 0.725366
vt 0.625000 0.001559
vt 0.546884 0.049090
vt 0.546907 0.000952
vt 0.498041 0.049916
vt 0.498075 0.000239
vt 0.450588 0.050194
vt 0.842508 0.688911
vt 0.854639 0.666769
vt 0.862354 0.667775
vt 0.874760 0.669897
vt 0.868903 0.699342
vt 0.625000 0.050658
vt 0.546417 0.080895
vt 0.546455 0.050706
vt 0.497875 0.081205
vt 0.497932 0.050323
vt 0.450588 0.050194
vt 0.813911 0.532492
vt 0.791768 0.520361
vt 0.816931 0.525367
vt 0.792775 0.512646
vt 0.820145 0.518091
vt 0.794897 0.500240
vt 0.824342 0.506097
vt 0.625000 0.300658
vt 0.546417 0.330895
vt 0.546455 0.300706
vt 0.497875 0.331205
vt 0.497932 0.300323
vt 0.836535 0.538465
vt 0.842183 0.532817
vt 0.826086 0.507045
vt 0.850366 0.523268
vt 0.625000 0.251559
vt 0.546884 0.299090
vt 0.546907 0.250952
vt 0.498041 0.299916
vt 0.498075 0.250239
vt 0.849634 0.558069
vt 0.842508 0.561089
vt 0.856909 0.554855
vt 0.867956 0.548914
vt 0.625000 0.248441
vt 0.546884 0.200910
vt 0.625000 0.202241
vt 0.546907 0.249048
vt 0.498041 0.200084
vt 0.498075 0.249761
vt 0.854639 0.583231
vt 0.847077 0.584060
vt 0.862354 0.582225
vt 0.874760 0.580103
vt 0.625000 0.199342
vt 0.546417 0.169105
vt 0.625000 0.169897
vt 0.546455 0.199294
vt 0.497875 0.168795
vt 0.497932 0.199677
vt 0.657492 0.561089
vt 0.645361 0.583231
vt 0.650367 0.558069
vt 0.637646 0.582225
vt 0.643091 0.554855
vt 0.625240 0.580103
vt 0.631097 0.550658
vt 0.625000 0.550658
vt 0.546417 0.580895
vt 0.546455 0.550706
vt 0.497875 0.581205
vt 0.497932 0.550323
vt 0.668946 0.543946
vt 0.663465 0.538465
vt 0.657817 0.532817
vt 0.632045 0.548914
vt 0.648268 0.524634
vt 0.625000 0.501559
vt 0.546884 0.549090
vt 0.546907 0.500952
vt 0.498041 0.549916
vt 0.498075 0.500239
vt 0.683069 0.525367
vt 0.686089 0.532492
vt 0.679855 0.518091
vt 0.673914 0.507044
vt 0.625000 0.498441
vt 0.546884 0.450910
vt 0.625000 0.452241
vt 0.546907 0.499048
vt 0.498041 0.450084
vt 0.498075 0.499761
vt 0.708231 0.520361
vt 0.709060 0.527923
vt 0.707225 0.512646
vt 0.705103 0.500240
vt 0.625000 0.449342
vt 0.546417 0.419105
vt 0.625000 0.419897
vt 0.546455 0.449294
vt 0.497875 0.418795
vt 0.497932 0.449677
vt 0.686089 0.717508
vt 0.708231 0.729639
vt 0.683069 0.724633
vt 0.707225 0.737354
vt 0.679855 0.731909
vt 0.705103 0.749760
vt 0.675658 0.743903
vt 0.625000 0.800658
vt 0.546417 0.830895
vt 0.546455 0.800706
vt 0.497875 0.831205
vt 0.497932 0.800323
vt 0.668946 0.706054
vt 0.663465 0.711535
vt 0.657817 0.717183
vt 0.673914 0.742956
vt 0.649634 0.726732
vt 0.625000 0.751559
vt 0.546884 0.799090
vt 0.546907 0.750952
vt 0.498041 0.799916
vt 0.498075 0.750239
vt 0.650367 0.691931
vt 0.657492 0.688911
vt 0.643091 0.695145
vt 0.632044 0.701086
vt 0.625000 0.748441
vt 0.546884 0.700910
vt 0.625000 0.702241
vt 0.546907 0.749048
vt 0.498041 0.700084
vt 0.498075 0.749761
vt 0.645361 0.666769
vt 0.637646 0.667775
vt 0.625240 0.669897
vt 0.625000 0.699342
vt 0.546417 0.669105
vt 0.625000 0.669897
vt 0.546455 0.699294
vt 0.497875 0.668795
vt 0.497932 0.699677
vt 0.847077 0.665940
vt 0.875000 0.668690
vt 0.625000 0.168690
vt 0.546117 0.081503
vt 0.625000 0.081310
vt 0.546117 0.168497
vt 0.497798 0.081359
vt 0.706310 0.750000
vt 0.625000 0.918690
vt 0.546117 0.831503
vt 0.625000 0.831310
vt 0.546117 0.918497
vt 0.497798 0.831359
vt 0.497798 0.918641
vt 0.497798 0.581359
vt 0.497798 0.668641
vt 0.546117 0.581503
vt 0.546117 0.668497
vt 0.625000 0.581310
vt 0.625000 0.668690
vt 0.450511 0.331310
vt 0.497798 0.418641
vt 0.497798 0.331359
vt 0.546117 0.418497
vt 0.546117 0.331503
vt 0.625000 0.418690
vt 0.793690 0.500000
vt 0.706310 0.500000
vt 0.875000 0.581310
vt 0.497798 0.168641
vt 1.000000 1.000000
vt 0.968750 0.500000
vt 1.000000 0.500000
vt 0.968750 1.000000
vt 0.937500 0.500000
vt 0.937500 1.000000
vt 0.906250 0.500000
vt 0.906250 1.000000
vt 0.875000 1.000000
vt 0.843750 0.500000
vt 0.843750 1.000000
vt 0.812500 0.500000
vt 0.812500 1.000000
vt 0.781250 0.500000
vt 0.781250 1.000000
vt 0.750000 0.500000
vt 0.750000 1.000000
vt 0.718750 0.500000
vt 0.718750 1.000000
vt 0.687500 0.500000
vt 0.687500 1.000000
vt 0.656250 0.500000
vt 0.656250 1.000000
vt 0.625000 1.000000
vt 0.593750 0.500000
vt 0.593750 1.000000
vt 0.562500 0.500000
vt 0.562500 1.000000
vt 0.531250 0.500000
vt 0.531250 1.000000
vt 0.500000 0.500000
vt 0.500000 1.000000
vt 0.468750 0.500000
vt 0.468750 1.000000
vt 0.437500 0.500000
vt 0.437500 1.000000
vt 0.406250 0.500000
vt 0.406250 1.000000
vt 0.343750 0.500000
vt 0.343750 1.000000
vt 0.312500 0.500000
vt 0.312500 1.000000
vt 0.281250 0.500000
vt 0.281250 1.000000
vt 0.250000 0.500000
vt 0.250000 1.000000
vt 0.218750 0.500000
vt 0.218750 1.000000
vt 0.187500 0.500000
vt 0.187500 1.000000
vt 0.156250 0.500000
vt 0.156250 1.000000
vt 0.125000 1.000000
vt 0.093750 0.500000
vt 0.093750 1.000000
vt 0.062500 0.500000
vt 0.158156 0.028269
vt 0.471731 0.158156
vt 0.341844 0.471731
vt 0.062500 1.000000
vt 0.031250 0.500000
vt 0.031250 1.000000
vt 0.000000 0.500000
vt 0.796822 0.014612
vt 0.514612 0.203178
vt 0.703178 0.485388
vt 0.982143 0.000000
vt 1.000000 0.000000
vt 0.982143 1.000000
vt 0.964286 0.000000
vt 0.964286 1.000000
vt 0.946429 0.000000
vt 0.946429 1.000000
vt 0.928571 0.000000
vt 0.928571 1.000000
vt 0.910714 0.000000
vt 0.910714 1.000000
vt 0.897706 0.000000
vt 0.607143 0.000000
vt 0.608799 1.000000
vt 0.607143 1.000000
vt 0.589286 0.000000
vt 0.589286 1.000000
vt 0.571429 0.000000
vt 0.571429 1.000000
vt 0.553572 0.000000
vt 0.553572 1.000000
vt 0.535715 0.000000
vt 0.535715 1.000000
vt 0.517857 0.000000
vt 0.517857 1.000000
vt 0.500000 0.000000
vt 0.500000 1.000000
vt 0.482143 0.000000
vt 0.482143 1.000000
vt 0.464286 0.000000
vt 0.464286 1.000000
vt 0.446429 0.000000
vt 0.446429 1.000000
vt 0.428572 0.000000
vt 0.428572 1.000000
vt 0.410715 0.000000
vt 0.410715 1.000000
vt 0.397706 0.000000
vt 0.107143 0.000000
vt 0.108799 1.000000
vt 0.107143 1.000000
vt 0.089286 0.000000
vt 0.089286 1.000000
vt 0.071429 0.000000
vt 0.071429 1.000000
vt 0.053572 0.000000
vt 0.053572 1.000000
vt 0.035715 0.000000
vt 0.035715 1.000000
vt 0.017857 0.000000
vt 0.017857 1.000000
vt 0.000000 0.000000
vt 0.995819 0.000000
vt 0.995819 1.000000
vt 0.501256 1.000000
vt 0.501256 0.000000
vt 0.495820 1.000000
vt 0.000000 1.000000
vt 0.001256 0.000000
vt 0.981795 1.000000
vt 0.961009 0.000000
vt 0.961009 1.000000
vt 0.940590 0.000000
vt 0.946429 0.000000
vt 0.946429 1.000000
vt 0.940590 1.000000
vt 0.920693 0.000000
vt 0.920693 1.000000
vt 0.901416 0.000000
vt 0.901416 1.000000
vt 0.604136 0.000000
vt 0.604136 1.000000
vt 0.584858 0.000000
vt 0.589286 0.000000
vt 0.584858 1.000000
vt 0.564972 0.000000
vt 0.564972 1.000000
vt 0.544558 0.000000
vt 0.544558 1.000000
vt 0.523768 0.000000
vt 0.523768 1.000000
vt 0.502782 0.000000
vt 0.517355 1.000000
vt 0.502782 1.000000
vt 0.495820 0.000000
vt 0.481795 1.000000
vt 0.461009 0.000000
vt 0.461009 1.000000
vt 0.440591 0.000000
vt 0.440591 1.000000
vt 0.420693 0.000000
vt 0.420693 1.000000
vt 0.401417 0.000000
vt 0.401417 1.000000
vt 0.104136 0.000000
vt 0.104136 1.000000
vt 0.084858 0.000000
vt 0.084858 1.000000
vt 0.064972 0.000000
vt 0.064972 1.000000
vt 0.044558 0.000000
vt 0.044558 1.000000
vt 0.023768 0.000000
vt 0.023768 1.000000
vt 0.002782 0.000000
vt 0.017355 1.000000
vt 0.002782 1.000000
vt 0.998702 1.000000
vt 0.982143 0.500000
vt 0.994087 1.000000
vt 0.994087 0.500000
vt 0.967128 0.500000
vt 0.967128 1.000000
vt 0.951582 0.500000
vt 0.951582 1.000000
vt 0.935706 1.000000
vt 0.946429 0.500000
vt 0.935706 0.500000
vt 0.919402 0.500000
vt 0.919402 1.000000
vt 0.907200 0.500000
vt 0.907200 1.000000
vt 0.592123 0.500000
vt 0.592123 1.000000
vt 0.575475 1.000000
vt 0.589286 0.500000
vt 0.575475 0.500000
vt 0.559315 0.500000
vt 0.559315 1.000000
vt 0.543552 0.500000
vt 0.543552 1.000000
vt 0.528085 1.000000
vt 0.528085 0.500000
vt 0.512852 0.500000
vt 0.512852 1.000000
vt 0.500000 0.500000
vt 0.512388 1.000000
vt 0.512388 0.500000
vt 0.498702 1.000000
vt 0.482143 0.500000
vt 0.494087 1.000000
vt 0.494087 0.500000
vt 0.467128 0.500000
vt 0.467128 1.000000
vt 0.451582 0.500000
vt 0.451582 1.000000
vt 0.435706 1.000000
vt 0.446429 0.500000
vt 0.435706 0.500000
vt 0.419402 0.500000
vt 0.419402 1.000000
vt 0.410715 0.500000
vt 0.407200 1.000000
vt 0.092123 0.500000
vt 0.092123 1.000000
vt 0.075475 1.000000
vt 0.089286 0.500000
vt 0.075475 0.500000
vt 0.059316 0.500000
vt 0.059316 1.000000
vt 0.043552 0.500000
vt 0.043552 1.000000
vt 0.028086 0.500000
vt 0.028086 1.000000
vt 0.012852 0.500000
vt 0.012852 1.000000
vt 0.000000 0.500000
vt 0.012388 1.000000
vt 0.012388 0.500000
vt 0.845645 0.500000
vt 0.864514 0.502848
vt 0.874554 0.510058
vt 0.625184 0.510058
vt 0.629335 0.502848
vt 0.637135 0.500000
vt 0.679271 0.685848
vt 0.632985 0.749266
vt 0.626626 0.743914
vt 0.237395 0.685848
vt 0.144315 0.749266
vt 0.128933 0.743914
vt 0.625000 0.685848
vt 0.375000 0.737828
vt 0.375000 0.685848
vt 0.625000 0.279355
vt 0.375000 0.362395
vt 0.375000 0.279355
vt 0.875000 0.564207
vt 0.762605 0.599699
vt 0.762605 0.564207
vt 0.375000 0.564207
vt 0.320729 0.599699
vt 0.320729 0.564207
vt 0.625000 0.564207
vt 0.375000 0.599699
vt 0.625000 0.064152
vt 0.375000 0.099699
vt 0.375000 0.064152
vt 0.000000 0.000000
vt 0.237395 0.564207
vt 0.125000 0.599699
vt 0.125000 0.564207
vt 0.625000 0.650301
vt 0.679271 0.599699
vt 0.625000 0.599699
vt 0.625000 0.512172
vt 0.375000 0.512172
vt 0.762605 0.685848
vt 0.679271 0.750000
vt 0.875000 0.685848
vt 0.871067 0.743914
vt 0.855685 0.749266
vt 0.320729 0.685848
vt 0.237395 0.750000
vt 0.373374 0.743914
vt 0.367015 0.749266
vt 0.625000 0.804271
vt 0.375000 0.887605
vt 0.375000 0.804271
vt 0.125446 0.510058
vt 0.135486 0.502848
vt 0.154355 0.500000
vt 0.625000 0.362395
vt 0.375000 0.445729
vt 0.762605 0.650301
vt 0.237395 0.650301
vt 0.125000 0.685848
vt 0.125000 0.650301
vt 0.679271 0.650301
vt 0.625000 0.887605
vt 0.375000 0.970645
vt 0.875000 0.650301
vt 0.375000 0.650301
vt 0.320729 0.650301
vt 0.762605 0.500000
vt 0.679271 0.564207
vt 0.679271 0.500000
vt 0.320729 0.500000
vt 0.237395 0.500000
vt 0.625000 0.185793
vt 0.375000 0.237828
vt 0.375000 0.185793
vt 0.362865 0.500000
vt 0.370665 0.502848
vt 0.374816 0.510058
vt 0.625000 0.445729
vt 0.375000 0.487865
vt 0.625000 0.762135
vt 0.375000 0.762135
vt 0.625000 0.150301
vt 0.375000 0.150301
vt 0.237395 0.599699
vt 0.625000 0.970645
vt 0.375000 0.975743
vt 0.625000 0.975743
vt 0.375000 0.980685
vt 0.625000 0.980685
vt 0.375000 0.985323
vt 0.625000 0.985323
vt 0.375000 0.989514
vt 0.625000 0.989514
vt 0.375000 0.006086
vt 0.625000 0.006086
vt 0.375000 0.008009
vt 0.625000 0.008009
vt 0.375000 0.010058
vt 0.625000 0.010058
vt 0.375000 0.012172
vt 0.625000 0.274257
vt 0.375000 0.274257
vt 0.625000 0.269315
vt 0.375000 0.269315
vt 0.625000 0.264677
vt 0.375000 0.264677
vt 0.625000 0.260486
vt 0.375000 0.260486
vt 0.625000 0.245652
vt 0.375000 0.245652
vt 0.625000 0.243914
vt 0.375000 0.243914
vt 0.625000 0.241991
vt 0.375000 0.241991
vt 0.625000 0.239942
vt 0.375000 0.239942
vt 0.625000 0.237828
vt 0.625000 0.510058
vt 0.375000 0.510058
vt 0.625000 0.508009
vt 0.375000 0.508009
vt 0.625000 0.506086
vt 0.375000 0.506086
vt 0.625000 0.504348
vt 0.375000 0.504348
vt 0.625000 0.495665
vt 0.375000 0.495665
vt 0.625000 0.493932
vt 0.375000 0.493932
vt 0.625000 0.492015
vt 0.375000 0.492015
vt 0.625000 0.489972
vt 0.375000 0.489972
vt 0.625000 0.487865
vt 0.625000 0.760028
vt 0.375000 0.760028
vt 0.625000 0.757985
vt 0.375000 0.757985
vt 0.625000 0.756068
vt 0.375000 0.756068
vt 0.625000 0.754335
vt 0.375000 0.754335
vt 0.625000 0.745652
vt 0.375000 0.745652
vt 0.625000 0.743914
vt 0.375000 0.743914
vt 0.625000 0.741991
vt 0.375000 0.741991
vt 0.625000 0.739942
vt 0.375000 0.739942
vt 0.625000 0.737828
vt 0.625000 0.012172
vt 0.825748 0.500000
vt 0.858326 0.500556
vt 0.862859 0.502195
vt 0.866925 0.504835
vt 0.872876 0.512546
vt 0.874462 0.517230
vt 0.875000 0.522161
vt 0.627186 0.512546
vt 0.629815 0.508344
vt 0.633310 0.504835
vt 0.642159 0.500556
vt 0.647070 0.500000
vt 0.647070 0.750000
vt 0.642159 0.749461
vt 0.633310 0.745307
vt 0.629815 0.741901
vt 0.627186 0.737822
vt 0.825748 0.750000
vt 0.875000 0.728488
vt 0.874462 0.733275
vt 0.872876 0.737822
vt 0.866925 0.745307
vt 0.862859 0.747870
vt 0.858326 0.749461
vt 0.324252 0.500000
vt 0.357841 0.500556
vt 0.362506 0.502195
vt 0.366690 0.504835
vt 0.372814 0.512546
vt 0.374447 0.517230
vt 0.324252 0.750000
vt 0.374447 0.733275
vt 0.372814 0.737822
vt 0.366690 0.745307
vt 0.362506 0.747870
vt 0.357841 0.749461
vt 0.125000 0.522161
vt 0.127124 0.512546
vt 0.129679 0.508344
vt 0.133075 0.504835
vt 0.141674 0.500556
vt 0.146447 0.500000
vt 0.125000 0.728488
vt 0.146447 0.750000
vt 0.141674 0.749461
vt 0.133075 0.745307
vt 0.129679 0.741901
vt 0.127124 0.737822
vt 0.625091 0.717368
vt 0.625361 0.685295
vt 0.626421 0.625000
vt 0.627198 0.597810
vt 0.628133 0.573223
vt 0.629223 0.551662
vt 0.630444 0.533494
vt 0.631766 0.519030
vt 0.633159 0.508519
vt 0.636043 0.500000
vt 0.863957 0.500000
vt 0.865406 0.502139
vt 0.866841 0.508519
vt 0.868234 0.519030
vt 0.869556 0.533494
vt 0.870777 0.551662
vt 0.872802 0.597810
vt 0.873579 0.625000
vt 0.874193 0.654329
vt 0.874639 0.685295
vt 0.874909 0.717368
vt 0.125091 0.717368
vt 0.125361 0.685295
vt 0.126421 0.625000
vt 0.127198 0.597810
vt 0.128133 0.573223
vt 0.129223 0.551662
vt 0.130444 0.533494
vt 0.131766 0.519030
vt 0.133159 0.508519
vt 0.136043 0.500000
vt 0.363957 0.500000
vt 0.365406 0.502139
vt 0.366841 0.508519
vt 0.368234 0.519030
vt 0.369556 0.533494
vt 0.370777 0.551662
vt 0.372802 0.597810
vt 0.373579 0.625000
vt 0.374193 0.654329
vt 0.374639 0.685295
vt 0.374909 0.717368
vt 0.592405 0.750000
vt 0.592405 0.250000
vt 0.598764 0.250336
vt 0.604879 0.251332
vt 0.610514 0.252949
vt 0.615453 0.255126
vt 0.619507 0.257778
vt 0.624374 0.264086
vt 0.625000 0.267501
vt 0.625000 0.482499
vt 0.624374 0.485914
vt 0.622519 0.489197
vt 0.619507 0.492222
vt 0.615453 0.494874
vt 0.604879 0.498668
vt 0.598764 0.499664
vt 0.598764 0.750336
vt 0.604879 0.751332
vt 0.610514 0.752949
vt 0.615453 0.755126
vt 0.619507 0.757778
vt 0.624374 0.764086
vt 0.625000 0.767501
vt 0.625000 0.982499
vt 0.624374 0.985914
vt 0.622519 0.989197
vt 0.619507 0.992222
vt 0.615453 0.994874
vt 0.604879 0.998668
vt 0.598764 0.999664
vt 0.592405 1.000000
vt 0.652923 0.584060
vt 0.790940 0.527923
vt 0.125000 0.581310
vt 0.131189 0.550194
vt 0.148815 0.523815
vt 0.175194 0.506189
vt 0.206310 0.500000
vt 0.293690 0.500000
vt 0.324806 0.506189
vt 0.368811 0.550194
vt 0.375000 0.581310
vt 0.368811 0.699806
vt 0.351185 0.726185
vt 0.324806 0.743811
vt 0.293690 0.750000
vt 0.175194 0.743811
vt 0.148815 0.726185
vt 0.131189 0.699806
vt 0.824342 0.743903
vt 0.850366 0.726732
vt 0.625000 0.047759
vt 0.625000 0.080103
vt 0.625000 0.330103
vt 0.625000 0.297759
vt 0.851732 0.524634
vt 0.868903 0.550658
vt 0.625000 0.580103
vt 0.625000 0.547759
vt 0.649634 0.523268
vt 0.675658 0.506097
vt 0.625000 0.830103
vt 0.625000 0.797759
vt 0.648268 0.725366
vt 0.631097 0.699342
vt 0.793690 0.750000
vt 0.625000 0.331310
vt 0.296822 0.485388
vt 0.250000 0.490000
vt 0.203178 0.485388
vt 0.158156 0.471731
vt 0.116663 0.449553
vt 0.080294 0.419706
vt 0.050447 0.383337
vt 0.028269 0.341844
vt 0.014612 0.296822
vt 0.010000 0.250000
vt 0.014612 0.203178
vt 0.028269 0.158156
vt 0.050447 0.116663
vt 0.080294 0.080294
vt 0.116663 0.050447
vt 0.203178 0.014612
vt 0.250000 0.010000
vt 0.296822 0.014612
vt 0.341844 0.028269
vt 0.383337 0.050447
vt 0.419706 0.080294
vt 0.449553 0.116663
vt 0.485388 0.203178
vt 0.490000 0.250000
vt 0.485388 0.296822
vt 0.471731 0.341844
vt 0.449553 0.383337
vt 0.419706 0.419706
vt 0.383337 0.449553
vt 0.000000 1.000000
vt 0.750000 0.490000
vt 0.796822 0.485388
vt 0.841844 0.471731
vt 0.883337 0.449553
vt 0.919706 0.419706
vt 0.949553 0.383337
vt 0.971731 0.341844
vt 0.985388 0.296822
vt 0.990000 0.250000
vt 0.985388 0.203178
vt 0.971731 0.158156
vt 0.949553 0.116663
vt 0.919706 0.080294
vt 0.883337 0.050447
vt 0.841844 0.028269
vt 0.750000 0.010000
vt 0.703178 0.014612
vt 0.658156 0.028269
vt 0.616663 0.050447
vt 0.580294 0.080294
vt 0.550447 0.116663
vt 0.528269 0.158156
vt 0.510000 0.250000
vt 0.514612 0.296822
vt 0.528269 0.341844
vt 0.550447 0.383337
vt 0.580294 0.419706
vt 0.616663 0.449553
vt 0.658156 0.471731
vt 0.897706 1.000000
vt 0.608799 0.000000
vt 0.397706 1.000000
vt 0.108799 0.000000
vt 0.001256 1.000000
vt 0.517901 0.000000
vt 0.017902 0.000000
vt 0.001256 1.000000
vt 0.998702 0.500000
vt 0.982444 1.000000
vt 0.964286 0.500000
vt 0.928571 0.500000
vt 0.910714 0.500000
vt 0.571429 0.500000
vt 0.553572 0.500000
vt 0.535715 0.500000
vt 0.517857 0.500000
vt 0.498702 0.500000
vt 0.482444 1.000000
vt 0.464286 0.500000
vt 0.428572 0.500000
vt 0.407200 0.500000
vt 0.093692 1.000000
vt 0.093692 0.500000
vt 0.071429 0.500000
vt 0.053572 0.500000
vt 0.035715 0.500000
vt 0.017857 0.500000
vt 0.850743 0.500185
vt 0.855685 0.500734
vt 0.860323 0.501631
vt 0.868132 0.504348
vt 0.871067 0.506086
vt 0.873230 0.508009
vt 0.875000 0.512172
vt 0.625732 0.508009
vt 0.626626 0.506086
vt 0.627839 0.504348
vt 0.631068 0.501631
vt 0.632985 0.500734
vt 0.635028 0.500185
vt 0.637135 0.750000
vt 0.635028 0.749815
vt 0.631068 0.748369
vt 0.629335 0.747152
vt 0.627839 0.745652
vt 0.625732 0.741991
vt 0.625184 0.739942
vt 0.125000 0.737828
vt 0.154355 0.750000
vt 0.149257 0.749815
vt 0.139677 0.748369
vt 0.135486 0.747152
vt 0.131868 0.745652
vt 0.126770 0.741991
vt 0.125446 0.739942
vt 0.875000 0.599699
vt 0.625000 0.099699
vt 0.762605 0.750000
vt 0.875000 0.737828
vt 0.874554 0.739942
vt 0.873230 0.741991
vt 0.868132 0.745652
vt 0.864514 0.747152
vt 0.860323 0.748369
vt 0.850743 0.749815
vt 0.845645 0.750000
vt 0.320729 0.750000
vt 0.374816 0.739942
vt 0.374268 0.741991
vt 0.372161 0.745652
vt 0.370665 0.747152
vt 0.368932 0.748369
vt 0.364972 0.749815
vt 0.362865 0.750000
vt 0.125000 0.512172
vt 0.126770 0.508009
vt 0.128933 0.506086
vt 0.131868 0.504348
vt 0.139677 0.501631
vt 0.144315 0.500734
vt 0.149257 0.500185
vt 0.364972 0.500185
vt 0.367015 0.500734
vt 0.368932 0.501631
vt 0.372161 0.504348
vt 0.373374 0.506086
vt 0.374268 0.508009
s 0
usemtl globalTexture.001
f 89/1/1 94/2/1 8/3/1
f 123/4/1 127/5/1 36/6/1
f 48/7/1 108/8/1 112/9/1
f 5/10/1 77/11/1 74/12/1
f 16/13/2 97/14/2 9/15/2
f 89/16/3 20/17/3 82/18/3
f 105/19/4 28/20/4 98/21/4
f 33/22/1 7/23/1 37/24/1
f 7/23/1 41/25/1 37/24/1
f 6/26/1 45/27/1 41/25/1
f 24/28/3 113/29/3 17/30/3
f 49/31/5 11/32/5 53/33/5
f 11/32/5 57/34/5 53/33/5
f 10/35/5 61/36/5 57/34/5
f 113/37/5 118/38/5 12/39/5
f 13/40/6 11/32/6 12/39/6
f 14/41/2 10/35/2 11/32/2
f 15/42/7 9/15/7 10/35/7
f 32/43/4 65/44/4 25/45/4
f 5/46/8 3/47/8 4/48/8
f 6/49/9 2/50/9 3/47/9
f 7/51/10 1/52/10 2/50/10
f 3/53/5 64/54/5 4/55/5
f 59/56/5 64/54/5 60/57/5
f 58/58/5 63/59/5 59/56/5
f 57/34/5 62/60/5 58/58/5
f 56/61/5 3/53/5 2/62/5
f 55/63/5 60/57/5 56/61/5
f 54/64/5 59/56/5 55/63/5
f 53/33/5 58/58/5 54/64/5
f 52/65/5 2/62/5 1/66/5
f 51/67/5 56/61/5 52/65/5
f 51/67/5 54/64/5 55/63/5
f 49/31/5 54/64/5 50/68/5
f 8/69/9 81/70/9 1/52/9
f 19/71/5 52/65/5 20/72/5
f 18/73/5 51/67/5 19/71/5
f 18/73/5 49/31/5 50/68/5
f 15/42/1 48/7/1 16/13/1
f 43/74/1 48/7/1 44/75/1
f 42/76/1 47/77/1 43/74/1
f 41/25/1 46/78/1 42/76/1
f 40/79/1 15/42/1 14/41/1
f 40/79/1 43/74/1 44/75/1
f 38/80/1 43/74/1 39/81/1
f 37/24/1 42/76/1 38/80/1
f 36/6/1 14/41/1 13/40/1
f 35/82/1 40/79/1 36/6/1
f 34/83/1 39/81/1 35/82/1
f 33/22/1 38/80/1 34/83/1
f 23/84/1 36/6/1 24/85/1
f 22/86/1 35/82/1 23/84/1
f 22/86/1 33/22/1 34/83/1
f 121/87/2 12/39/2 114/88/2
f 48/7/1 30/89/1 29/90/1
f 46/78/1 30/89/1 47/77/1
f 45/27/1 31/91/1 46/78/1
f 73/92/9 4/48/9 66/93/9
f 64/54/5 26/94/5 25/95/5
f 62/60/5 26/94/5 63/59/5
f 61/36/5 27/96/5 62/60/5
f 9/15/5 101/97/5 98/98/5
f 29/99/11 27/100/11 28/20/11
f 30/101/4 26/102/4 27/100/4
f 31/103/12 25/45/12 26/102/12
f 83/104/5 87/105/5 52/65/5
f 21/106/13 19/107/13 20/17/13
f 22/108/3 18/109/3 19/107/3
f 23/110/14 17/30/14 18/109/14
f 74/111/15 67/112/15 65/44/15
f 80/113/16 68/114/16 67/112/16
f 79/115/17 69/116/17 68/114/17
f 78/117/18 70/118/18 69/119/18
f 77/120/19 71/121/19 70/118/19
f 76/122/20 72/123/20 71/121/20
f 75/124/21 66/93/21 72/123/21
f 82/18/22 91/125/22 89/16/22
f 88/126/23 92/127/23 91/125/23
f 87/128/24 93/129/24 92/127/24
f 86/130/25 94/131/25 93/129/25
f 85/132/26 95/133/26 94/131/26
f 84/134/27 96/135/27 95/133/27
f 83/136/28 90/137/28 96/135/28
f 114/88/29 123/138/29 121/87/29
f 120/139/30 124/140/30 123/138/30
f 119/141/31 125/142/31 124/140/31
f 118/143/32 126/144/32 125/142/32
f 117/145/33 127/146/33 126/144/33
f 116/147/34 128/148/34 127/146/34
f 115/149/35 122/150/35 128/148/35
f 98/21/36 107/151/36 105/19/36
f 104/152/37 108/153/37 107/151/37
f 103/154/38 109/155/38 108/153/38
f 102/156/39 110/157/39 109/155/39
f 101/158/40 111/159/40 110/157/40
f 100/160/41 112/161/41 111/159/41
f 99/162/42 106/163/42 112/161/42
f 64/54/5 68/164/5 72/165/5
f 225/175/4 237/176/4 213/177/4
f 252/178/1 260/179/1 231/180/1
f 213/177/67 226/181/67 225/175/67
f 224/182/68 227/183/68 226/181/68
f 223/184/69 228/185/69 227/183/69
f 222/186/70 229/187/70 228/185/70
f 221/188/71 230/189/71 229/187/71
f 220/190/72 231/167/72 230/189/72
f 219/166/73 232/191/73 231/167/73
f 218/192/74 233/193/74 232/191/74
f 217/194/75 234/195/75 233/193/75
f 216/196/76 235/197/76 234/195/76
f 215/198/77 236/199/77 235/197/77
f 214/200/78 199/117/78 236/199/78
f 161/170/79 250/201/79 212/171/79
f 248/202/80 251/203/80 250/201/80
f 247/204/81 252/205/81 251/203/81
f 246/206/82 253/207/82 252/205/82
f 245/208/83 254/209/83 253/207/83
f 244/210/84 255/169/84 254/209/84
f 243/168/85 256/211/85 255/169/85
f 242/212/86 257/213/86 256/211/86
f 241/214/87 258/215/87 257/213/87
f 240/216/88 259/217/88 258/215/88
f 239/218/89 260/219/89 259/217/89
f 238/220/90 249/221/90 260/219/90
f 216/222/5 224/223/5 243/224/5
f 445/175/3 457/176/3 433/177/3
f 472/178/1 480/179/1 451/180/1
f 433/177/43 446/181/43 445/175/43
f 444/182/44 447/183/44 446/181/44
f 443/184/45 448/185/45 447/183/45
f 442/186/46 449/187/46 448/185/46
f 441/188/47 450/189/47 449/187/47
f 440/190/48 451/167/48 450/189/48
f 439/166/49 452/191/49 451/167/49
f 438/192/50 453/193/50 452/191/50
f 437/194/51 454/195/51 453/193/51
f 436/196/52 455/197/52 454/195/52
f 435/198/53 456/199/53 455/197/53
f 434/200/54 431/117/54 456/199/54
f 432/170/55 470/201/55 394/171/55
f 468/202/56 471/203/56 470/201/56
f 467/204/57 472/205/57 471/203/57
f 466/206/58 473/207/58 472/205/58
f 465/208/59 474/209/59 473/207/59
f 464/210/60 475/169/60 474/209/60
f 463/168/61 476/211/61 475/169/61
f 462/212/62 477/213/62 476/211/62
f 461/214/63 478/215/63 477/213/63
f 460/216/64 479/217/64 478/215/64
f 459/218/65 480/219/65 479/217/65
f 458/220/66 469/221/66 480/219/66
f 436/222/5 444/223/5 463/224/5
f 663/175/2 676/176/2 651/177/2
f 692/178/1 700/179/1 670/180/1
f 651/177/131 665/181/131 663/175/131
f 662/182/132 666/183/132 665/181/132
f 661/184/133 667/185/133 666/183/133
f 660/186/134 668/187/134 667/185/134
f 659/188/135 669/189/135 668/187/135
f 658/190/136 670/167/136 669/189/136
f 657/166/137 671/191/137 670/167/137
f 656/192/138 672/193/138 671/191/138
f 655/194/139 673/195/139 672/193/139
f 654/196/140 674/197/140 673/195/140
f 653/198/141 675/199/141 674/197/141
f 652/200/142 664/117/142 675/199/142
f 677/170/143 690/201/143 601/171/143
f 688/202/144 691/203/144 690/201/144
f 687/204/145 692/205/145 691/203/145
f 686/206/146 693/207/146 692/205/146
f 685/208/147 694/209/147 693/207/147
f 684/210/148 695/169/148 694/209/148
f 683/168/149 696/211/149 695/169/149
f 682/212/150 697/213/150 696/211/150
f 681/214/151 698/215/151 697/213/151
f 680/216/152 699/217/152 698/215/152
f 679/218/153 700/219/153 699/217/153
f 678/220/154 689/221/154 700/219/154
f 654/222/5 662/223/5 683/224/5
f 884/175/9 896/176/9 872/177/9
f 912/178/1 920/179/1 890/180/1
f 872/177/107 885/181/107 884/175/107
f 883/182/108 886/183/108 885/181/108
f 882/184/109 887/185/109 886/183/109
f 881/186/110 888/187/110 887/185/110
f 880/188/111 889/189/111 888/187/111
f 879/190/112 890/167/112 889/189/112
f 878/166/113 891/191/113 890/167/113
f 877/192/114 892/193/114 891/191/114
f 876/194/115 893/195/115 892/193/115
f 875/196/116 894/197/116 893/195/116
f 874/198/117 895/199/117 894/197/117
f 873/200/118 859/117/118 895/199/118
f 821/170/119 910/201/119 908/171/119
f 907/202/120 911/203/120 910/201/120
f 906/204/121 912/205/121 911/203/121
f 905/206/122 913/207/122 912/205/122
f 904/208/123 914/209/123 913/207/123
f 903/210/124 915/169/124 914/209/124
f 902/168/125 916/211/125 915/169/125
f 901/212/126 917/213/126 916/211/126
f 900/214/127 918/215/127 917/213/127
f 899/216/128 919/217/128 918/215/128
f 898/218/129 920/219/129 919/217/129
f 897/220/130 909/221/130 920/219/130
f 875/222/5 883/223/5 902/224/5
f 1083/260/171 1045/261/171 1044/119/171
f 1055/262/172 1153/263/172 1146/264/172
f 1041/265/173 1090/266/173 1043/267/173
f 1117/268/5 1131/269/5 1138/270/5
f 1125/271/174 1046/272/174 1104/273/174
f 1132/274/175 1041/265/175 1052/275/175
f 1047/276/176 1111/277/176 1097/278/176
f 1043/267/177 1083/279/177 1044/116/177
f 1062/280/178 1046/272/178 1042/281/178
f 1047/276/179 1174/282/179 1056/283/179
f 1118/284/180 1048/285/180 1125/271/180
f 1052/275/181 1146/286/181 1132/274/181
f 1050/287/182 1118/284/182 1111/277/182
f 1195/288/183 1056/283/183 1174/289/183
f 1188/290/184 1058/291/184 1195/292/184
f 1060/293/185 1188/290/185 1181/294/185
f 1160/295/186 1051/296/186 1139/297/186
f 1153/263/187 1053/298/187 1160/299/187
f 1057/300/188 1181/301/188 1167/302/188
f 1167/302/189 1051/296/189 1057/300/189
f 1059/303/1 1041/304/1 1042/305/1
f 1089/306/190 1070/307/190 1068/308/190
f 1091/309/191 1071/310/191 1070/307/191
f 1092/311/192 1072/312/192 1071/310/192
f 1093/313/193 1073/314/193 1072/315/193
f 1094/316/194 1074/317/194 1073/314/194
f 1095/318/195 1069/319/195 1074/317/195
f 1082/320/196 1091/309/196 1089/306/196
f 1084/321/197 1092/311/197 1091/309/197
f 1085/322/198 1093/323/198 1092/311/198
f 1086/324/199 1094/325/199 1093/326/199
f 1087/327/200 1095/328/200 1094/325/200
f 1088/329/201 1090/266/201 1095/328/201
f 1082/320/202 1077/330/202 1084/321/202
f 1084/321/203 1078/331/203 1085/322/203
f 1085/322/204 1079/332/204 1086/333/204
f 1086/334/205 1080/335/205 1087/336/205
f 1087/336/206 1081/337/206 1088/338/206
f 1088/338/207 1076/339/207 1083/260/207
f 1075/340/208 1063/341/208 1077/330/208
f 1077/330/209 1064/342/209 1078/331/209
f 1078/331/210 1065/343/210 1079/344/210
f 1079/345/211 1066/346/211 1080/347/211
f 1080/347/212 1067/348/212 1081/349/212
f 1081/349/213 1062/280/213 1076/350/213
f 1110/351/214 1098/352/214 1112/353/214
f 1112/353/215 1099/354/215 1113/355/215
f 1113/355/216 1100/356/216 1114/357/216
f 1114/358/217 1101/359/217 1115/360/217
f 1115/360/218 1102/361/218 1116/362/218
f 1116/362/219 1097/278/219 1111/277/219
f 1117/268/220 1112/353/220 1119/363/220
f 1119/363/221 1113/355/221 1120/364/221
f 1120/364/222 1114/365/222 1121/366/222
f 1121/367/223 1115/368/223 1122/369/223
f 1122/369/224 1116/370/224 1123/371/224
f 1123/371/225 1111/277/225 1118/284/225
f 1117/268/226 1126/372/226 1124/373/226
f 1119/363/227 1127/374/227 1126/372/227
f 1120/364/228 1128/375/228 1127/374/228
f 1121/376/229 1129/377/229 1128/378/229
f 1122/379/230 1130/380/230 1129/377/230
f 1123/381/231 1125/271/231 1130/380/231
f 1124/373/232 1105/382/232 1103/383/232
f 1126/372/233 1106/384/233 1105/382/233
f 1127/374/234 1107/385/234 1106/384/234
f 1128/386/235 1108/387/235 1107/388/235
f 1129/389/236 1109/390/236 1108/387/236
f 1130/391/237 1104/273/237 1109/390/237
f 1180/392/238 1168/393/238 1182/394/238
f 1182/394/239 1169/395/239 1183/396/239
f 1183/396/240 1170/397/240 1184/398/240
f 1184/399/241 1171/400/241 1185/401/241
f 1185/401/242 1172/402/242 1186/403/242
f 1186/403/243 1167/302/243 1181/301/243
f 1187/404/244 1182/394/244 1189/405/244
f 1189/405/245 1183/396/245 1190/406/245
f 1190/406/246 1184/407/246 1191/408/246
f 1191/409/247 1185/410/247 1192/411/247
f 1192/411/248 1186/412/248 1193/413/248
f 1193/413/249 1181/294/249 1188/290/249
f 1187/404/250 1196/414/250 1194/415/250
f 1189/405/251 1197/416/251 1196/414/251
f 1190/406/252 1198/417/252 1197/416/252
f 1191/418/253 1199/419/253 1198/420/253
f 1192/421/254 1200/422/254 1199/419/254
f 1193/423/255 1195/292/255 1200/422/255
f 1194/415/256 1175/424/256 1173/425/256
f 1196/414/257 1176/426/257 1175/424/257
f 1197/416/258 1177/427/258 1176/426/258
f 1198/428/259 1178/429/259 1177/430/259
f 1199/431/260 1179/432/260 1178/429/260
f 1200/433/261 1174/289/261 1179/432/261
f 1145/434/262 1133/435/262 1147/436/262
f 1147/436/263 1134/437/263 1148/438/263
f 1148/438/264 1135/439/264 1149/440/264
f 1149/441/265 1136/442/265 1150/443/265
f 1150/443/266 1137/444/266 1151/445/266
f 1151/445/267 1132/274/267 1146/286/267
f 1152/446/268 1147/436/268 1154/447/268
f 1154/447/269 1148/438/269 1155/448/269
f 1155/448/270 1149/449/270 1156/450/270
f 1156/451/271 1150/452/271 1157/453/271
f 1157/453/272 1151/454/272 1158/455/272
f 1158/455/273 1146/264/273 1153/263/273
f 1152/446/274 1161/456/274 1159/457/274
f 1154/447/275 1162/458/275 1161/456/275
f 1155/448/276 1163/459/276 1162/458/276
f 1156/460/277 1164/461/277 1163/462/277
f 1157/463/278 1165/464/278 1164/461/278
f 1158/465/279 1160/299/279 1165/464/279
f 1159/457/280 1140/466/280 1138/270/280
f 1161/456/281 1141/467/281 1140/466/281
f 1162/458/282 1142/468/282 1141/467/282
f 1163/469/283 1143/470/283 1142/471/283
f 1164/472/284 1144/473/284 1143/470/284
f 1165/474/285 1139/297/285 1144/473/285
f 1061/475/286 1105/382/286 1063/341/286
f 1105/382/287 1064/342/287 1063/341/287
f 1106/384/288 1065/476/288 1064/342/288
f 1107/477/289 1066/478/289 1065/479/289
f 1108/480/290 1067/481/290 1066/478/290
f 1067/481/291 1104/273/291 1062/280/291
f 1068/308/292 1133/435/292 1131/269/292
f 1133/435/293 1071/310/293 1134/437/293
f 1071/310/294 1135/482/294 1134/437/294
f 1072/483/295 1136/484/295 1135/485/295
f 1073/486/296 1137/487/296 1136/484/296
f 1074/488/297 1132/274/297 1137/487/297
f 1139/297/298 1172/489/298 1144/490/298
f 1144/490/299 1171/491/299 1143/492/299
f 1143/492/300 1170/493/300 1142/494/300
f 1170/493/301 1141/467/301 1142/494/301
f 1169/395/302 1140/466/302 1141/467/302
f 1168/393/303 1138/270/303 1140/466/303
f 1097/495/304 1179/496/304 1174/282/304
f 1102/497/305 1178/498/305 1179/496/305
f 1101/499/306 1177/500/306 1178/498/306
f 1100/501/307 1176/426/307 1177/502/307
f 1099/354/308 1175/424/308 1176/426/308
f 1098/352/309 1173/425/309 1175/424/309
f 1076/350/310 1042/281/310 1045/261/310
f 1243/260/171 1205/261/171 1204/119/171
f 1215/262/172 1313/263/172 1306/264/172
f 1201/265/173 1250/266/173 1203/267/173
f 1277/268/5 1291/269/5 1298/270/5
f 1285/271/174 1206/272/174 1264/273/174
f 1292/274/175 1201/265/175 1212/275/175
f 1207/276/176 1271/277/176 1257/278/176
f 1203/267/177 1243/279/177 1204/116/177
f 1222/280/178 1206/272/178 1202/281/178
f 1207/276/179 1334/282/179 1216/283/179
f 1278/284/180 1208/285/180 1285/271/180
f 1212/275/181 1306/286/181 1292/274/181
f 1210/287/182 1278/284/182 1271/277/182
f 1355/288/183 1216/283/183 1334/289/183
f 1348/290/184 1218/291/184 1355/292/184
f 1220/293/185 1348/290/185 1341/294/185
f 1320/295/186 1211/296/186 1299/297/186
f 1313/263/187 1213/298/187 1320/299/187
f 1217/300/188 1341/301/188 1327/302/188
f 1327/302/189 1211/296/189 1217/300/189
f 1219/303/1 1201/304/1 1202/305/1
f 1249/306/190 1230/307/190 1228/308/190
f 1251/309/311 1231/310/311 1230/307/311
f 1252/311/192 1232/312/192 1231/310/192
f 1253/313/193 1233/314/193 1232/315/193
f 1254/316/194 1234/317/194 1233/314/194
f 1255/318/195 1229/319/195 1234/317/195
f 1242/320/196 1251/309/196 1249/306/196
f 1244/321/197 1252/311/197 1251/309/197
f 1245/322/198 1253/323/198 1252/311/198
f 1246/324/199 1254/325/199 1253/326/199
f 1247/327/200 1255/328/200 1254/325/200
f 1248/329/201 1250/266/201 1255/328/201
f 1242/320/202 1237/330/202 1244/321/202
f 1244/321/203 1238/331/203 1245/322/203
f 1245/322/204 1239/332/204 1246/333/204
f 1246/334/205 1240/335/205 1247/336/205
f 1247/336/206 1241/337/206 1248/338/206
f 1248/338/207 1236/339/207 1243/260/207
f 1235/340/208 1223/341/208 1237/330/208
f 1237/330/209 1224/342/209 1238/331/209
f 1238/331/210 1225/343/210 1239/344/210
f 1239/345/211 1226/346/211 1240/347/211
f 1240/347/212 1227/348/212 1241/349/212
f 1241/349/213 1222/280/213 1236/350/213
f 1270/351/214 1258/352/214 1272/353/214
f 1272/353/215 1259/354/215 1273/355/215
f 1273/355/216 1260/356/216 1274/357/216
f 1274/358/217 1261/359/217 1275/360/217
f 1275/360/218 1262/361/218 1276/362/218
f 1276/362/219 1257/278/219 1271/277/219
f 1277/268/220 1272/353/220 1279/363/220
f 1279/363/221 1273/355/221 1280/364/221
f 1280/364/222 1274/365/222 1281/366/222
f 1281/367/223 1275/368/223 1282/369/223
f 1282/369/224 1276/370/224 1283/371/224
f 1283/371/225 1271/277/225 1278/284/225
f 1277/268/226 1286/372/226 1284/373/226
f 1279/363/227 1287/374/227 1286/372/227
f 1280/364/228 1288/375/228 1287/374/228
f 1281/376/229 1289/377/229 1288/378/229
f 1282/379/230 1290/380/230 1289/377/230
f 1283/381/231 1285/271/231 1290/380/231
f 1284/373/232 1265/382/232 1263/383/232
f 1286/372/233 1266/384/233 1265/382/233
f 1287/374/234 1267/385/234 1266/384/234
f 1288/386/235 1268/387/235 1267/388/235
f 1289/389/236 1269/390/236 1268/387/236
f 1290/391/312 1264/273/312 1269/390/312
f 1340/392/238 1328/393/238 1342/394/238
f 1342/394/239 1329/395/239 1343/396/239
f 1343/396/240 1330/397/240 1344/398/240
f 1344/399/241 1331/400/241 1345/401/241
f 1345/401/242 1332/402/242 1346/403/242
f 1346/403/243 1327/302/243 1341/301/243
f 1347/404/244 1342/394/244 1349/405/244
f 1349/405/245 1343/396/245 1350/406/245
f 1350/406/246 1344/407/246 1351/408/246
f 1351/409/247 1345/410/247 1352/411/247
f 1352/411/248 1346/412/248 1353/413/248
f 1353/413/249 1341/294/249 1348/290/249
f 1347/404/250 1356/414/250 1354/415/250
f 1349/405/251 1357/416/251 1356/414/251
f 1350/406/252 1358/417/252 1357/416/252
f 1351/418/253 1359/419/253 1358/420/253
f 1352/421/254 1360/422/254 1359/419/254
f 1353/423/255 1355/292/255 1360/422/255
f 1354/415/256 1335/424/256 1333/425/256
f 1356/414/257 1336/426/257 1335/424/257
f 1357/416/258 1337/427/258 1336/426/258
f 1358/428/259 1338/429/259 1337/430/259
f 1359/431/260 1339/432/260 1338/429/260
f 1360/433/261 1334/289/261 1339/432/261
f 1305/434/262 1293/435/262 1307/436/262
f 1307/436/263 1294/437/263 1308/438/263
f 1308/438/264 1295/439/264 1309/440/264
f 1309/441/265 1296/442/265 1310/443/265
f 1310/443/266 1297/444/266 1311/445/266
f 1311/445/267 1292/274/267 1306/286/267
f 1312/446/268 1307/436/268 1314/447/268
f 1314/447/269 1308/438/269 1315/448/269
f 1315/448/270 1309/449/270 1316/450/270
f 1316/451/271 1310/452/271 1317/453/271
f 1317/453/272 1311/454/272 1318/455/272
f 1318/455/273 1306/264/273 1313/263/273
f 1312/446/274 1321/456/274 1319/457/274
f 1314/447/275 1322/458/275 1321/456/275
f 1315/448/276 1323/459/276 1322/458/276
f 1316/460/277 1324/461/277 1323/462/277
f 1317/463/278 1325/464/278 1324/461/278
f 1318/465/279 1320/299/279 1325/464/279
f 1319/457/280 1300/466/280 1298/270/280
f 1321/456/281 1301/467/281 1300/466/281
f 1322/458/313 1302/468/313 1301/467/313
f 1323/469/283 1303/470/283 1302/471/283
f 1324/472/284 1304/473/284 1303/470/284
f 1325/474/314 1299/297/314 1304/473/314
f 1221/475/286 1265/382/286 1223/341/286
f 1265/382/287 1224/342/287 1223/341/287
f 1224/342/315 1267/503/315 1225/476/315
f 1267/477/316 1226/478/316 1225/479/316
f 1268/480/290 1227/481/290 1226/478/290
f 1227/481/291 1264/273/291 1222/280/291
f 1291/269/292 1230/307/292 1293/435/292
f 1230/307/293 1294/437/293 1293/435/293
f 1231/310/294 1295/482/294 1294/437/294
f 1232/483/295 1296/484/295 1295/485/295
f 1233/486/296 1297/487/296 1296/484/296
f 1234/488/297 1292/274/297 1297/487/297
f 1299/297/298 1332/489/298 1304/490/298
f 1304/490/299 1331/491/299 1303/492/299
f 1303/492/300 1330/493/300 1302/494/300
f 1330/493/301 1301/467/301 1302/494/301
f 1329/395/302 1300/466/302 1301/467/302
f 1328/393/303 1298/270/303 1300/466/303
f 1257/495/304 1339/496/304 1334/282/304
f 1262/497/305 1338/498/305 1339/496/305
f 1261/499/306 1337/500/306 1338/498/306
f 1260/501/307 1336/426/307 1337/502/307
f 1336/426/308 1258/352/308 1335/424/308
f 1258/352/309 1333/425/309 1335/424/309
f 1236/350/310 1202/281/310 1205/261/310
f 1403/260/317 1365/261/317 1364/119/317
f 1375/262/318 1473/263/318 1466/264/318
f 1361/265/173 1410/266/173 1363/267/173
f 1437/268/5 1451/269/5 1458/270/5
f 1445/271/174 1366/272/174 1424/273/174
f 1452/274/175 1361/265/175 1372/275/175
f 1367/276/176 1431/277/176 1417/278/176
f 1363/267/177 1403/279/177 1364/116/177
f 1382/280/178 1366/272/178 1362/281/178
f 1367/276/179 1494/282/179 1376/283/179
f 1438/284/180 1368/285/180 1445/271/180
f 1372/275/181 1466/286/181 1452/274/181
f 1370/287/182 1438/284/182 1431/277/182
f 1515/288/183 1376/283/183 1494/289/183
f 1508/290/184 1378/291/184 1515/292/184
f 1380/293/185 1508/290/185 1501/294/185
f 1480/295/186 1371/296/186 1459/297/186
f 1473/263/187 1373/298/187 1480/299/187
f 1377/300/188 1501/301/188 1487/302/188
f 1487/302/189 1371/296/189 1377/300/189
f 1379/303/1 1361/304/1 1362/305/1
f 1409/306/190 1390/307/190 1388/308/190
f 1411/309/311 1391/310/311 1390/307/311
f 1412/311/192 1392/312/192 1391/310/192
f 1413/313/319 1393/314/319 1392/315/319
f 1414/316/194 1394/317/194 1393/314/194
f 1415/318/195 1389/319/195 1394/317/195
f 1402/320/196 1411/309/196 1409/306/196
f 1404/321/197 1412/311/197 1411/309/197
f 1405/322/198 1413/323/198 1412/311/198
f 1406/324/199 1414/325/199 1413/326/199
f 1407/327/200 1415/328/200 1414/325/200
f 1408/329/201 1410/266/201 1415/328/201
f 1402/320/202 1397/330/202 1404/321/202
f 1404/321/203 1398/331/203 1405/322/203
f 1405/322/204 1399/332/204 1406/333/204
f 1406/334/205 1400/335/205 1407/336/205
f 1407/336/206 1401/337/206 1408/338/206
f 1408/338/207 1396/339/207 1403/260/207
f 1395/340/208 1383/341/208 1397/330/208
f 1397/330/209 1384/342/209 1398/331/209
f 1398/331/210 1385/343/210 1399/344/210
f 1399/345/211 1386/346/211 1400/347/211
f 1400/347/212 1387/348/212 1401/349/212
f 1401/349/213 1382/280/213 1396/350/213
f 1430/351/214 1418/352/214 1432/353/214
f 1432/353/215 1419/354/215 1433/355/215
f 1433/355/216 1420/356/216 1434/357/216
f 1434/358/217 1421/359/217 1435/360/217
f 1435/360/218 1422/361/218 1436/362/218
f 1436/362/219 1417/278/219 1431/277/219
f 1437/268/220 1432/353/220 1439/363/220
f 1439/363/221 1433/355/221 1440/364/221
f 1440/364/222 1434/365/222 1441/366/222
f 1441/367/223 1435/368/223 1442/369/223
f 1442/369/224 1436/370/224 1443/371/224
f 1443/371/225 1431/277/225 1438/284/225
f 1437/268/226 1446/372/226 1444/373/226
f 1439/363/227 1447/374/227 1446/372/227
f 1440/364/228 1448/375/228 1447/374/228
f 1441/376/229 1449/377/229 1448/378/229
f 1442/379/230 1450/380/230 1449/377/230
f 1443/381/231 1445/271/231 1450/380/231
f 1444/373/232 1425/382/232 1423/383/232
f 1446/372/320 1426/384/320 1425/382/320
f 1447/374/321 1427/385/321 1426/384/321
f 1448/386/235 1428/387/235 1427/388/235
f 1449/389/236 1429/390/236 1428/387/236
f 1450/391/237 1424/273/237 1429/390/237
f 1500/392/238 1488/393/238 1502/394/238
f 1502/394/239 1489/395/239 1503/396/239
f 1503/396/240 1490/397/240 1504/398/240
f 1504/399/241 1491/400/241 1505/401/241
f 1505/401/242 1492/402/242 1506/403/242
f 1506/403/243 1487/302/243 1501/301/243
f 1507/404/244 1502/394/244 1509/405/244
f 1509/405/245 1503/396/245 1510/406/245
f 1510/406/246 1504/407/246 1511/408/246
f 1511/409/247 1505/410/247 1512/411/247
f 1512/411/248 1506/412/248 1513/413/248
f 1513/413/249 1501/294/249 1508/290/249
f 1507/404/250 1516/414/250 1514/415/250
f 1509/405/251 1517/416/251 1516/414/251
f 1510/406/252 1518/417/252 1517/416/252
f 1511/418/253 1519/419/253 1518/420/253
f 1512/421/254 1520/422/254 1519/419/254
f 1513/423/255 1515/292/255 1520/422/255
f 1514/415/256 1495/424/256 1493/425/256
f 1516/414/257 1496/426/257 1495/424/257
f 1517/416/258 1497/427/258 1496/426/258
f 1518/428/322 1498/429/322 1497/430/322
f 1519/431/260 1499/432/260 1498/429/260
f 1520/433/261 1494/289/261 1499/432/261
f 1465/434/262 1453/435/262 1467/436/262
f 1467/436/263 1454/437/263 1468/438/263
f 1468/438/264 1455/439/264 1469/440/264
f 1469/441/265 1456/442/265 1470/443/265
f 1470/443/266 1457/444/266 1471/445/266
f 1471/445/267 1452/274/267 1466/286/267
f 1472/446/268 1467/436/268 1474/447/268
f 1474/447/269 1468/438/269 1475/448/269
f 1475/448/270 1469/449/270 1476/450/270
f 1476/451/271 1470/452/271 1477/453/271
f 1477/453/272 1471/454/272 1478/455/272
f 1478/455/273 1466/264/273 1473/263/273
f 1472/446/274 1481/456/274 1479/457/274
f 1474/447/275 1482/458/275 1481/456/275
f 1475/448/276 1483/459/276 1482/458/276
f 1476/460/277 1484/461/277 1483/462/277
f 1477/463/278 1485/464/278 1484/461/278
f 1478/465/279 1480/299/279 1485/464/279
f 1479/457/280 1460/466/280 1458/270/280
f 1481/456/281 1461/467/281 1460/466/281
f 1482/458/282 1462/468/282 1461/467/282
f 1483/469/283 1463/470/283 1462/471/283
f 1484/472/284 1464/473/284 1463/470/284
f 1485/474/323 1459/297/323 1464/473/323
f 1423/383/286 1383/341/286 1381/475/286
f 1425/382/287 1384/342/287 1383/341/287
f 1384/342/324 1427/503/324 1385/476/324
f 1385/479/325 1428/480/325 1386/478/325
f 1386/478/326 1429/504/326 1387/481/326
f 1429/504/291 1382/280/291 1387/481/291
f 1451/269/327 1390/307/327 1453/435/327
f 1453/435/293 1391/310/293 1454/437/293
f 1391/310/294 1455/482/294 1454/437/294
f 1392/483/295 1456/484/295 1455/485/295
f 1393/486/296 1457/487/296 1456/484/296
f 1394/488/297 1452/274/297 1457/487/297
f 1487/302/298 1464/490/298 1459/297/298
f 1492/489/299 1463/492/299 1464/490/299
f 1491/491/328 1462/494/328 1463/492/328
f 1490/493/301 1461/467/301 1462/494/301
f 1489/395/302 1460/466/302 1461/467/302
f 1488/393/303 1458/270/303 1460/466/303
f 1417/495/304 1499/496/304 1494/282/304
f 1422/497/305 1498/498/305 1499/496/305
f 1421/499/306 1497/500/306 1498/498/306
f 1497/502/307 1419/354/307 1496/426/307
f 1496/426/308 1418/352/308 1495/424/308
f 1418/352/329 1493/425/329 1495/424/329
f 1396/350/310 1362/281/310 1365/261/310
f 1563/260/171 1525/261/171 1524/119/171
f 1535/262/172 1633/263/172 1626/264/172
f 1521/265/173 1570/266/173 1523/267/173
f 1597/268/5 1611/269/5 1618/270/5
f 1605/271/174 1526/272/174 1584/273/174
f 1612/274/175 1521/265/175 1532/275/175
f 1527/276/176 1591/277/176 1577/278/176
f 1523/267/177 1563/279/177 1524/116/177
f 1542/280/178 1526/272/178 1522/281/178
f 1527/276/179 1654/282/179 1536/283/179
f 1598/284/180 1528/285/180 1605/271/180
f 1532/275/181 1626/286/181 1612/274/181
f 1530/287/182 1598/284/182 1591/277/182
f 1675/288/183 1536/283/183 1654/289/183
f 1668/290/184 1538/291/184 1675/292/184
f 1540/293/185 1668/290/185 1661/294/185
f 1640/295/186 1531/296/186 1619/297/186
f 1633/263/187 1533/298/187 1640/299/187
f 1537/300/188 1661/301/188 1647/302/188
f 1647/302/189 1531/296/189 1537/300/189
f 1539/303/1 1521/304/1 1522/305/1
f 1569/306/190 1550/307/190 1548/308/190
f 1571/309/311 1551/310/311 1550/307/311
f 1572/311/330 1552/312/330 1551/310/330
f 1573/313/193 1553/314/193 1552/315/193
f 1574/316/194 1554/317/194 1553/314/194
f 1575/318/195 1549/319/195 1554/317/195
f 1562/320/196 1571/309/196 1569/306/196
f 1564/321/197 1572/311/197 1571/309/197
f 1565/322/198 1573/323/198 1572/311/198
f 1566/324/199 1574/325/199 1573/326/199
f 1567/327/200 1575/328/200 1574/325/200
f 1568/329/201 1570/266/201 1575/328/201
f 1562/320/202 1557/330/202 1564/321/202
f 1564/321/203 1558/331/203 1565/322/203
f 1565/322/204 1559/332/204 1566/333/204
f 1566/334/205 1560/335/205 1567/336/205
f 1567/336/206 1561/337/206 1568/338/206
f 1568/338/207 1556/339/207 1563/260/207
f 1555/340/208 1543/341/208 1557/330/208
f 1557/330/331 1544/342/331 1558/331/331
f 1558/331/210 1545/343/210 1559/344/210
f 1559/345/211 1546/346/211 1560/347/211
f 1560/347/212 1547/348/212 1561/349/212
f 1561/349/213 1542/280/213 1556/350/213
f 1590/351/214 1578/352/214 1592/353/214
f 1592/353/215 1579/354/215 1593/355/215
f 1593/355/216 1580/356/216 1594/357/216
f 1594/358/217 1581/359/217 1595/360/217
f 1595/360/332 1582/361/332 1596/362/332
f 1596/362/333 1577/278/333 1591/277/333
f 1597/268/220 1592/353/220 1599/363/220
f 1599/363/221 1593/355/221 1600/364/221
f 1600/364/334 1594/365/334 1601/366/334
f 1601/367/223 1595/368/223 1602/369/223
f 1602/369/224 1596/370/224 1603/371/224
f 1603/371/225 1591/277/225 1598/284/225
f 1597/268/226 1606/372/226 1604/373/226
f 1599/363/227 1607/374/227 1606/372/227
f 1600/364/228 1608/375/228 1607/374/228
f 1601/376/229 1609/377/229 1608/378/229
f 1602/379/230 1610/380/230 1609/377/230
f 1603/381/231 1605/271/231 1610/380/231
f 1604/373/232 1585/382/232 1583/383/232
f 1606/372/335 1586/384/335 1585/382/335
f 1607/374/321 1587/385/321 1586/384/321
f 1608/386/235 1588/387/235 1587/388/235
f 1609/389/236 1589/390/236 1588/387/236
f 1610/391/312 1584/273/312 1589/390/312
f 1660/392/238 1648/393/238 1662/394/238
f 1662/394/239 1649/395/239 1663/396/239
f 1663/396/240 1650/397/240 1664/398/240
f 1664/399/241 1651/400/241 1665/401/241
f 1665/401/242 1652/402/242 1666/403/242
f 1666/403/243 1647/302/243 1661/301/243
f 1667/404/244 1662/394/244 1669/405/244
f 1669/405/245 1663/396/245 1670/406/245
f 1670/406/246 1664/407/246 1671/408/246
f 1671/409/247 1665/410/247 1672/411/247
f 1672/411/248 1666/412/248 1673/413/248
f 1673/413/249 1661/294/249 1668/290/249
f 1667/404/250 1676/414/250 1674/415/250
f 1669/405/251 1677/416/251 1676/414/251
f 1670/406/252 1678/417/252 1677/416/252
f 1671/418/253 1679/419/253 1678/420/253
f 1672/421/254 1680/422/254 1679/419/254
f 1673/423/255 1675/292/255 1680/422/255
f 1674/415/256 1655/424/256 1653/425/256
f 1676/414/257 1656/426/257 1655/424/257
f 1677/416/258 1657/427/258 1656/426/258
f 1678/428/259 1658/429/259 1657/430/259
f 1679/431/260 1659/432/260 1658/429/260
f 1680/433/261 1654/289/261 1659/432/261
f 1625/434/262 1613/435/262 1627/436/262
f 1627/436/263 1614/437/263 1628/438/263
f 1628/438/264 1615/439/264 1629/440/264
f 1629/441/265 1616/442/265 1630/443/265
f 1630/443/266 1617/444/266 1631/445/266
f 1631/445/336 1612/274/336 1626/286/336
f 1632/446/268 1627/436/268 1634/447/268
f 1634/447/269 1628/438/269 1635/448/269
f 1635/448/270 1629/449/270 1636/450/270
f 1636/451/271 1630/452/271 1637/453/271
f 1637/453/272 1631/454/272 1638/455/272
f 1638/455/273 1626/264/273 1633/263/273
f 1632/446/274 1641/456/274 1639/457/274
f 1634/447/275 1642/458/275 1641/456/275
f 1635/448/276 1643/459/276 1642/458/276
f 1636/460/277 1644/461/277 1643/462/277
f 1637/463/278 1645/464/278 1644/461/278
f 1638/465/279 1640/299/279 1645/464/279
f 1639/457/280 1620/466/280 1618/270/280
f 1641/456/281 1621/467/281 1620/466/281
f 1642/458/282 1622/468/282 1621/467/282
f 1643/469/283 1623/470/283 1622/471/283
f 1644/472/284 1624/473/284 1623/470/284
f 1645/474/323 1619/297/323 1624/473/323
f 1541/475/286 1585/382/286 1543/341/286
f 1585/382/337 1544/342/337 1543/341/337
f 1586/384/315 1545/476/315 1544/342/315
f 1545/479/325 1588/480/325 1546/478/325
f 1546/478/326 1589/504/326 1547/481/326
f 1589/504/291 1542/280/291 1547/481/291
f 1611/269/292 1550/307/292 1613/435/292
f 1613/435/293 1551/310/293 1614/437/293
f 1551/310/294 1615/482/294 1614/437/294
f 1615/485/295 1553/486/295 1616/484/295
f 1553/486/296 1617/487/296 1616/484/296
f 1554/488/297 1612/274/297 1617/487/297
f 1647/302/298 1624/490/298 1619/297/298
f 1652/489/299 1623/492/299 1624/490/299
f 1651/491/328 1622/494/328 1623/492/328
f 1650/493/301 1621/467/301 1622/494/301
f 1649/395/302 1620/466/302 1621/467/302
f 1648/393/303 1618/270/303 1620/466/303
f 1577/495/304 1659/496/304 1654/282/304
f 1582/497/305 1658/498/305 1659/496/305
f 1581/499/306 1657/500/306 1658/498/306
f 1657/502/338 1579/354/338 1656/426/338
f 1579/354/308 1655/424/308 1656/426/308
f 1578/352/309 1653/425/309 1655/424/309
f 1556/350/310 1522/281/310 1525/261/310
f 1769/1/1 1774/2/1 1688/3/1
f 1803/4/1 1807/5/1 1716/6/1
f 1728/7/1 1788/8/1 1792/9/1
f 1685/10/1 1757/11/1 1754/12/1
f 1696/13/2 1777/14/2 1689/15/2
f 1769/16/3 1700/17/3 1762/18/3
f 1785/19/4 1708/20/4 1778/21/4
f 1713/22/1 1687/23/1 1717/24/1
f 1687/23/1 1721/25/1 1717/24/1
f 1686/26/1 1725/27/1 1721/25/1
f 1704/28/3 1793/29/3 1697/30/3
f 1729/31/5 1691/32/5 1733/33/5
f 1691/32/5 1737/34/5 1733/33/5
f 1690/35/5 1741/36/5 1737/34/5
f 1793/37/5 1798/38/5 1692/39/5
f 1693/40/6 1691/32/6 1692/39/6
f 1694/41/2 1690/35/2 1691/32/2
f 1695/42/7 1689/15/7 1690/35/7
f 1712/43/4 1745/44/4 1705/45/4
f 1685/46/8 1683/47/8 1684/48/8
f 1686/49/9 1682/50/9 1683/47/9
f 1687/51/10 1681/52/10 1682/50/10
f 1683/53/5 1744/54/5 1684/55/5
f 1739/56/5 1744/54/5 1740/57/5
f 1738/58/5 1743/59/5 1739/56/5
f 1737/34/5 1742/60/5 1738/58/5
f 1736/61/5 1683/53/5 1682/62/5
f 1735/63/5 1740/57/5 1736/61/5
f 1734/64/5 1739/56/5 1735/63/5
f 1733/33/5 1738/58/5 1734/64/5
f 1732/65/5 1682/62/5 1681/66/5
f 1731/67/5 1736/61/5 1732/65/5
f 1731/67/5 1734/64/5 1735/63/5
f 1729/31/5 1734/64/5 1730/68/5
f 1688/69/9 1761/70/9 1681/52/9
f 1699/71/5 1732/65/5 1700/72/5
f 1698/73/5 1731/67/5 1699/71/5
f 1698/73/5 1729/31/5 1730/68/5
f 1695/42/1 1728/7/1 1696/13/1
f 1723/74/1 1728/7/1 1724/75/1
f 1722/76/1 1727/77/1 1723/74/1
f 1721/25/1 1726/78/1 1722/76/1
f 1720/79/1 1695/42/1 1694/41/1
f 1720/79/1 1723/74/1 1724/75/1
f 1718/80/1 1723/74/1 1719/81/1
f 1717/24/1 1722/76/1 1718/80/1
f 1716/6/1 1694/41/1 1693/40/1
f 1715/82/1 1720/79/1 1716/6/1
f 1714/83/1 1719/81/1 1715/82/1
f 1713/22/1 1718/80/1 1714/83/1
f 1703/84/1 1716/6/1 1704/85/1
f 1702/86/1 1715/82/1 1703/84/1
f 1702/86/1 1713/22/1 1714/83/1
f 1801/87/2 1692/39/2 1794/88/2
f 1728/7/1 1710/89/1 1709/90/1
f 1726/78/1 1710/89/1 1727/77/1
f 1725/27/1 1711/91/1 1726/78/1
f 1753/92/9 1684/48/9 1746/93/9
f 1744/54/5 1706/94/5 1705/95/5
f 1742/60/5 1706/94/5 1743/59/5
f 1741/36/5 1707/96/5 1742/60/5
f 1689/15/5 1781/97/5 1778/98/5
f 1709/99/11 1707/100/11 1708/20/11
f 1710/101/4 1706/102/4 1707/100/4
f 1711/103/12 1705/45/12 1706/102/12
f 1763/104/5 1767/105/5 1732/65/5
f 1701/106/13 1699/107/13 1700/17/13
f 1702/108/3 1698/109/3 1699/107/3
f 1703/110/14 1697/30/14 1698/109/14
f 1754/111/15 1747/112/15 1745/44/15
f 1760/113/16 1748/114/16 1747/112/16
f 1759/115/17 1749/116/17 1748/114/17
f 1758/117/18 1750/118/18 1749/119/18
f 1757/120/19 1751/121/19 1750/118/19
f 1756/122/20 1752/123/20 1751/121/20
f 1755/124/21 1746/93/21 1752/123/21
f 1762/18/22 1771/125/22 1769/16/22
f 1768/126/23 1772/127/23 1771/125/23
f 1767/128/24 1773/129/24 1772/127/24
f 1766/130/25 1774/131/25 1773/129/25
f 1765/132/26 1775/133/26 1774/131/26
f 1764/134/27 1776/135/27 1775/133/27
f 1763/136/28 1770/137/28 1776/135/28
f 1794/88/29 1803/138/29 1801/87/29
f 1800/139/30 1804/140/30 1803/138/30
f 1799/141/31 1805/142/31 1804/140/31
f 1798/143/32 1806/144/32 1805/142/32
f 1797/145/33 1807/146/33 1806/144/33
f 1796/147/34 1808/148/34 1807/146/34
f 1795/149/35 1802/150/35 1808/148/35
f 1778/21/36 1787/151/36 1785/19/36
f 1784/152/37 1788/153/37 1787/151/37
f 1783/154/38 1789/155/38 1788/153/38
f 1782/156/39 1790/157/39 1789/155/39
f 1781/158/40 1791/159/40 1790/157/40
f 1780/160/41 1792/161/41 1791/159/41
f 1779/162/42 1786/163/42 1792/161/42
f 1744/54/5 1748/164/5 1752/165/5
f 1903/175/4 1916/176/4 1891/177/4
f 1932/178/1 1940/179/1 1910/180/1
f 1891/177/363 1905/181/363 1903/175/363
f 1902/182/364 1906/183/364 1905/181/364
f 1901/184/365 1907/185/365 1906/183/365
f 1900/186/366 1908/187/366 1907/185/366
f 1899/188/367 1909/189/367 1908/187/367
f 1898/190/368 1910/167/368 1909/189/368
f 1897/166/369 1911/191/369 1910/167/369
f 1896/192/370 1912/193/370 1911/191/370
f 1895/194/371 1913/195/371 1912/193/371
f 1894/196/372 1914/197/372 1913/195/372
f 1893/198/373 1915/199/373 1914/197/373
f 1892/200/374 1904/117/374 1915/199/374
f 1917/170/375 1930/201/375 1841/171/375
f 1928/202/376 1931/203/376 1930/201/376
f 1927/204/377 1932/205/377 1931/203/377
f 1926/206/378 1933/207/378 1932/205/378
f 1925/208/379 1934/209/379 1933/207/379
f 1924/210/380 1935/169/380 1934/209/380
f 1923/168/381 1936/211/381 1935/169/381
f 1922/212/382 1937/213/382 1936/211/382
f 1921/214/383 1938/215/383 1937/213/383
f 1920/216/384 1939/217/384 1938/215/384
f 1919/218/385 1940/219/385 1939/217/385
f 1918/220/386 1929/221/386 1940/219/386
f 1894/222/5 1902/223/5 1923/224/5
f 2124/175/3 2137/176/3 2112/177/3
f 2152/178/1 2160/179/1 2131/180/1
f 2112/177/339 2126/181/339 2124/175/339
f 2123/182/427 2127/183/427 2126/181/427
f 2122/184/428 2128/185/428 2127/183/428
f 2121/186/429 2129/187/429 2128/185/429
f 2120/188/430 2130/189/430 2129/187/430
f 2119/190/431 2131/167/431 2130/189/431
f 2118/166/432 2132/191/432 2131/167/432
f 2117/192/433 2133/193/433 2132/191/433
f 2116/194/434 2134/195/434 2133/193/434
f 2115/196/435 2135/197/435 2134/195/435
f 2114/198/436 2136/199/436 2135/197/436
f 2113/200/437 2125/117/437 2136/199/437
f 2061/170/438 2150/201/438 2111/171/438
f 2148/202/439 2151/203/439 2150/201/439
f 2147/204/440 2152/205/440 2151/203/440
f 2146/206/441 2153/207/441 2152/205/441
f 2145/208/442 2154/209/442 2153/207/442
f 2144/210/443 2155/169/443 2154/209/443
f 2143/168/444 2156/211/444 2155/169/444
f 2142/212/445 2157/213/445 2156/211/445
f 2141/214/446 2158/215/446 2157/213/446
f 2140/216/447 2159/217/447 2158/215/447
f 2139/218/448 2160/219/448 2159/217/448
f 2138/220/362 2149/221/362 2160/219/362
f 2115/222/5 2123/223/5 2143/224/5
f 2345/175/2 2357/176/2 2333/177/2
f 2372/178/1 2380/179/1 2351/180/1
f 2333/177/492 2346/181/492 2345/175/492
f 2344/182/493 2347/183/493 2346/181/493
f 2343/184/494 2348/185/494 2347/183/494
f 2342/186/495 2349/187/495 2348/185/495
f 2341/188/496 2350/189/496 2349/187/496
f 2340/190/497 2351/167/497 2350/189/497
f 2339/166/498 2352/191/498 2351/167/498
f 2338/192/499 2353/193/499 2352/191/499
f 2337/194/500 2354/195/500 2353/193/500
f 2336/196/501 2355/197/501 2354/195/501
f 2335/198/502 2356/199/502 2355/197/502
f 2334/200/503 2281/117/503 2356/199/503
f 2331/170/504 2370/201/504 2332/171/504
f 2368/202/505 2371/203/505 2370/201/505
f 2367/204/506 2372/205/506 2371/203/506
f 2366/206/507 2373/207/507 2372/205/507
f 2365/208/508 2374/209/508 2373/207/508
f 2364/210/509 2375/169/509 2374/209/509
f 2363/168/510 2376/211/510 2375/169/510
f 2362/212/511 2377/213/511 2376/211/511
f 2361/214/512 2378/215/512 2377/213/512
f 2360/216/513 2379/217/513 2378/215/513
f 2359/218/514 2380/219/514 2379/217/514
f 2358/220/515 2369/221/515 2380/219/515
f 2336/222/5 2344/223/5 2363/224/5
f 2565/175/9 2577/176/9 2553/177/9
f 2592/178/1 2600/179/1 2571/180/1
f 2553/177/468 2566/181/468 2565/175/468
f 2564/182/550 2567/183/550 2566/181/550
f 2563/184/470 2568/185/470 2567/183/470
f 2562/186/471 2569/187/471 2568/185/471
f 2561/188/551 2570/189/551 2569/187/551
f 2560/190/552 2571/167/552 2570/189/552
f 2559/166/553 2572/191/553 2571/167/553
f 2558/192/554 2573/193/554 2572/191/554
f 2557/194/555 2574/195/555 2573/193/555
f 2556/196/556 2575/197/556 2574/195/556
f 2555/198/557 2576/199/557 2575/197/557
f 2554/200/558 2540/117/558 2576/199/558
f 2501/170/559 2590/201/559 2502/171/559
f 2588/202/560 2591/203/560 2590/201/560
f 2587/204/561 2592/205/561 2591/203/561
f 2586/206/562 2593/207/562 2592/205/562
f 2585/208/563 2594/209/563 2593/207/563
f 2584/210/564 2595/169/564 2594/209/564
f 2583/168/565 2596/211/565 2595/169/565
f 2582/212/566 2597/213/566 2596/211/566
f 2581/214/567 2598/215/567 2597/213/567
f 2580/216/489 2599/217/489 2598/215/489
f 2579/218/490 2600/219/490 2599/217/490
f 2578/220/491 2589/221/491 2600/219/491
f 2556/222/5 2564/223/5 2583/224/5
f 2722/505/582 2723/506/582 2721/507/582
f 2724/508/583 2725/509/583 2723/506/583
f 2726/510/584 2727/511/584 2725/509/584
f 2728/512/585 2729/174/585 2727/511/585
f 2730/513/586 2731/514/586 2729/174/586
f 2732/515/587 2733/516/587 2731/514/587
f 2734/517/588 2735/518/588 2733/516/588
f 2736/519/589 2737/520/589 2735/518/589
f 2738/521/590 2739/522/590 2737/520/590
f 2740/523/591 2741/524/591 2739/522/591
f 2742/525/592 2743/526/592 2741/524/592
f 2744/527/593 2745/169/593 2743/526/593
f 2746/528/594 2747/529/594 2745/169/594
f 2748/530/595 2749/531/595 2747/529/595
f 2750/532/596 2751/533/596 2749/531/596
f 2752/534/597 2753/535/597 2751/533/597
f 2754/536/598 2755/537/598 2753/535/598
f 2756/538/599 2757/539/599 2755/537/599
f 2758/540/600 2759/541/600 2757/539/600
f 2760/542/601 2761/168/601 2759/541/601
f 2762/116/602 2763/543/602 2761/168/602
f 2764/544/603 2765/545/603 2763/543/603
f 2766/546/604 2767/547/604 2765/545/604
f 2768/548/605 2769/549/605 2767/547/605
f 2770/550/606 2771/551/606 2769/549/606
f 2772/552/607 2773/553/607 2771/551/607
f 2774/554/608 2775/555/608 2773/553/608
f 2776/556/609 2777/173/609 2775/555/609
f 2778/557/610 2779/558/610 2777/173/610
f 2780/559/611 2781/560/611 2779/558/611
f 2758/561/1 2742/562/1 2726/563/1
f 2782/564/612 2783/565/612 2781/560/612
f 2784/566/613 2721/567/613 2783/565/613
f 2751/568/5 2767/569/5 2783/570/5
f 2787/505/614 2789/571/614 2785/572/614
f 2790/573/615 2792/574/615 2789/571/615
f 2794/575/616 2796/576/616 2792/574/616
f 2798/577/617 2801/578/617 2796/576/617
f 2803/579/618 2804/580/618 2801/578/618
f 2807/581/619 2881/582/619 2804/580/619
f 2808/583/620 2882/584/620 2809/585/620
f 2809/585/621 2810/586/621 2808/583/621
f 2812/587/622 2814/588/622 2810/586/622
f 2816/589/623 2818/590/623 2814/588/623
f 2820/591/624 2822/592/624 2818/590/624
f 2825/593/625 2827/594/625 2822/592/625
f 2829/595/626 2830/596/626 2827/594/626
f 2832/597/627 2834/598/627 2830/596/627
f 2836/599/628 2838/600/628 2834/598/628
f 2840/601/629 2842/602/629 2838/600/629
f 2844/603/630 2846/604/630 2842/602/630
f 2847/605/631 2849/606/631 2846/604/631
f 2851/607/632 2885/608/632 2849/606/632
f 2853/609/633 2886/610/633 2854/611/633
f 2854/611/634 2855/612/634 2853/609/634
f 2857/613/635 2860/614/635 2855/612/635
f 2862/615/636 2864/616/636 2860/614/636
f 2866/617/637 2867/618/637 2864/616/637
f 2870/619/638 2871/620/638 2867/618/638
f 2874/621/639 2785/622/639 2871/620/639
f 2876/505/627 2888/623/627 2889/624/627
f 2877/596/639 2892/625/639 2890/626/639
f 2877/596/614 2895/627/614 2878/597/614
f 2876/628/626 2897/629/626 2875/622/626
f 2789/571/5 2888/623/5 2875/572/5
f 2790/573/1 2876/505/1 2889/624/1
f 2789/571/5 2901/574/5 2899/571/5
f 2900/575/1 2790/573/1 2791/630/1
f 2796/576/5 2793/631/5 2901/574/5
f 2798/577/1 2900/575/1 2795/632/1
f 2801/578/5 2797/633/5 2903/634/5
f 2803/579/1 2902/635/1 2799/636/1
f 2801/578/5 2907/580/5 2800/637/5
f 2807/581/1 2904/579/1 2802/638/1
f 2804/580/640 2805/639/640 2907/580/640
f 2806/640/1 2807/581/1 2906/581/1
f 2810/586/641 2811/641/641 2808/583/641
f 2812/587/1 2813/642/1 2908/587/1
f 2814/588/640 2815/643/640 2909/644/640
f 2812/587/1 2817/645/1 2910/589/1
f 2814/588/5 2913/590/5 2819/646/5
f 2820/591/1 2910/589/1 2821/647/1
f 2822/592/5 2823/648/5 2913/590/5
f 2825/593/1 2912/591/1 2824/649/1
f 2827/594/5 2826/650/5 2915/592/5
f 2829/595/1 2914/593/1 2828/651/1
f 2827/594/5 2877/596/5 2831/652/5
f 2832/597/1 2893/653/1 2833/654/1
f 2834/598/5 2894/655/5 2877/596/5
f 2836/599/1 2878/597/1 2895/627/1
f 2834/598/5 2918/600/5 2916/598/5
f 2917/601/1 2836/599/1 2835/656/1
f 2837/657/5 2838/600/5 2920/602/5
f 2844/603/1 2917/601/1 2839/658/1
f 2846/604/5 2841/659/5 2920/602/5
f 2847/605/1 2919/603/1 2843/660/1
f 2849/606/5 2845/661/5 2922/604/5
f 2851/607/1 2921/605/1 2848/662/1
f 2849/606/642 2850/663/642 2924/606/642
f 2852/664/1 2851/607/1 2923/607/1
f 2855/612/643 2856/665/643 2853/609/643
f 2857/613/1 2858/666/1 2925/613/1
f 2860/614/642 2859/667/642 2926/612/642
f 2857/613/1 2861/668/1 2927/615/1
f 2864/616/5 2863/669/5 2928/614/5
f 2866/617/1 2927/615/1 2865/670/1
f 2867/618/5 2868/671/5 2930/616/5
f 2866/617/1 2869/672/1 2931/619/1
f 2871/620/5 2872/673/5 2932/618/5
f 2870/619/1 2873/674/1 2879/621/1
f 2871/620/5 2875/622/5 2786/675/5
f 2787/628/1 2879/676/1 2788/677/1
f 2786/507/644 2898/678/644 2788/505/644
f 2899/679/644 2889/680/644 2888/681/644
f 2901/682/645 2795/575/646 2900/683/647
f 2903/684/648 2799/577/648 2902/685/648
f 2904/686/649 2797/687/649 2905/688/649
f 2907/689/650 2806/581/650 2906/690/650
f 2806/581/651 2881/691/651 2880/692/651
f 2808/693/652 2813/587/652 2809/694/652
f 2908/695/653 2811/696/653 2909/697/653
f 2911/698/654 2821/591/654 2910/699/654
f 2913/700/655 2824/593/655 2912/701/655
f 2914/702/656 2915/703/656 2828/595/656
f 2828/595/657 2891/704/657 2893/705/657
f 2831/706/657 2893/707/657 2891/708/657
f 2831/706/658 2892/709/658 2833/597/658
f 2916/710/658 2895/711/658 2894/712/658
f 2918/713/659 2839/601/660 2917/714/661
f 2920/715/662 2843/603/662 2919/716/662
f 2921/717/663 2841/718/663 2922/719/663
f 2924/720/664 2852/607/664 2923/721/664
f 2850/722/665 2884/723/665 2852/607/665
f 2853/724/666 2858/613/666 2854/725/666
f 2925/726/667 2856/727/667 2926/728/667
f 2928/729/668 2865/617/668 2927/730/668
f 2930/731/669 2869/619/669 2929/732/669
f 2932/733/670 2873/621/670 2931/734/670
f 2873/621/671 2896/735/672 2879/736/671
f 2786/737/673 2879/738/673 2896/739/673
f 3019/740/1 3024/741/1 3028/742/1
f 3061/743/1 3065/744/1 3060/745/1
f 2961/746/1 3042/747/1 3046/748/1
f 2963/749/5 2992/750/5 2996/751/5
f 2958/752/2 3029/753/2 2960/754/2
f 3019/755/3 2942/756/3 3010/757/3
f 2965/758/1 2949/759/1 2972/760/1
f 2966/761/5 2953/762/5 2970/763/5
f 2968/764/2 2938/765/2 2966/761/2
f 2959/766/9 2934/767/9 2957/768/9
f 2950/769/3 2938/769/3 2953/769/3
f 2969/770/5 2933/771/5 2967/772/5
f 2958/752/4 2980/746/4 2961/746/4
f 2940/773/5 2950/774/5 2939/775/5
f 2968/764/2 2974/775/2 2939/775/2
f 2982/774/1 2972/760/1 2983/759/1
f 3059/776/2 2966/761/2 3050/777/2
f 2962/778/1 2947/779/1 2961/746/1
f 2959/780/1 3003/781/1 3007/782/1
f 2964/783/5 2945/784/5 2963/749/5
f 2960/754/5 3033/785/5 3037/786/5
f 2947/787/4 2945/788/4 2946/789/4
f 3011/790/5 3015/791/5 3010/792/5
f 2943/793/3 2941/794/3 2942/756/3
f 2985/795/1 2961/746/1 2986/769/1
f 2956/796/5 2957/797/5 2934/798/5
f 2961/746/9 2977/799/9 2952/799/9
f 2948/800/4 2989/801/4 2945/788/4
f 2935/802/1 2962/778/1 2951/795/1
f 2937/803/5 2964/783/5 2955/804/5
f 2940/773/2 2960/754/2 2937/803/2
f 2943/805/1 2971/806/1 2944/807/1
f 2941/808/5 2969/770/5 2942/809/5
f 2965/810/9 3009/811/9 2967/812/9
f 3049/813/5 3054/814/5 3058/815/5
f 2944/816/3 3049/817/3 2941/794/3
f 3039/818/4 2946/789/4 3030/819/4
f 2936/820/9 2967/812/9 2933/821/9
f 2976/774/1 2975/773/1 2974/775/1
f 2978/806/1 2974/775/1 2973/764/1
f 2977/799/1 2979/752/1 2975/773/1
f 2971/806/3 2973/764/3 2968/764/3
f 2939/775/2 2975/773/2 2940/773/2
f 2940/773/2 2979/752/2 2958/752/2
f 2950/774/9 2978/806/9 2971/806/9
f 2952/799/9 2976/774/9 2950/774/9
f 2937/769/3 2952/769/3 2940/769/3
f 2949/759/4 2933/821/4 2954/822/4
f 2934/767/3 2951/795/3 2956/796/3
f 2953/769/2 2982/769/2 2950/769/2
f 2951/795/2 2988/796/2 2956/796/2
f 2981/762/3 2983/759/3 2982/774/3
f 2949/759/9 2984/822/9 2954/822/9
f 2969/770/5 2981/762/5 2984/822/5
f 2986/769/3 2988/796/3 2985/795/3
f 2955/769/9 2986/769/9 2952/769/9
f 2988/796/5 2964/783/5 2963/749/5
f 3000/823/674 2991/824/674 2989/801/674
f 3008/825/675 2992/826/675 2991/824/675
f 3007/827/676 2993/828/676 2992/826/676
f 3006/829/677 2994/830/677 2993/828/677
f 3005/831/18 2995/116/18 2994/830/18
f 3004/117/678 2996/832/678 2995/119/678
f 3003/833/679 2997/834/679 2996/832/679
f 3002/835/680 2998/836/680 2997/834/680
f 3001/837/681 2990/838/681 2998/836/681
f 3010/757/682 3021/839/682 3019/755/682
f 3018/840/683 3022/841/683 3021/839/683
f 3017/842/684 3023/843/684 3022/841/684
f 3016/844/685 3024/845/685 3023/843/685
f 3015/846/25 3025/847/25 3024/845/25
f 3014/848/686 3026/849/686 3025/847/686
f 3013/850/687 3027/851/687 3026/849/687
f 3012/852/688 3028/853/688 3027/851/688
f 3011/854/689 3020/855/689 3028/853/689
f 3050/777/690 3061/856/690 3059/776/690
f 3058/857/691 3062/858/691 3061/856/691
f 3057/859/692 3063/860/692 3062/858/692
f 3056/861/693 3064/862/693 3063/860/693
f 3055/863/32 3065/864/32 3064/862/32
f 3054/865/694 3066/866/694 3065/864/694
f 3053/867/695 3067/868/695 3066/866/695
f 3052/869/696 3068/870/696 3067/868/696
f 3051/871/697 3060/872/697 3068/870/697
f 3030/819/698 3041/873/698 3039/818/698
f 3038/874/699 3042/875/699 3041/873/699
f 3037/876/700 3043/877/700 3042/875/700
f 3036/878/701 3044/879/701 3043/877/701
f 3035/880/39 3045/881/39 3044/879/39
f 3034/882/702 3046/883/702 3045/881/702
f 3033/884/703 3047/885/703 3046/883/703
f 3032/886/704 3048/887/704 3047/885/704
f 3031/888/705 3040/889/705 3048/887/705
f 2999/890/9 2957/768/9 2990/838/9
f 33/22/1 21/891/1 89/1/1
f 89/1/1 91/892/1 92/893/1
f 92/893/1 93/894/1 94/2/1
f 94/2/1 95/895/1 96/896/1
f 96/896/1 90/897/1 8/3/1
f 8/3/1 33/22/1 89/1/1
f 89/1/1 92/893/1 94/2/1
f 94/2/1 96/896/1 8/3/1
f 13/40/1 121/87/1 123/4/1
f 123/4/1 124/898/1 125/899/1
f 125/899/1 126/900/1 127/5/1
f 127/5/1 128/901/1 122/902/1
f 122/902/1 24/85/1 36/6/1
f 36/6/1 13/40/1 123/4/1
f 123/4/1 125/899/1 127/5/1
f 127/5/1 122/902/1 36/6/1
f 106/163/1 16/13/1 48/7/1
f 48/7/1 29/90/1 105/903/1
f 105/903/1 107/904/1 108/8/1
f 108/8/1 109/905/1 110/906/1
f 110/906/1 111/907/1 112/9/1
f 112/9/1 106/163/1 48/7/1
f 48/7/1 105/903/1 108/8/1
f 108/8/1 110/906/1 112/9/1
f 32/908/1 45/27/1 5/10/1
f 5/10/1 73/909/1 75/910/1
f 75/910/1 76/911/1 77/11/1
f 77/11/1 78/912/1 79/913/1
f 79/913/1 80/914/1 74/12/1
f 74/12/1 32/908/1 5/10/1
f 5/10/1 75/910/1 77/11/1
f 77/11/1 79/913/1 74/12/1
f 16/13/2 106/163/2 97/14/2
f 89/16/3 21/106/3 20/17/3
f 105/19/4 29/99/4 28/20/4
f 33/22/1 8/3/1 7/23/1
f 7/23/1 6/26/1 41/25/1
f 6/26/1 5/10/1 45/27/1
f 24/28/3 122/150/3 113/29/3
f 49/31/5 12/39/5 11/32/5
f 11/32/5 10/35/5 57/34/5
f 10/35/5 9/15/5 61/36/5
f 49/31/5 17/915/5 113/37/5
f 113/37/5 115/916/5 116/917/5
f 116/917/5 117/918/5 118/38/5
f 118/38/5 119/919/5 120/920/5
f 120/920/5 114/88/5 12/39/5
f 12/39/5 49/31/5 113/37/5
f 113/37/5 116/917/5 118/38/5
f 118/38/5 120/920/5 12/39/5
f 13/40/6 14/41/6 11/32/6
f 14/41/2 15/42/2 10/35/2
f 15/42/7 16/13/7 9/15/7
f 32/43/4 74/111/4 65/44/4
f 5/46/8 6/49/8 3/47/8
f 6/49/9 7/51/9 2/50/9
f 7/51/10 8/69/10 1/52/10
f 3/53/5 60/57/5 64/54/5
f 59/56/5 63/59/5 64/54/5
f 58/58/5 62/60/5 63/59/5
f 57/34/5 61/36/5 62/60/5
f 56/61/5 60/57/5 3/53/5
f 55/63/5 59/56/5 60/57/5
f 54/64/5 58/58/5 59/56/5
f 53/33/5 57/34/5 58/58/5
f 52/65/5 56/61/5 2/62/5
f 51/67/5 55/63/5 56/61/5
f 51/67/5 50/68/5 54/64/5
f 49/31/5 53/33/5 54/64/5
f 8/69/9 90/137/9 81/70/9
f 19/71/5 51/67/5 52/65/5
f 18/73/5 50/68/5 51/67/5
f 18/73/5 17/915/5 49/31/5
f 15/42/1 44/75/1 48/7/1
f 43/74/1 47/77/1 48/7/1
f 42/76/1 46/78/1 47/77/1
f 41/25/1 45/27/1 46/78/1
f 40/79/1 44/75/1 15/42/1
f 40/79/1 39/81/1 43/74/1
f 38/80/1 42/76/1 43/74/1
f 37/24/1 41/25/1 42/76/1
f 36/6/1 40/79/1 14/41/1
f 35/82/1 39/81/1 40/79/1
f 34/83/1 38/80/1 39/81/1
f 33/22/1 37/24/1 38/80/1
f 23/84/1 35/82/1 36/6/1
f 22/86/1 34/83/1 35/82/1
f 22/86/1 21/891/1 33/22/1
f 121/87/2 13/40/2 12/39/2
f 48/7/1 47/77/1 30/89/1
f 46/78/1 31/91/1 30/89/1
f 45/27/1 32/908/1 31/91/1
f 73/92/9 5/46/9 4/48/9
f 64/54/5 63/59/5 26/94/5
f 62/60/5 27/96/5 26/94/5
f 61/36/5 28/921/5 27/96/5
f 28/921/5 61/36/5 9/15/5
f 9/15/5 97/14/5 99/922/5
f 99/922/5 100/923/5 101/97/5
f 101/97/5 102/924/5 103/925/5
f 103/925/5 104/926/5 98/98/5
f 98/98/5 28/921/5 9/15/5
f 9/15/5 99/922/5 101/97/5
f 101/97/5 103/925/5 98/98/5
f 29/99/11 30/101/11 27/100/11
f 30/101/4 31/103/4 26/102/4
f 31/103/12 32/43/12 25/45/12
f 1/66/5 81/927/5 83/104/5
f 83/104/5 84/928/5 85/929/5
f 85/929/5 86/930/5 87/105/5
f 87/105/5 88/931/5 82/932/5
f 82/932/5 20/72/5 52/65/5
f 52/65/5 1/66/5 83/104/5
f 83/104/5 85/929/5 87/105/5
f 87/105/5 82/932/5 52/65/5
f 21/106/13 22/108/13 19/107/13
f 22/108/3 23/110/3 18/109/3
f 23/110/14 24/28/14 17/30/14
f 74/111/15 80/113/15 67/112/15
f 80/113/16 79/115/16 68/114/16
f 79/115/17 78/528/17 69/116/17
f 78/117/18 77/120/18 70/118/18
f 77/120/19 76/122/19 71/121/19
f 76/122/20 75/124/20 72/123/20
f 75/124/21 73/92/21 66/93/21
f 82/18/22 88/126/22 91/125/22
f 88/126/23 87/128/23 92/127/23
f 87/128/24 86/130/24 93/129/24
f 86/130/25 85/132/25 94/131/25
f 85/132/26 84/134/26 95/133/26
f 84/134/27 83/136/27 96/135/27
f 83/136/28 81/70/28 90/137/28
f 114/88/29 120/139/29 123/138/29
f 120/139/30 119/141/30 124/140/30
f 119/141/31 118/143/31 125/142/31
f 118/143/32 117/145/32 126/144/32
f 117/145/33 116/147/33 127/146/33
f 116/147/34 115/149/34 128/148/34
f 115/149/35 113/29/35 122/150/35
f 98/21/36 104/152/36 107/151/36
f 104/152/37 103/154/37 108/153/37
f 103/154/38 102/156/38 109/155/38
f 102/156/39 101/158/39 110/157/39
f 101/158/40 100/160/40 111/159/40
f 100/160/41 99/162/41 112/161/41
f 99/162/42 97/14/42 106/163/42
f 66/933/5 4/55/5 64/54/5
f 64/54/5 25/95/5 65/934/5
f 65/934/5 67/935/5 68/164/5
f 68/164/5 69/936/5 70/937/5
f 70/937/5 71/938/5 72/165/5
f 72/165/5 66/933/5 64/54/5
f 64/54/5 65/934/5 68/164/5
f 68/164/5 70/937/5 72/165/5
f 225/175/4 249/221/4 237/176/4
f 199/239/1 212/171/1 250/939/1
f 250/939/1 251/940/1 252/178/1
f 252/178/1 253/941/1 254/942/1
f 254/942/1 255/943/1 256/944/1
f 256/944/1 257/945/1 258/946/1
f 258/946/1 259/947/1 260/179/1
f 260/179/1 249/948/1 225/949/1
f 225/949/1 226/950/1 227/951/1
f 227/951/1 228/952/1 229/953/1
f 229/953/1 230/954/1 231/180/1
f 231/180/1 232/955/1 233/956/1
f 233/956/1 234/957/1 235/958/1
f 235/958/1 236/959/1 199/239/1
f 199/239/1 250/939/1 252/178/1
f 252/178/1 254/942/1 256/944/1
f 256/944/1 258/946/1 260/179/1
f 260/179/1 225/949/1 227/951/1
f 227/951/1 229/953/1 231/180/1
f 231/180/1 233/956/1 235/958/1
f 235/958/1 199/239/1 252/178/1
f 252/178/1 256/944/1 260/179/1
f 260/179/1 227/951/1 231/180/1
f 231/180/1 235/958/1 252/178/1
f 213/177/67 224/182/67 226/181/67
f 224/182/68 223/184/68 227/183/68
f 223/184/69 222/186/69 228/185/69
f 222/186/70 221/188/70 229/187/70
f 221/188/71 220/190/71 230/189/71
f 220/190/72 219/166/72 231/167/72
f 219/166/73 218/192/73 232/191/73
f 218/192/74 217/194/74 233/193/74
f 217/194/75 216/196/75 234/195/75
f 216/196/76 215/198/76 235/197/76
f 215/198/77 214/200/77 236/199/77
f 214/200/78 162/119/78 199/117/78
f 161/170/79 248/202/79 250/201/79
f 248/202/708 247/204/708 251/203/708
f 247/204/81 246/206/81 252/205/81
f 246/206/82 245/208/82 253/207/82
f 245/208/83 244/210/83 254/209/83
f 244/210/84 243/168/84 255/169/84
f 243/168/85 242/212/85 256/211/85
f 242/212/86 241/214/86 257/213/86
f 241/214/87 240/216/87 258/215/87
f 240/216/88 239/218/88 259/217/88
f 239/218/89 238/220/89 260/219/89
f 238/220/90 237/176/90 249/221/90
f 161/170/5 162/172/5 214/960/5
f 214/960/5 215/961/5 216/222/5
f 216/222/5 217/962/5 218/963/5
f 218/963/5 219/964/5 220/965/5
f 220/965/5 221/966/5 222/967/5
f 222/967/642 223/968/642 224/223/642
f 224/223/5 213/969/5 237/970/5
f 237/970/5 238/971/5 239/972/5
f 239/972/642 240/973/642 241/974/642
f 241/974/5 242/975/5 243/224/5
f 243/224/5 244/976/5 245/977/5
f 245/977/5 246/978/5 247/979/5
f 247/979/5 248/980/5 161/170/5
f 161/170/5 214/960/5 216/222/5
f 216/222/5 218/963/5 220/965/5
f 220/965/5 222/967/5 224/223/5
f 224/223/5 237/970/5 239/972/5
f 239/972/640 241/974/640 243/224/640
f 243/224/640 245/977/640 247/979/640
f 247/979/5 161/170/5 216/222/5
f 216/222/5 220/965/5 224/223/5
f 224/223/5 239/972/5 243/224/5
f 243/224/5 247/979/5 216/222/5
f 445/175/3 469/221/3 457/176/3
f 431/239/1 394/171/1 470/939/1
f 470/939/1 471/940/1 472/178/1
f 472/178/1 473/941/1 474/942/1
f 474/942/1 475/943/1 476/944/1
f 476/944/1 477/945/1 478/946/1
f 478/946/1 479/947/1 480/179/1
f 480/179/1 469/948/1 445/949/1
f 445/949/1 446/950/1 447/951/1
f 447/951/1 448/952/1 449/953/1
f 449/953/1 450/954/1 451/180/1
f 451/180/1 452/955/1 453/956/1
f 453/956/1 454/957/1 455/958/1
f 455/958/1 456/959/1 431/239/1
f 431/239/1 470/939/1 472/178/1
f 472/178/1 474/942/1 476/944/1
f 476/944/1 478/946/1 480/179/1
f 480/179/1 445/949/1 447/951/1
f 447/951/1 449/953/1 451/180/1
f 451/180/1 453/956/1 455/958/1
f 455/958/1 431/239/1 472/178/1
f 472/178/1 476/944/1 480/179/1
f 480/179/1 447/951/1 451/180/1
f 451/180/1 455/958/1 472/178/1
f 433/177/43 444/182/43 446/181/43
f 444/182/44 443/184/44 447/183/44
f 443/184/45 442/186/45 448/185/45
f 442/186/46 441/188/46 449/187/46
f 441/188/47 440/190/47 450/189/47
f 440/190/48 439/166/48 451/167/48
f 439/166/49 438/192/49 452/191/49
f 438/192/50 437/194/50 453/193/50
f 437/194/51 436/196/51 454/195/51
f 436/196/52 435/198/52 455/197/52
f 435/198/706 434/200/706 456/199/706
f 434/200/54 430/119/54 431/117/54
f 432/170/55 468/202/55 470/201/55
f 468/202/56 467/204/56 471/203/56
f 467/204/57 466/206/57 472/205/57
f 466/206/58 465/208/58 473/207/58
f 465/208/59 464/210/59 474/209/59
f 464/210/60 463/168/60 475/169/60
f 463/168/61 462/212/61 476/211/61
f 462/212/62 461/214/62 477/213/62
f 461/214/63 460/216/63 478/215/63
f 460/216/64 459/218/64 479/217/64
f 459/218/65 458/220/65 480/219/65
f 458/220/66 457/176/66 469/221/66
f 432/170/5 430/172/5 434/960/5
f 434/960/5 435/961/5 436/222/5
f 436/222/5 437/962/5 438/963/5
f 438/963/711 439/964/711 440/965/711
f 440/965/642 441/966/642 442/967/642
f 442/967/640 443/968/640 444/223/640
f 444/223/5 433/969/5 457/970/5
f 457/970/5 458/971/5 459/972/5
f 459/972/640 460/973/640 461/974/640
f 461/974/5 462/975/5 463/224/5
f 463/224/5 464/976/5 465/977/5
f 465/977/5 466/978/5 467/979/5
f 467/979/707 468/980/707 432/170/707
f 432/170/5 434/960/5 436/222/5
f 436/222/640 438/963/640 440/965/640
f 440/965/5 442/967/5 444/223/5
f 444/223/5 457/970/5 459/972/5
f 459/972/642 461/974/642 463/224/642
f 463/224/642 465/977/642 467/979/642
f 467/979/5 432/170/5 436/222/5
f 436/222/5 440/965/5 444/223/5
f 444/223/5 459/972/5 463/224/5
f 463/224/5 467/979/5 436/222/5
f 663/175/2 689/221/2 676/176/2
f 664/239/1 601/171/1 690/939/1
f 690/939/1 691/940/1 692/178/1
f 692/178/1 693/941/1 694/942/1
f 694/942/1 695/943/1 696/944/1
f 696/944/1 697/945/1 698/946/1
f 698/946/1 699/947/1 700/179/1
f 700/179/1 689/948/1 663/949/1
f 663/949/1 665/950/1 666/951/1
f 666/951/1 667/952/1 668/953/1
f 668/953/1 669/954/1 670/180/1
f 670/180/1 671/955/1 672/956/1
f 672/956/1 673/957/1 674/958/1
f 674/958/1 675/959/1 664/239/1
f 664/239/1 690/939/1 692/178/1
f 692/178/1 694/942/1 696/944/1
f 696/944/1 698/946/1 700/179/1
f 700/179/1 663/949/1 666/951/1
f 666/951/1 668/953/1 670/180/1
f 670/180/1 672/956/1 674/958/1
f 674/958/1 664/239/1 692/178/1
f 692/178/1 696/944/1 700/179/1
f 700/179/1 666/951/1 670/180/1
f 670/180/1 674/958/1 692/178/1
f 651/177/131 662/182/131 665/181/131
f 662/182/132 661/184/132 666/183/132
f 661/184/133 660/186/133 667/185/133
f 660/186/134 659/188/134 668/187/134
f 659/188/135 658/190/135 669/189/135
f 658/190/136 657/166/136 670/167/136
f 657/166/137 656/192/137 671/191/137
f 656/192/138 655/194/138 672/193/138
f 655/194/139 654/196/139 673/195/139
f 654/196/140 653/198/140 674/197/140
f 653/198/716 652/200/716 675/199/716
f 652/200/142 627/119/142 664/117/142
f 677/170/143 688/202/143 690/201/143
f 688/202/717 687/204/717 691/203/717
f 687/204/145 686/206/145 692/205/145
f 686/206/146 685/208/146 693/207/146
f 685/208/147 684/210/147 694/209/147
f 684/210/148 683/168/148 695/169/148
f 683/168/149 682/212/149 696/211/149
f 682/212/150 681/214/150 697/213/150
f 681/214/151 680/216/151 698/215/151
f 680/216/152 679/218/152 699/217/152
f 679/218/153 678/220/153 700/219/153
f 678/220/154 676/176/154 689/221/154
f 677/170/5 627/172/5 652/960/5
f 652/960/5 653/961/5 654/222/5
f 654/222/5 655/962/5 656/963/5
f 656/963/5 657/964/5 658/965/5
f 658/965/5 659/966/5 660/967/5
f 660/967/715 661/968/715 662/223/715
f 662/223/718 651/969/718 676/970/718
f 676/970/5 678/971/5 679/972/5
f 679/972/715 680/973/715 681/974/715
f 681/974/715 682/975/715 683/224/715
f 683/224/713 684/976/713 685/977/713
f 685/977/713 686/978/713 687/979/713
f 687/979/5 688/980/5 677/170/5
f 677/170/5 652/960/5 654/222/5
f 654/222/5 656/963/5 658/965/5
f 658/965/5 660/967/5 662/223/5
f 662/223/643 676/970/643 679/972/643
f 679/972/640 681/974/640 683/224/640
f 683/224/642 685/977/642 687/979/642
f 687/979/5 677/170/5 654/222/5
f 654/222/5 658/965/5 662/223/5
f 662/223/5 679/972/5 683/224/5
f 683/224/5 687/979/5 654/222/5
f 884/175/9 909/221/9 896/176/9
f 859/239/1 908/171/1 910/939/1
f 910/939/1 911/940/1 912/178/1
f 912/178/1 913/941/1 914/942/1
f 914/942/1 915/943/1 916/944/1
f 916/944/1 917/945/1 918/946/1
f 918/946/1 919/947/1 920/179/1
f 920/179/1 909/948/1 884/949/1
f 884/949/1 885/950/1 886/951/1
f 886/951/1 887/952/1 888/953/1
f 888/953/1 889/954/1 890/180/1
f 890/180/1 891/955/1 892/956/1
f 892/956/1 893/957/1 894/958/1
f 894/958/1 895/959/1 859/239/1
f 859/239/1 910/939/1 912/178/1
f 912/178/1 914/942/1 916/944/1
f 916/944/1 918/946/1 920/179/1
f 920/179/1 884/949/1 886/951/1
f 886/951/1 888/953/1 890/180/1
f 890/180/1 892/956/1 894/958/1
f 894/958/1 859/239/1 912/178/1
f 912/178/1 916/944/1 920/179/1
f 920/179/1 886/951/1 890/180/1
f 890/180/1 894/958/1 912/178/1
f 872/177/107 883/182/107 885/181/107
f 883/182/108 882/184/108 886/183/108
f 882/184/109 881/186/109 887/185/109
f 881/186/110 880/188/110 888/187/110
f 880/188/111 879/190/111 889/189/111
f 879/190/112 878/166/112 890/167/112
f 878/166/113 877/192/113 891/191/113
f 877/192/114 876/194/114 892/193/114
f 876/194/115 875/196/115 893/195/115
f 875/196/116 874/198/116 894/197/116
f 874/198/117 873/200/117 895/199/117
f 873/200/118 847/119/118 859/117/118
f 821/170/119 907/202/119 910/201/119
f 907/202/721 906/204/721 911/203/721
f 906/204/121 905/206/121 912/205/121
f 905/206/122 904/208/122 913/207/122
f 904/208/123 903/210/123 914/209/123
f 903/210/124 902/168/124 915/169/124
f 902/168/125 901/212/125 916/211/125
f 901/212/126 900/214/126 917/213/126
f 900/214/127 899/216/127 918/215/127
f 899/216/128 898/218/128 919/217/128
f 898/218/129 897/220/129 920/219/129
f 897/220/130 896/176/130 909/221/130
f 821/170/5 847/172/5 873/960/5
f 873/960/5 874/961/5 875/222/5
f 875/222/5 876/962/5 877/963/5
f 877/963/5 878/964/5 879/965/5
f 879/965/5 880/966/5 881/967/5
f 881/967/713 882/968/713 883/223/713
f 883/223/714 872/969/714 896/970/714
f 896/970/5 897/971/5 898/972/5
f 898/972/713 899/973/713 900/974/713
f 900/974/713 901/975/713 902/224/713
f 902/224/715 903/976/715 904/977/715
f 904/977/715 905/978/715 906/979/715
f 906/979/5 907/980/5 821/170/5
f 821/170/5 873/960/5 875/222/5
f 875/222/5 877/963/5 879/965/5
f 879/965/5 881/967/5 883/223/5
f 883/223/641 896/970/641 898/972/641
f 898/972/642 900/974/642 902/224/642
f 902/224/640 904/977/640 906/979/640
f 906/979/5 821/170/5 875/222/5
f 875/222/5 879/965/5 883/223/5
f 883/223/5 898/972/5 902/224/5
f 902/224/5 906/979/5 875/222/5
f 1083/260/171 1076/339/171 1045/261/171
f 1055/262/172 1054/170/172 1153/263/172
f 1041/265/173 1069/319/173 1090/266/173
f 1138/270/5 1166/1012/5 1180/392/5
f 1180/392/5 1187/404/5 1194/415/5
f 1194/415/5 1173/425/5 1096/1013/5
f 1096/1013/5 1110/351/5 1117/268/5
f 1117/268/5 1124/373/5 1103/383/5
f 1103/383/5 1061/475/5 1075/340/5
f 1075/340/5 1082/320/5 1089/306/5
f 1089/306/5 1068/308/5 1131/269/5
f 1131/269/5 1145/434/5 1152/446/5
f 1152/446/5 1159/457/5 1138/270/5
f 1138/270/5 1180/392/5 1194/415/5
f 1194/415/5 1096/1013/5 1117/268/5
f 1117/268/5 1103/383/5 1075/340/5
f 1075/340/5 1089/306/5 1131/269/5
f 1131/269/5 1152/446/5 1138/270/5
f 1138/270/5 1194/415/5 1117/268/5
f 1117/268/5 1075/340/5 1131/269/5
f 1125/271/174 1048/285/174 1046/272/174
f 1132/274/175 1069/319/175 1041/265/175
f 1047/276/176 1050/287/176 1111/277/176
f 1043/267/177 1090/266/177 1083/279/177
f 1062/280/178 1104/273/178 1046/272/178
f 1047/276/179 1097/495/179 1174/282/179
f 1118/284/180 1049/166/180 1048/285/180
f 1052/275/181 1055/262/181 1146/286/181
f 1050/287/182 1049/166/182 1118/284/182
f 1195/288/183 1058/291/183 1056/283/183
f 1188/290/184 1059/168/184 1058/291/184
f 1060/293/185 1059/168/185 1188/290/185
f 1160/295/186 1053/298/186 1051/296/186
f 1153/263/187 1054/170/187 1053/298/187
f 1057/300/188 1060/293/188 1181/301/188
f 1167/302/189 1139/297/189 1051/296/189
f 1042/305/1 1046/1014/1 1048/1015/1
f 1048/1015/1 1049/1016/1 1050/1017/1
f 1050/1017/1 1047/1018/1 1056/1019/1
f 1056/1019/1 1058/1020/1 1059/303/1
f 1059/303/1 1060/1021/1 1057/1022/1
f 1057/1022/1 1051/296/1 1053/1023/1
f 1053/1023/1 1054/1024/1 1055/1025/1
f 1055/1025/1 1052/1026/1 1041/304/1
f 1041/304/1 1043/1027/1 1044/1028/1
f 1044/1028/1 1045/1029/1 1042/305/1
f 1042/305/1 1048/1015/1 1050/1017/1
f 1050/1017/1 1056/1019/1 1059/303/1
f 1059/303/1 1057/1022/1 1053/1023/1
f 1053/1023/1 1055/1025/1 1041/304/1
f 1041/304/1 1044/1028/1 1042/305/1
f 1042/305/1 1050/1017/1 1059/303/1
f 1059/303/1 1053/1023/1 1041/304/1
f 1089/306/722 1091/309/722 1070/307/722
f 1091/309/723 1092/311/723 1071/310/723
f 1092/311/724 1093/1030/724 1072/312/724
f 1093/313/725 1094/316/725 1073/314/725
f 1094/316/726 1095/318/726 1074/317/726
f 1095/318/727 1090/266/727 1069/319/727
f 1082/320/728 1084/321/728 1091/309/728
f 1084/321/729 1085/322/729 1092/311/729
f 1085/322/730 1086/1031/730 1093/323/730
f 1086/324/731 1087/327/731 1094/325/731
f 1087/327/200 1088/329/200 1095/328/200
f 1088/329/201 1083/279/201 1090/266/201
f 1082/320/732 1075/340/732 1077/330/732
f 1084/321/203 1077/330/203 1078/331/203
f 1085/322/204 1078/331/204 1079/332/204
f 1086/334/733 1079/1032/733 1080/335/733
f 1087/336/206 1080/335/206 1081/337/206
f 1088/338/734 1081/337/734 1076/339/734
f 1075/340/735 1061/475/735 1063/341/735
f 1077/330/736 1063/341/736 1064/342/736
f 1078/331/737 1064/342/737 1065/343/737
f 1079/345/738 1065/1033/738 1066/346/738
f 1080/347/739 1066/346/739 1067/348/739
f 1081/349/213 1067/348/213 1062/280/213
f 1110/351/740 1096/1013/740 1098/352/740
f 1112/353/741 1098/352/741 1099/354/741
f 1113/355/742 1099/354/742 1100/356/742
f 1114/358/743 1100/1034/743 1101/359/743
f 1115/360/744 1101/359/744 1102/361/744
f 1116/362/745 1102/361/745 1097/278/745
f 1117/268/746 1110/351/746 1112/353/746
f 1119/363/747 1112/353/747 1113/355/747
f 1120/364/334 1113/355/334 1114/365/334
f 1121/367/748 1114/1035/748 1115/368/748
f 1122/369/224 1115/368/224 1116/370/224
f 1123/371/225 1116/370/225 1111/277/225
f 1117/268/749 1119/363/749 1126/372/749
f 1119/363/227 1120/364/227 1127/374/227
f 1120/364/228 1121/1036/228 1128/375/228
f 1121/376/750 1122/379/750 1129/377/750
f 1122/379/230 1123/381/230 1130/380/230
f 1123/381/751 1118/284/751 1125/271/751
f 1124/373/752 1126/372/752 1105/382/752
f 1126/372/753 1127/374/753 1106/384/753
f 1127/374/754 1128/1037/754 1107/385/754
f 1128/386/755 1129/389/755 1108/387/755
f 1129/389/756 1130/391/756 1109/390/756
f 1130/391/312 1125/271/312 1104/273/312
f 1180/392/757 1166/1012/757 1168/393/757
f 1182/394/758 1168/393/758 1169/395/758
f 1183/396/759 1169/395/759 1170/397/759
f 1184/399/760 1170/1038/760 1171/400/760
f 1185/401/761 1171/400/761 1172/402/761
f 1186/403/762 1172/402/762 1167/302/762
f 1187/404/763 1180/392/763 1182/394/763
f 1189/405/245 1182/394/245 1183/396/245
f 1190/406/246 1183/396/246 1184/407/246
f 1191/409/764 1184/1039/764 1185/410/764
f 1192/411/248 1185/410/248 1186/412/248
f 1193/413/249 1186/412/249 1181/294/249
f 1187/404/765 1189/405/765 1196/414/765
f 1189/405/766 1190/406/766 1197/416/766
f 1190/406/767 1191/1040/767 1198/417/767
f 1191/418/768 1192/421/768 1199/419/768
f 1192/421/254 1193/423/254 1200/422/254
f 1193/423/255 1188/290/255 1195/292/255
f 1194/415/769 1196/414/769 1175/424/769
f 1196/414/770 1197/416/770 1176/426/770
f 1197/416/771 1198/1041/771 1177/427/771
f 1198/428/772 1199/431/772 1178/429/772
f 1199/431/773 1200/433/773 1179/432/773
f 1200/433/774 1195/288/774 1174/289/774
f 1145/434/775 1131/269/775 1133/435/775
f 1147/436/776 1133/435/776 1134/437/776
f 1148/438/777 1134/437/777 1135/439/777
f 1149/441/778 1135/1042/778 1136/442/778
f 1150/443/779 1136/442/779 1137/444/779
f 1151/445/780 1137/444/780 1132/274/780
f 1152/446/781 1145/434/781 1147/436/781
f 1154/447/782 1147/436/782 1148/438/782
f 1155/448/783 1148/438/783 1149/449/783
f 1156/451/784 1149/1043/784 1150/452/784
f 1157/453/272 1150/452/272 1151/454/272
f 1158/455/273 1151/454/273 1146/264/273
f 1152/446/785 1154/447/785 1161/456/785
f 1154/447/275 1155/448/275 1162/458/275
f 1155/448/276 1156/1044/276 1163/459/276
f 1156/460/786 1157/463/786 1164/461/786
f 1157/463/278 1158/465/278 1165/464/278
f 1158/465/279 1153/263/279 1160/299/279
f 1159/457/787 1161/456/787 1140/466/787
f 1161/456/788 1162/458/788 1141/467/788
f 1162/458/789 1163/1045/789 1142/468/789
f 1163/469/790 1164/472/790 1143/470/790
f 1164/472/791 1165/474/791 1144/473/791
f 1165/474/792 1160/295/792 1139/297/792
f 1061/475/286 1103/383/286 1105/382/286
f 1105/382/793 1106/384/793 1064/342/793
f 1106/384/315 1107/503/315 1065/476/315
f 1107/477/325 1108/480/325 1066/478/325
f 1108/480/326 1109/504/326 1067/481/326
f 1067/481/291 1109/504/291 1104/273/291
f 1068/308/292 1070/307/292 1133/435/292
f 1133/435/293 1070/307/293 1071/310/293
f 1071/310/294 1072/1046/294 1135/482/294
f 1072/483/295 1073/486/295 1136/484/295
f 1073/486/296 1074/488/296 1137/487/296
f 1074/488/297 1069/319/297 1132/274/297
f 1139/297/298 1167/302/298 1172/489/298
f 1144/490/299 1172/489/299 1171/491/299
f 1143/492/328 1171/491/328 1170/493/328
f 1170/493/301 1169/395/301 1141/467/301
f 1169/395/794 1168/393/794 1140/466/794
f 1168/393/795 1166/1012/795 1138/270/795
f 1097/495/304 1102/497/304 1179/496/304
f 1102/497/305 1101/499/305 1178/498/305
f 1101/499/306 1100/1047/306 1177/500/306
f 1100/501/307 1099/354/307 1176/426/307
f 1099/354/308 1098/352/308 1175/424/308
f 1098/352/329 1096/1013/329 1173/425/329
f 1076/350/310 1062/280/310 1042/281/310
f 1243/260/171 1236/339/171 1205/261/171
f 1215/262/172 1214/170/172 1313/263/172
f 1201/265/173 1229/319/173 1250/266/173
f 1298/270/5 1326/1012/5 1340/392/5
f 1340/392/5 1347/404/5 1354/415/5
f 1354/415/5 1333/425/5 1256/1013/5
f 1256/1013/5 1270/351/5 1277/268/5
f 1277/268/5 1284/373/5 1263/383/5
f 1263/383/5 1221/475/5 1235/340/5
f 1235/340/5 1242/320/5 1249/306/5
f 1249/306/5 1228/308/5 1291/269/5
f 1291/269/5 1305/434/5 1312/446/5
f 1312/446/5 1319/457/5 1298/270/5
f 1298/270/5 1340/392/5 1354/415/5
f 1354/415/5 1256/1013/5 1277/268/5
f 1277/268/5 1263/383/5 1235/340/5
f 1235/340/5 1249/306/5 1291/269/5
f 1291/269/5 1312/446/5 1298/270/5
f 1298/270/5 1354/415/5 1277/268/5
f 1277/268/5 1235/340/5 1291/269/5
f 1285/271/174 1208/285/174 1206/272/174
f 1292/274/175 1229/319/175 1201/265/175
f 1207/276/176 1210/287/176 1271/277/176
f 1203/267/177 1250/266/177 1243/279/177
f 1222/280/178 1264/273/178 1206/272/178
f 1207/276/179 1257/495/179 1334/282/179
f 1278/284/180 1209/166/180 1208/285/180
f 1212/275/181 1215/262/181 1306/286/181
f 1210/287/182 1209/166/182 1278/284/182
f 1355/288/183 1218/291/183 1216/283/183
f 1348/290/184 1219/168/184 1218/291/184
f 1220/293/185 1219/168/185 1348/290/185
f 1320/295/186 1213/298/186 1211/296/186
f 1313/263/796 1214/170/796 1213/298/796
f 1217/300/188 1220/293/188 1341/301/188
f 1327/302/189 1299/297/189 1211/296/189
f 1202/305/1 1206/1014/1 1208/1015/1
f 1208/1015/1 1209/1016/1 1210/1017/1
f 1210/1017/1 1207/1018/1 1216/1019/1
f 1216/1019/1 1218/1020/1 1219/303/1
f 1219/303/1 1220/1021/1 1217/1022/1
f 1217/1022/1 1211/296/1 1213/1023/1
f 1213/1023/1 1214/1024/1 1215/1025/1
f 1215/1025/1 1212/1026/1 1201/304/1
f 1201/304/1 1203/1027/1 1204/1028/1
f 1204/1028/1 1205/1029/1 1202/305/1
f 1202/305/1 1208/1015/1 1210/1017/1
f 1210/1017/1 1216/1019/1 1219/303/1
f 1219/303/1 1217/1022/1 1213/1023/1
f 1213/1023/1 1215/1025/1 1201/304/1
f 1201/304/1 1204/1028/1 1202/305/1
f 1202/305/1 1210/1017/1 1219/303/1
f 1219/303/1 1213/1023/1 1201/304/1
f 1249/306/722 1251/309/722 1230/307/722
f 1251/309/723 1252/311/723 1231/310/723
f 1252/311/724 1253/1030/724 1232/312/724
f 1253/313/725 1254/316/725 1233/314/725
f 1254/316/797 1255/318/797 1234/317/797
f 1255/318/727 1250/266/727 1229/319/727
f 1242/320/728 1244/321/728 1251/309/728
f 1244/321/729 1245/322/729 1252/311/729
f 1245/322/730 1246/1031/730 1253/323/730
f 1246/324/731 1247/327/731 1254/325/731
f 1247/327/200 1248/329/200 1255/328/200
f 1248/329/201 1243/279/201 1250/266/201
f 1242/320/732 1235/340/732 1237/330/732
f 1244/321/203 1237/330/203 1238/331/203
f 1245/322/204 1238/331/204 1239/332/204
f 1246/334/733 1239/1032/733 1240/335/733
f 1247/336/206 1240/335/206 1241/337/206
f 1248/338/734 1241/337/734 1236/339/734
f 1235/340/735 1221/475/735 1223/341/735
f 1237/330/798 1223/341/798 1224/342/798
f 1238/331/799 1224/342/799 1225/343/799
f 1239/345/738 1225/1033/738 1226/346/738
f 1240/347/739 1226/346/739 1227/348/739
f 1241/349/800 1227/348/800 1222/280/800
f 1270/351/740 1256/1013/740 1258/352/740
f 1272/353/741 1258/352/741 1259/354/741
f 1273/355/742 1259/354/742 1260/356/742
f 1274/358/743 1260/1034/743 1261/359/743
f 1275/360/744 1261/359/744 1262/361/744
f 1276/362/745 1262/361/745 1257/278/745
f 1277/268/746 1270/351/746 1272/353/746
f 1279/363/747 1272/353/747 1273/355/747
f 1280/364/334 1273/355/334 1274/365/334
f 1281/367/748 1274/1035/748 1275/368/748
f 1282/369/224 1275/368/224 1276/370/224
f 1283/371/225 1276/370/225 1271/277/225
f 1277/268/749 1279/363/749 1286/372/749
f 1279/363/227 1280/364/227 1287/374/227
f 1280/364/228 1281/1036/228 1288/375/228
f 1281/376/750 1282/379/750 1289/377/750
f 1282/379/230 1283/381/230 1290/380/230
f 1283/381/751 1278/284/751 1285/271/751
f 1284/373/752 1286/372/752 1265/382/752
f 1286/372/753 1287/374/753 1266/384/753
f 1287/374/754 1288/1037/754 1267/385/754
f 1288/386/755 1289/389/755 1268/387/755
f 1289/389/756 1290/391/756 1269/390/756
f 1290/391/312 1285/271/312 1264/273/312
f 1340/392/757 1326/1012/757 1328/393/757
f 1342/394/801 1328/393/801 1329/395/801
f 1343/396/802 1329/395/802 1330/397/802
f 1344/399/760 1330/1038/760 1331/400/760
f 1345/401/761 1331/400/761 1332/402/761
f 1346/403/762 1332/402/762 1327/302/762
f 1347/404/763 1340/392/763 1342/394/763
f 1349/405/245 1342/394/245 1343/396/245
f 1350/406/246 1343/396/246 1344/407/246
f 1351/409/764 1344/1039/764 1345/410/764
f 1352/411/248 1345/410/248 1346/412/248
f 1353/413/249 1346/412/249 1341/294/249
f 1347/404/765 1349/405/765 1356/414/765
f 1349/405/766 1350/406/766 1357/416/766
f 1350/406/767 1351/1040/767 1358/417/767
f 1351/418/768 1352/421/768 1359/419/768
f 1352/421/254 1353/423/254 1360/422/254
f 1353/423/255 1348/290/255 1355/292/255
f 1354/415/769 1356/414/769 1335/424/769
f 1356/414/770 1357/416/770 1336/426/770
f 1357/416/771 1358/1041/771 1337/427/771
f 1358/428/772 1359/431/772 1338/429/772
f 1359/431/773 1360/433/773 1339/432/773
f 1360/433/774 1355/288/774 1334/289/774
f 1305/434/775 1291/269/775 1293/435/775
f 1307/436/776 1293/435/776 1294/437/776
f 1308/438/777 1294/437/777 1295/439/777
f 1309/441/778 1295/1042/778 1296/442/778
f 1310/443/779 1296/442/779 1297/444/779
f 1311/445/780 1297/444/780 1292/274/780
f 1312/446/781 1305/434/781 1307/436/781
f 1314/447/782 1307/436/782 1308/438/782
f 1315/448/783 1308/438/783 1309/449/783
f 1316/451/784 1309/1043/784 1310/452/784
f 1317/453/272 1310/452/272 1311/454/272
f 1318/455/273 1311/454/273 1306/264/273
f 1312/446/785 1314/447/785 1321/456/785
f 1314/447/275 1315/448/275 1322/458/275
f 1315/448/276 1316/1044/276 1323/459/276
f 1316/460/786 1317/463/786 1324/461/786
f 1317/463/278 1318/465/278 1325/464/278
f 1318/465/279 1313/263/279 1320/299/279
f 1319/457/787 1321/456/787 1300/466/787
f 1321/456/788 1322/458/788 1301/467/788
f 1322/458/789 1323/1045/789 1302/468/789
f 1323/469/790 1324/472/790 1303/470/790
f 1324/472/791 1325/474/791 1304/473/791
f 1325/474/792 1320/295/792 1299/297/792
f 1221/475/286 1263/383/286 1265/382/286
f 1265/382/793 1266/384/793 1224/342/793
f 1224/342/288 1266/384/288 1267/503/288
f 1267/477/325 1268/480/325 1226/478/325
f 1268/480/326 1269/504/326 1227/481/326
f 1227/481/291 1269/504/291 1264/273/291
f 1291/269/292 1228/308/292 1230/307/292
f 1230/307/293 1231/310/293 1294/437/293
f 1231/310/294 1232/1046/294 1295/482/294
f 1232/483/295 1233/486/295 1296/484/295
f 1233/486/296 1234/488/296 1297/487/296
f 1234/488/297 1229/319/297 1292/274/297
f 1299/297/298 1327/302/298 1332/489/298
f 1304/490/299 1332/489/299 1331/491/299
f 1303/492/328 1331/491/328 1330/493/328
f 1330/493/301 1329/395/301 1301/467/301
f 1329/395/794 1328/393/794 1300/466/794
f 1328/393/795 1326/1012/795 1298/270/795
f 1257/495/304 1262/497/304 1339/496/304
f 1262/497/305 1261/499/305 1338/498/305
f 1261/499/306 1260/1047/306 1337/500/306
f 1260/501/338 1259/354/338 1336/426/338
f 1336/426/308 1259/354/308 1258/352/308
f 1258/352/329 1256/1013/329 1333/425/329
f 1236/350/310 1222/280/310 1202/281/310
f 1403/260/171 1396/339/171 1365/261/171
f 1375/262/172 1374/170/172 1473/263/172
f 1361/265/173 1389/319/173 1410/266/173
f 1458/270/5 1486/1012/5 1500/392/5
f 1500/392/5 1507/404/5 1514/415/5
f 1514/415/5 1493/425/5 1416/1013/5
f 1416/1013/5 1430/351/5 1437/268/5
f 1437/268/5 1444/373/5 1423/383/5
f 1423/383/5 1381/475/5 1395/340/5
f 1395/340/5 1402/320/5 1409/306/5
f 1409/306/5 1388/308/5 1451/269/5
f 1451/269/5 1465/434/5 1472/446/5
f 1472/446/5 1479/457/5 1458/270/5
f 1458/270/5 1500/392/5 1514/415/5
f 1514/415/5 1416/1013/5 1437/268/5
f 1437/268/5 1423/383/5 1395/340/5
f 1395/340/5 1409/306/5 1451/269/5
f 1451/269/5 1472/446/5 1458/270/5
f 1458/270/5 1514/415/5 1437/268/5
f 1437/268/5 1395/340/5 1451/269/5
f 1445/271/174 1368/285/174 1366/272/174
f 1452/274/175 1389/319/175 1361/265/175
f 1367/276/176 1370/287/176 1431/277/176
f 1363/267/177 1410/266/177 1403/279/177
f 1382/280/178 1424/273/178 1366/272/178
f 1367/276/179 1417/495/179 1494/282/179
f 1438/284/803 1369/166/803 1368/285/803
f 1372/275/181 1375/262/181 1466/286/181
f 1370/287/182 1369/166/182 1438/284/182
f 1515/288/183 1378/291/183 1376/283/183
f 1508/290/184 1379/168/184 1378/291/184
f 1380/293/185 1379/168/185 1508/290/185
f 1480/295/186 1373/298/186 1371/296/186
f 1473/263/187 1374/170/187 1373/298/187
f 1377/300/188 1380/293/188 1501/301/188
f 1487/302/189 1459/297/189 1371/296/189
f 1362/305/1 1366/1014/1 1368/1015/1
f 1368/1015/1 1369/1016/1 1370/1017/1
f 1370/1017/1 1367/1018/1 1376/1019/1
f 1376/1019/1 1378/1020/1 1379/303/1
f 1379/303/1 1380/1021/1 1377/1022/1
f 1377/1022/1 1371/296/1 1373/1023/1
f 1373/1023/1 1374/1024/1 1375/1025/1
f 1375/1025/1 1372/1026/1 1361/304/1
f 1361/304/1 1363/1027/1 1364/1028/1
f 1364/1028/1 1365/1029/1 1362/305/1
f 1362/305/1 1368/1015/1 1370/1017/1
f 1370/1017/1 1376/1019/1 1379/303/1
f 1379/303/1 1377/1022/1 1373/1023/1
f 1373/1023/1 1375/1025/1 1361/304/1
f 1361/304/1 1364/1028/1 1362/305/1
f 1362/305/1 1370/1017/1 1379/303/1
f 1379/303/1 1373/1023/1 1361/304/1
f 1409/306/722 1411/309/722 1390/307/722
f 1411/309/723 1412/311/723 1391/310/723
f 1412/311/724 1413/1030/724 1392/312/724
f 1413/313/725 1414/316/725 1393/314/725
f 1414/316/726 1415/318/726 1394/317/726
f 1415/318/727 1410/266/727 1389/319/727
f 1402/320/728 1404/321/728 1411/309/728
f 1404/321/729 1405/322/729 1412/311/729
f 1405/322/730 1406/1031/730 1413/323/730
f 1406/324/731 1407/327/731 1414/325/731
f 1407/327/200 1408/329/200 1415/328/200
f 1408/329/201 1403/279/201 1410/266/201
f 1402/320/732 1395/340/732 1397/330/732
f 1404/321/203 1397/330/203 1398/331/203
f 1405/322/204 1398/331/204 1399/332/204
f 1406/334/733 1399/1032/733 1400/335/733
f 1407/336/206 1400/335/206 1401/337/206
f 1408/338/734 1401/337/734 1396/339/734
f 1395/340/735 1381/475/735 1383/341/735
f 1397/330/736 1383/341/736 1384/342/736
f 1398/331/737 1384/342/737 1385/343/737
f 1399/345/804 1385/1033/804 1386/346/804
f 1400/347/739 1386/346/739 1387/348/739
f 1401/349/213 1387/348/213 1382/280/213
f 1430/351/740 1416/1013/740 1418/352/740
f 1432/353/741 1418/352/741 1419/354/741
f 1433/355/742 1419/354/742 1420/356/742
f 1434/358/805 1420/1034/805 1421/359/805
f 1435/360/744 1421/359/744 1422/361/744
f 1436/362/745 1422/361/745 1417/278/745
f 1437/268/746 1430/351/746 1432/353/746
f 1439/363/747 1432/353/747 1433/355/747
f 1440/364/334 1433/355/334 1434/365/334
f 1441/367/748 1434/1035/748 1435/368/748
f 1442/369/224 1435/368/224 1436/370/224
f 1443/371/225 1436/370/225 1431/277/225
f 1437/268/749 1439/363/749 1446/372/749
f 1439/363/227 1440/364/227 1447/374/227
f 1440/364/228 1441/1036/228 1448/375/228
f 1441/376/750 1442/379/750 1449/377/750
f 1442/379/230 1443/381/230 1450/380/230
f 1443/381/751 1438/284/751 1445/271/751
f 1444/373/752 1446/372/752 1425/382/752
f 1446/372/753 1447/374/753 1426/384/753
f 1447/374/754 1448/1037/754 1427/385/754
f 1448/386/755 1449/389/755 1428/387/755
f 1449/389/756 1450/391/756 1429/390/756
f 1450/391/312 1445/271/312 1424/273/312
f 1500/392/757 1486/1012/757 1488/393/757
f 1502/394/758 1488/393/758 1489/395/758
f 1503/396/802 1489/395/802 1490/397/802
f 1504/399/760 1490/1038/760 1491/400/760
f 1505/401/761 1491/400/761 1492/402/761
f 1506/403/806 1492/402/806 1487/302/806
f 1507/404/763 1500/392/763 1502/394/763
f 1509/405/245 1502/394/245 1503/396/245
f 1510/406/246 1503/396/246 1504/407/246
f 1511/409/764 1504/1039/764 1505/410/764
f 1512/411/248 1505/410/248 1506/412/248
f 1513/413/249 1506/412/249 1501/294/249
f 1507/404/765 1509/405/765 1516/414/765
f 1509/405/766 1510/406/766 1517/416/766
f 1510/406/767 1511/1040/767 1518/417/767
f 1511/418/768 1512/421/768 1519/419/768
f 1512/421/254 1513/423/254 1520/422/254
f 1513/423/255 1508/290/255 1515/292/255
f 1514/415/769 1516/414/769 1495/424/769
f 1516/414/770 1517/416/770 1496/426/770
f 1517/416/771 1518/1041/771 1497/427/771
f 1518/428/772 1519/431/772 1498/429/772
f 1519/431/807 1520/433/807 1499/432/807
f 1520/433/774 1515/288/774 1494/289/774
f 1465/434/775 1451/269/775 1453/435/775
f 1467/436/776 1453/435/776 1454/437/776
f 1468/438/777 1454/437/777 1455/439/777
f 1469/441/808 1455/1042/808 1456/442/808
f 1470/443/779 1456/442/779 1457/444/779
f 1471/445/780 1457/444/780 1452/274/780
f 1472/446/781 1465/434/781 1467/436/781
f 1474/447/782 1467/436/782 1468/438/782
f 1475/448/783 1468/438/783 1469/449/783
f 1476/451/784 1469/1043/784 1470/452/784
f 1477/453/272 1470/452/272 1471/454/272
f 1478/455/273 1471/454/273 1466/264/273
f 1472/446/785 1474/447/785 1481/456/785
f 1474/447/275 1475/448/275 1482/458/275
f 1475/448/276 1476/1044/276 1483/459/276
f 1476/460/786 1477/463/786 1484/461/786
f 1477/463/278 1478/465/278 1485/464/278
f 1478/465/279 1473/263/279 1480/299/279
f 1479/457/787 1481/456/787 1460/466/787
f 1481/456/788 1482/458/788 1461/467/788
f 1482/458/789 1483/1045/789 1462/468/789
f 1483/469/790 1484/472/790 1463/470/790
f 1484/472/791 1485/474/791 1464/473/791
f 1485/474/792 1480/295/792 1459/297/792
f 1423/383/286 1425/382/286 1383/341/286
f 1425/382/793 1426/384/793 1384/342/793
f 1384/342/288 1426/384/288 1427/503/288
f 1385/479/289 1427/477/289 1428/480/289
f 1386/478/290 1428/480/290 1429/504/290
f 1429/504/291 1424/273/291 1382/280/291
f 1451/269/292 1388/308/292 1390/307/292
f 1453/435/293 1390/307/293 1391/310/293
f 1391/310/809 1392/1046/809 1455/482/809
f 1392/483/295 1393/486/295 1456/484/295
f 1393/486/296 1394/488/296 1457/487/296
f 1394/488/297 1389/319/297 1452/274/297
f 1487/302/298 1492/489/298 1464/490/298
f 1492/489/299 1491/491/299 1463/492/299
f 1491/491/300 1490/493/300 1462/494/300
f 1490/493/301 1489/395/301 1461/467/301
f 1489/395/794 1488/393/794 1460/466/794
f 1488/393/795 1486/1012/795 1458/270/795
f 1417/495/304 1422/497/304 1499/496/304
f 1422/497/305 1421/499/305 1498/498/305
f 1421/499/306 1420/1047/306 1497/500/306
f 1497/502/307 1420/501/307 1419/354/307
f 1496/426/308 1419/354/308 1418/352/308
f 1418/352/329 1416/1013/329 1493/425/329
f 1396/350/310 1382/280/310 1362/281/310
f 1563/260/171 1556/339/171 1525/261/171
f 1535/262/172 1534/170/172 1633/263/172
f 1521/265/173 1549/319/173 1570/266/173
f 1618/270/5 1646/1012/5 1660/392/5
f 1660/392/5 1667/404/5 1674/415/5
f 1674/415/5 1653/425/5 1576/1013/5
f 1576/1013/5 1590/351/5 1597/268/5
f 1597/268/5 1604/373/5 1583/383/5
f 1583/383/5 1541/475/5 1555/340/5
f 1555/340/5 1562/320/5 1569/306/5
f 1569/306/5 1548/308/5 1611/269/5
f 1611/269/5 1625/434/5 1632/446/5
f 1632/446/5 1639/457/5 1618/270/5
f 1618/270/5 1660/392/5 1674/415/5
f 1674/415/5 1576/1013/5 1597/268/5
f 1597/268/5 1583/383/5 1555/340/5
f 1555/340/5 1569/306/5 1611/269/5
f 1611/269/5 1632/446/5 1618/270/5
f 1618/270/5 1674/415/5 1597/268/5
f 1597/268/5 1555/340/5 1611/269/5
f 1605/271/174 1528/285/174 1526/272/174
f 1612/274/175 1549/319/175 1521/265/175
f 1527/276/176 1530/287/176 1591/277/176
f 1523/267/177 1570/266/177 1563/279/177
f 1542/280/178 1584/273/178 1526/272/178
f 1527/276/179 1577/495/179 1654/282/179
f 1598/284/180 1529/166/180 1528/285/180
f 1532/275/181 1535/262/181 1626/286/181
f 1530/287/182 1529/166/182 1598/284/182
f 1675/288/183 1538/291/183 1536/283/183
f 1668/290/184 1539/168/184 1538/291/184
f 1540/293/185 1539/168/185 1668/290/185
f 1640/295/186 1533/298/186 1531/296/186
f 1633/263/187 1534/170/187 1533/298/187
f 1537/300/188 1540/293/188 1661/301/188
f 1647/302/189 1619/297/189 1531/296/189
f 1522/305/810 1526/1014/810 1528/1015/810
f 1528/1015/1 1529/1016/1 1530/1017/1
f 1530/1017/1 1527/1018/1 1536/1019/1
f 1536/1019/1 1538/1020/1 1539/303/1
f 1539/303/1 1540/1021/1 1537/1022/1
f 1537/1022/811 1531/296/811 1533/1023/811
f 1533/1023/1 1534/1024/1 1535/1025/1
f 1535/1025/1 1532/1026/1 1521/304/1
f 1521/304/1 1523/1027/1 1524/1028/1
f 1524/1028/1 1525/1029/1 1522/305/1
f 1522/305/1 1528/1015/1 1530/1017/1
f 1530/1017/1 1536/1019/1 1539/303/1
f 1539/303/1 1537/1022/1 1533/1023/1
f 1533/1023/1 1535/1025/1 1521/304/1
f 1521/304/1 1524/1028/1 1522/305/1
f 1522/305/1 1530/1017/1 1539/303/1
f 1539/303/1 1533/1023/1 1521/304/1
f 1569/306/722 1571/309/722 1550/307/722
f 1571/309/723 1572/311/723 1551/310/723
f 1572/311/724 1573/1030/724 1552/312/724
f 1573/313/725 1574/316/725 1553/314/725
f 1574/316/797 1575/318/797 1554/317/797
f 1575/318/727 1570/266/727 1549/319/727
f 1562/320/728 1564/321/728 1571/309/728
f 1564/321/729 1565/322/729 1572/311/729
f 1565/322/198 1566/1031/198 1573/323/198
f 1566/324/731 1567/327/731 1574/325/731
f 1567/327/200 1568/329/200 1575/328/200
f 1568/329/201 1563/279/201 1570/266/201
f 1562/320/732 1555/340/732 1557/330/732
f 1564/321/203 1557/330/203 1558/331/203
f 1565/322/204 1558/331/204 1559/332/204
f 1566/334/733 1559/1032/733 1560/335/733
f 1567/336/206 1560/335/206 1561/337/206
f 1568/338/734 1561/337/734 1556/339/734
f 1555/340/735 1541/475/735 1543/341/735
f 1557/330/331 1543/341/331 1544/342/331
f 1558/331/799 1544/342/799 1545/343/799
f 1559/345/804 1545/1033/804 1546/346/804
f 1560/347/739 1546/346/739 1547/348/739
f 1561/349/800 1547/348/800 1542/280/800
f 1590/351/740 1576/1013/740 1578/352/740
f 1592/353/812 1578/352/812 1579/354/812
f 1593/355/742 1579/354/742 1580/356/742
f 1594/358/743 1580/1034/743 1581/359/743
f 1595/360/744 1581/359/744 1582/361/744
f 1596/362/745 1582/361/745 1577/278/745
f 1597/268/746 1590/351/746 1592/353/746
f 1599/363/747 1592/353/747 1593/355/747
f 1600/364/334 1593/355/334 1594/365/334
f 1601/367/748 1594/1035/748 1595/368/748
f 1602/369/224 1595/368/224 1596/370/224
f 1603/371/225 1596/370/225 1591/277/225
f 1597/268/749 1599/363/749 1606/372/749
f 1599/363/227 1600/364/227 1607/374/227
f 1600/364/228 1601/1036/228 1608/375/228
f 1601/376/750 1602/379/750 1609/377/750
f 1602/379/230 1603/381/230 1610/380/230
f 1603/381/751 1598/284/751 1605/271/751
f 1604/373/752 1606/372/752 1585/382/752
f 1606/372/335 1607/374/335 1586/384/335
f 1607/374/754 1608/1037/754 1587/385/754
f 1608/386/755 1609/389/755 1588/387/755
f 1609/389/756 1610/391/756 1589/390/756
f 1610/391/312 1605/271/312 1584/273/312
f 1660/392/757 1646/1012/757 1648/393/757
f 1662/394/758 1648/393/758 1649/395/758
f 1663/396/802 1649/395/802 1650/397/802
f 1664/399/760 1650/1038/760 1651/400/760
f 1665/401/761 1651/400/761 1652/402/761
f 1666/403/806 1652/402/806 1647/302/806
f 1667/404/763 1660/392/763 1662/394/763
f 1669/405/245 1662/394/245 1663/396/245
f 1670/406/246 1663/396/246 1664/407/246
f 1671/409/764 1664/1039/764 1665/410/764
f 1672/411/248 1665/410/248 1666/412/248
f 1673/413/249 1666/412/249 1661/294/249
f 1667/404/765 1669/405/765 1676/414/765
f 1669/405/766 1670/406/766 1677/416/766
f 1670/406/767 1671/1040/767 1678/417/767
f 1671/418/768 1672/421/768 1679/419/768
f 1672/421/254 1673/423/254 1680/422/254
f 1673/423/255 1668/290/255 1675/292/255
f 1674/415/769 1676/414/769 1655/424/769
f 1676/414/770 1677/416/770 1656/426/770
f 1677/416/771 1678/1041/771 1657/427/771
f 1678/428/772 1679/431/772 1658/429/772
f 1679/431/773 1680/433/773 1659/432/773
f 1680/433/774 1675/288/774 1654/289/774
f 1625/434/775 1611/269/775 1613/435/775
f 1627/436/776 1613/435/776 1614/437/776
f 1628/438/777 1614/437/777 1615/439/777
f 1629/441/808 1615/1042/808 1616/442/808
f 1630/443/779 1616/442/779 1617/444/779
f 1631/445/780 1617/444/780 1612/274/780
f 1632/446/781 1625/434/781 1627/436/781
f 1634/447/782 1627/436/782 1628/438/782
f 1635/448/783 1628/438/783 1629/449/783
f 1636/451/784 1629/1043/784 1630/452/784
f 1637/453/272 1630/452/272 1631/454/272
f 1638/455/273 1631/454/273 1626/264/273
f 1632/446/785 1634/447/785 1641/456/785
f 1634/447/275 1635/448/275 1642/458/275
f 1635/448/276 1636/1044/276 1643/459/276
f 1636/460/786 1637/463/786 1644/461/786
f 1637/463/278 1638/465/278 1645/464/278
f 1638/465/279 1633/263/279 1640/299/279
f 1639/457/787 1641/456/787 1620/466/787
f 1641/456/788 1642/458/788 1621/467/788
f 1642/458/789 1643/1045/789 1622/468/789
f 1643/469/790 1644/472/790 1623/470/790
f 1644/472/791 1645/474/791 1624/473/791
f 1645/474/792 1640/295/792 1619/297/792
f 1541/475/286 1583/383/286 1585/382/286
f 1585/382/337 1586/384/337 1544/342/337
f 1586/384/315 1587/503/315 1545/476/315
f 1545/479/289 1587/477/289 1588/480/289
f 1546/478/290 1588/480/290 1589/504/290
f 1589/504/291 1584/273/291 1542/280/291
f 1611/269/292 1548/308/292 1550/307/292
f 1613/435/293 1550/307/293 1551/310/293
f 1551/310/294 1552/1046/294 1615/482/294
f 1615/485/295 1552/483/295 1553/486/295
f 1553/486/296 1554/488/296 1617/487/296
f 1554/488/297 1549/319/297 1612/274/297
f 1647/302/298 1652/489/298 1624/490/298
f 1652/489/299 1651/491/299 1623/492/299
f 1651/491/300 1650/493/300 1622/494/300
f 1650/493/301 1649/395/301 1621/467/301
f 1649/395/794 1648/393/794 1620/466/794
f 1648/393/795 1646/1012/795 1618/270/795
f 1577/495/304 1582/497/304 1659/496/304
f 1582/497/305 1581/499/305 1658/498/305
f 1581/499/306 1580/1047/306 1657/500/306
f 1657/502/307 1580/501/307 1579/354/307
f 1579/354/308 1578/352/308 1655/424/308
f 1578/352/309 1576/1013/309 1653/425/309
f 1556/350/310 1542/280/310 1522/281/310
f 1713/22/1 1701/891/1 1769/1/1
f 1769/1/1 1771/892/1 1772/893/1
f 1772/893/1 1773/894/1 1774/2/1
f 1774/2/1 1775/895/1 1776/896/1
f 1776/896/1 1770/897/1 1688/3/1
f 1688/3/1 1713/22/1 1769/1/1
f 1769/1/1 1772/893/1 1774/2/1
f 1774/2/1 1776/896/1 1688/3/1
f 1693/40/1 1801/87/1 1803/4/1
f 1803/4/1 1804/898/1 1805/899/1
f 1805/899/1 1806/900/1 1807/5/1
f 1807/5/1 1808/901/1 1802/902/1
f 1802/902/1 1704/85/1 1716/6/1
f 1716/6/1 1693/40/1 1803/4/1
f 1803/4/1 1805/899/1 1807/5/1
f 1807/5/1 1802/902/1 1716/6/1
f 1786/163/1 1696/13/1 1728/7/1
f 1728/7/1 1709/90/1 1785/903/1
f 1785/903/1 1787/904/1 1788/8/1
f 1788/8/1 1789/905/1 1790/906/1
f 1790/906/1 1791/907/1 1792/9/1
f 1792/9/1 1786/163/1 1728/7/1
f 1728/7/1 1785/903/1 1788/8/1
f 1788/8/1 1790/906/1 1792/9/1
f 1712/908/1 1725/27/1 1685/10/1
f 1685/10/1 1753/909/1 1755/910/1
f 1755/910/1 1756/911/1 1757/11/1
f 1757/11/1 1758/912/1 1759/913/1
f 1759/913/1 1760/914/1 1754/12/1
f 1754/12/1 1712/908/1 1685/10/1
f 1685/10/1 1755/910/1 1757/11/1
f 1757/11/1 1759/913/1 1754/12/1
f 1696/13/2 1786/163/2 1777/14/2
f 1769/16/3 1701/106/3 1700/17/3
f 1785/19/4 1709/99/4 1708/20/4
f 1713/22/1 1688/3/1 1687/23/1
f 1687/23/1 1686/26/1 1721/25/1
f 1686/26/1 1685/10/1 1725/27/1
f 1704/28/3 1802/150/3 1793/29/3
f 1729/31/5 1692/39/5 1691/32/5
f 1691/32/5 1690/35/5 1737/34/5
f 1690/35/5 1689/15/5 1741/36/5
f 1729/31/5 1697/915/5 1793/37/5
f 1793/37/5 1795/916/5 1796/917/5
f 1796/917/5 1797/918/5 1798/38/5
f 1798/38/642 1799/919/642 1800/920/642
f 1800/920/5 1794/88/5 1692/39/5
f 1692/39/5 1729/31/5 1793/37/5
f 1793/37/5 1796/917/5 1798/38/5
f 1798/38/5 1800/920/5 1692/39/5
f 1693/40/6 1694/41/6 1691/32/6
f 1694/41/2 1695/42/2 1690/35/2
f 1695/42/7 1696/13/7 1689/15/7
f 1712/43/4 1754/111/4 1745/44/4
f 1685/46/8 1686/49/8 1683/47/8
f 1686/49/9 1687/51/9 1682/50/9
f 1687/51/10 1688/69/10 1681/52/10
f 1683/53/5 1740/57/5 1744/54/5
f 1739/56/5 1743/59/5 1744/54/5
f 1738/58/5 1742/60/5 1743/59/5
f 1737/34/5 1741/36/5 1742/60/5
f 1736/61/5 1740/57/5 1683/53/5
f 1735/63/5 1739/56/5 1740/57/5
f 1734/64/5 1738/58/5 1739/56/5
f 1733/33/5 1737/34/5 1738/58/5
f 1732/65/5 1736/61/5 1682/62/5
f 1731/67/5 1735/63/5 1736/61/5
f 1731/67/5 1730/68/5 1734/64/5
f 1729/31/5 1733/33/5 1734/64/5
f 1688/69/9 1770/137/9 1761/70/9
f 1699/71/5 1731/67/5 1732/65/5
f 1698/73/5 1730/68/5 1731/67/5
f 1698/73/5 1697/915/5 1729/31/5
f 1695/42/1 1724/75/1 1728/7/1
f 1723/74/1 1727/77/1 1728/7/1
f 1722/76/1 1726/78/1 1727/77/1
f 1721/25/1 1725/27/1 1726/78/1
f 1720/79/1 1724/75/1 1695/42/1
f 1720/79/1 1719/81/1 1723/74/1
f 1718/80/1 1722/76/1 1723/74/1
f 1717/24/1 1721/25/1 1722/76/1
f 1716/6/1 1720/79/1 1694/41/1
f 1715/82/1 1719/81/1 1720/79/1
f 1714/83/1 1718/80/1 1719/81/1
f 1713/22/1 1717/24/1 1718/80/1
f 1703/84/1 1715/82/1 1716/6/1
f 1702/86/1 1714/83/1 1715/82/1
f 1702/86/1 1701/891/1 1713/22/1
f 1801/87/2 1693/40/2 1692/39/2
f 1728/7/1 1727/77/1 1710/89/1
f 1726/78/1 1711/91/1 1710/89/1
f 1725/27/1 1712/908/1 1711/91/1
f 1753/92/9 1685/46/9 1684/48/9
f 1744/54/5 1743/59/5 1706/94/5
f 1742/60/5 1707/96/5 1706/94/5
f 1741/36/5 1708/921/5 1707/96/5
f 1708/921/5 1741/36/5 1689/15/5
f 1689/15/640 1777/14/640 1779/922/640
f 1779/922/5 1780/923/5 1781/97/5
f 1781/97/5 1782/924/5 1783/925/5
f 1783/925/5 1784/926/5 1778/98/5
f 1778/98/5 1708/921/5 1689/15/5
f 1689/15/5 1779/922/5 1781/97/5
f 1781/97/5 1783/925/5 1778/98/5
f 1709/99/11 1710/101/11 1707/100/11
f 1710/101/4 1711/103/4 1706/102/4
f 1711/103/12 1712/43/12 1705/45/12
f 1681/66/5 1761/927/5 1763/104/5
f 1763/104/5 1764/928/5 1765/929/5
f 1765/929/5 1766/930/5 1767/105/5
f 1767/105/5 1768/931/5 1762/932/5
f 1762/932/5 1700/72/5 1732/65/5
f 1732/65/5 1681/66/5 1763/104/5
f 1763/104/5 1765/929/5 1767/105/5
f 1767/105/5 1762/932/5 1732/65/5
f 1701/106/13 1702/108/13 1699/107/13
f 1702/108/3 1703/110/3 1698/109/3
f 1703/110/14 1704/28/14 1697/30/14
f 1754/111/15 1760/113/15 1747/112/15
f 1760/113/16 1759/115/16 1748/114/16
f 1759/115/17 1758/528/17 1749/116/17
f 1758/117/18 1757/120/18 1750/118/18
f 1757/120/19 1756/122/19 1751/121/19
f 1756/122/20 1755/124/20 1752/123/20
f 1755/124/21 1753/92/21 1746/93/21
f 1762/18/22 1768/126/22 1771/125/22
f 1768/126/23 1767/128/23 1772/127/23
f 1767/128/24 1766/130/24 1773/129/24
f 1766/130/25 1765/132/25 1774/131/25
f 1765/132/26 1764/134/26 1775/133/26
f 1764/134/27 1763/136/27 1776/135/27
f 1763/136/28 1761/70/28 1770/137/28
f 1794/88/29 1800/139/29 1803/138/29
f 1800/139/30 1799/141/30 1804/140/30
f 1799/141/31 1798/143/31 1805/142/31
f 1798/143/32 1797/145/32 1806/144/32
f 1797/145/33 1796/147/33 1807/146/33
f 1796/147/34 1795/149/34 1808/148/34
f 1795/149/35 1793/29/35 1802/150/35
f 1778/21/36 1784/152/36 1787/151/36
f 1784/152/37 1783/154/37 1788/153/37
f 1783/154/38 1782/156/38 1789/155/38
f 1782/156/39 1781/158/39 1790/157/39
f 1781/158/40 1780/160/40 1791/159/40
f 1780/160/41 1779/162/41 1792/161/41
f 1779/162/42 1777/14/42 1786/163/42
f 1746/933/5 1684/55/5 1744/54/5
f 1744/54/5 1705/95/5 1745/934/5
f 1745/934/5 1747/935/5 1748/164/5
f 1748/164/5 1749/936/5 1750/937/5
f 1750/937/640 1751/938/640 1752/165/640
f 1752/165/5 1746/933/5 1744/54/5
f 1744/54/5 1745/934/5 1748/164/5
f 1748/164/5 1750/937/5 1752/165/5
f 1903/175/4 1929/221/4 1916/176/4
f 1904/239/1 1841/171/1 1930/939/1
f 1930/939/814 1931/940/814 1932/178/814
f 1932/178/813 1933/941/813 1934/942/813
f 1934/942/1 1935/943/1 1936/944/1
f 1936/944/1 1937/945/1 1938/946/1
f 1938/946/811 1939/947/811 1940/179/811
f 1940/179/1 1929/948/1 1903/949/1
f 1903/949/810 1905/950/810 1906/951/810
f 1906/951/1 1907/952/1 1908/953/1
f 1908/953/814 1909/954/814 1910/180/814
f 1910/180/1 1911/955/1 1912/956/1
f 1912/956/814 1913/957/814 1914/958/814
f 1914/958/1 1915/959/1 1904/239/1
f 1904/239/1 1930/939/1 1932/178/1
f 1932/178/810 1934/942/810 1936/944/810
f 1936/944/1 1938/946/1 1940/179/1
f 1940/179/1 1903/949/1 1906/951/1
f 1906/951/810 1908/953/810 1910/180/810
f 1910/180/811 1912/956/811 1914/958/811
f 1914/958/1 1904/239/1 1932/178/1
f 1932/178/1 1936/944/1 1940/179/1
f 1940/179/1 1906/951/1 1910/180/1
f 1910/180/1 1914/958/1 1932/178/1
f 1891/177/363 1902/182/363 1905/181/363
f 1902/182/364 1901/184/364 1906/183/364
f 1901/184/365 1900/186/365 1907/185/365
f 1900/186/366 1899/188/366 1908/187/366
f 1899/188/367 1898/190/367 1909/189/367
f 1898/190/368 1897/166/368 1910/167/368
f 1897/166/369 1896/192/369 1911/191/369
f 1896/192/370 1895/194/370 1912/193/370
f 1895/194/371 1894/196/371 1913/195/371
f 1894/196/372 1893/198/372 1914/197/372
f 1893/198/373 1892/200/373 1915/199/373
f 1892/200/374 1842/119/374 1904/117/374
f 1917/170/375 1928/202/375 1930/201/375
f 1928/202/376 1927/204/376 1931/203/376
f 1927/204/377 1926/206/377 1932/205/377
f 1926/206/378 1925/208/378 1933/207/378
f 1925/208/379 1924/210/379 1934/209/379
f 1924/210/380 1923/168/380 1935/169/380
f 1923/168/381 1922/212/381 1936/211/381
f 1922/212/382 1921/214/382 1937/213/382
f 1921/214/383 1920/216/383 1938/215/383
f 1920/216/384 1919/218/384 1939/217/384
f 1919/218/385 1918/220/385 1940/219/385
f 1918/220/386 1916/176/386 1929/221/386
f 1917/170/5 1842/172/5 1892/960/5
f 1892/960/5 1893/961/5 1894/222/5
f 1894/222/5 1895/962/5 1896/963/5
f 1896/963/5 1897/964/5 1898/965/5
f 1898/965/5 1899/966/5 1900/967/5
f 1900/967/5 1901/968/5 1902/223/5
f 1902/223/5 1891/969/5 1916/970/5
f 1916/970/5 1918/971/5 1919/972/5
f 1919/972/5 1920/973/5 1921/974/5
f 1921/974/5 1922/975/5 1923/224/5
f 1923/224/5 1924/976/5 1925/977/5
f 1925/977/5 1926/978/5 1927/979/5
f 1927/979/5 1928/980/5 1917/170/5
f 1917/170/5 1892/960/5 1894/222/5
f 1894/222/5 1896/963/5 1898/965/5
f 1898/965/5 1900/967/5 1902/223/5
f 1902/223/5 1916/970/5 1919/972/5
f 1919/972/5 1921/974/5 1923/224/5
f 1923/224/5 1925/977/5 1927/979/5
f 1927/979/5 1917/170/5 1894/222/5
f 1894/222/5 1898/965/5 1902/223/5
f 1902/223/5 1919/972/5 1923/224/5
f 1923/224/5 1927/979/5 1894/222/5
f 2124/175/3 2149/221/3 2137/176/3
f 2125/239/1 2111/171/1 2150/939/1
f 2150/939/813 2151/940/813 2152/178/813
f 2152/178/814 2153/941/814 2154/942/814
f 2154/942/1 2155/943/1 2156/944/1
f 2156/944/1 2157/945/1 2158/946/1
f 2158/946/810 2159/947/810 2160/179/810
f 2160/179/1 2149/948/1 2124/949/1
f 2124/949/810 2126/950/810 2127/951/810
f 2127/951/1 2128/952/1 2129/953/1
f 2129/953/813 2130/954/813 2131/180/813
f 2131/180/813 2132/955/813 2133/956/813
f 2133/956/814 2134/957/814 2135/958/814
f 2135/958/814 2136/959/814 2125/239/814
f 2125/239/1 2150/939/1 2152/178/1
f 2152/178/811 2154/942/811 2156/944/811
f 2156/944/1 2158/946/1 2160/179/1
f 2160/179/1 2124/949/1 2127/951/1
f 2127/951/1 2129/953/1 2131/180/1
f 2131/180/810 2133/956/810 2135/958/810
f 2135/958/1 2125/239/1 2152/178/1
f 2152/178/1 2156/944/1 2160/179/1
f 2160/179/1 2127/951/1 2131/180/1
f 2131/180/1 2135/958/1 2152/178/1
f 2112/177/339 2123/182/339 2126/181/339
f 2123/182/427 2122/184/427 2127/183/427
f 2122/184/428 2121/186/428 2128/185/428
f 2121/186/429 2120/188/429 2129/187/429
f 2120/188/430 2119/190/430 2130/189/430
f 2119/190/431 2118/166/431 2131/167/431
f 2118/166/432 2117/192/432 2132/191/432
f 2117/192/433 2116/194/433 2133/193/433
f 2116/194/434 2115/196/434 2134/195/434
f 2115/196/435 2114/198/435 2135/197/435
f 2114/198/817 2113/200/817 2136/199/817
f 2113/200/437 2087/119/437 2125/117/437
f 2061/170/438 2148/202/438 2150/201/438
f 2148/202/818 2147/204/818 2151/203/818
f 2147/204/440 2146/206/440 2152/205/440
f 2146/206/441 2145/208/441 2153/207/441
f 2145/208/442 2144/210/442 2154/209/442
f 2144/210/443 2143/168/443 2155/169/443
f 2143/168/444 2142/212/444 2156/211/444
f 2142/212/445 2141/214/445 2157/213/445
f 2141/214/446 2140/216/446 2158/215/446
f 2140/216/447 2139/218/447 2159/217/447
f 2139/218/448 2138/220/448 2160/219/448
f 2138/220/362 2137/176/362 2149/221/362
f 2061/170/5 2087/172/5 2113/960/5
f 2113/960/5 2114/961/5 2115/222/5
f 2115/222/5 2116/962/5 2117/963/5
f 2117/963/5 2118/964/5 2119/965/5
f 2119/965/5 2120/966/5 2121/967/5
f 2121/967/5 2122/968/5 2123/223/5
f 2123/223/5 2112/969/5 2137/970/5
f 2137/970/5 2138/971/5 2139/972/5
f 2139/972/5 2140/973/5 2141/974/5
f 2141/974/5 2142/975/5 2143/224/5
f 2143/224/5 2144/976/5 2145/977/5
f 2145/977/5 2146/978/5 2147/979/5
f 2147/979/5 2148/980/5 2061/170/5
f 2061/170/5 2113/960/5 2115/222/5
f 2115/222/5 2117/963/5 2119/965/5
f 2119/965/5 2121/967/5 2123/223/5
f 2123/223/5 2137/970/5 2139/972/5
f 2139/972/5 2141/974/5 2143/224/5
f 2143/224/5 2145/977/5 2147/979/5
f 2147/979/5 2061/170/5 2115/222/5
f 2115/222/5 2119/965/5 2123/223/5
f 2123/223/5 2139/972/5 2143/224/5
f 2143/224/5 2147/979/5 2115/222/5
f 2345/175/2 2369/221/2 2357/176/2
f 2281/239/1 2332/171/1 2370/939/1
f 2370/939/1 2371/940/1 2372/178/1
f 2372/178/1 2373/941/1 2374/942/1
f 2374/942/1 2375/943/1 2376/944/1
f 2376/944/1 2377/945/1 2378/946/1
f 2378/946/823 2379/947/823 2380/179/823
f 2380/179/824 2369/948/824 2345/949/824
f 2345/949/1 2346/950/1 2347/951/1
f 2347/951/1 2348/952/1 2349/953/1
f 2349/953/1 2350/954/1 2351/180/1
f 2351/180/821 2352/955/821 2353/956/821
f 2353/956/823 2354/957/823 2355/958/823
f 2355/958/1 2356/959/1 2281/239/1
f 2281/239/1 2370/939/1 2372/178/1
f 2372/178/810 2374/942/810 2376/944/810
f 2376/944/1 2378/946/1 2380/179/1
f 2380/179/1 2345/949/1 2347/951/1
f 2347/951/811 2349/953/811 2351/180/811
f 2351/180/810 2353/956/810 2355/958/810
f 2355/958/1 2281/239/1 2372/178/1
f 2372/178/1 2376/944/1 2380/179/1
f 2380/179/1 2347/951/1 2351/180/1
f 2351/180/1 2355/958/1 2372/178/1
f 2333/177/492 2344/182/492 2346/181/492
f 2344/182/493 2343/184/493 2347/183/493
f 2343/184/494 2342/186/494 2348/185/494
f 2342/186/495 2341/188/495 2349/187/495
f 2341/188/496 2340/190/496 2350/189/496
f 2340/190/497 2339/166/497 2351/167/497
f 2339/166/498 2338/192/498 2352/191/498
f 2338/192/499 2337/194/499 2353/193/499
f 2337/194/825 2336/196/825 2354/195/825
f 2336/196/501 2335/198/501 2355/197/501
f 2335/198/502 2334/200/502 2356/199/502
f 2334/200/503 2330/119/503 2281/117/503
f 2331/170/504 2368/202/504 2370/201/504
f 2368/202/505 2367/204/505 2371/203/505
f 2367/204/506 2366/206/506 2372/205/506
f 2366/206/507 2365/208/507 2373/207/507
f 2365/208/508 2364/210/508 2374/209/508
f 2364/210/509 2363/168/509 2375/169/509
f 2363/168/510 2362/212/510 2376/211/510
f 2362/212/511 2361/214/511 2377/213/511
f 2361/214/512 2360/216/512 2378/215/512
f 2360/216/513 2359/218/513 2379/217/513
f 2359/218/514 2358/220/514 2380/219/514
f 2358/220/515 2357/176/515 2369/221/515
f 2331/170/5 2330/172/5 2334/960/5
f 2334/960/5 2335/961/5 2336/222/5
f 2336/222/5 2337/962/5 2338/963/5
f 2338/963/5 2339/964/5 2340/965/5
f 2340/965/5 2341/966/5 2342/967/5
f 2342/967/5 2343/968/5 2344/223/5
f 2344/223/5 2333/969/5 2357/970/5
f 2357/970/5 2358/971/5 2359/972/5
f 2359/972/5 2360/973/5 2361/974/5
f 2361/974/5 2362/975/5 2363/224/5
f 2363/224/5 2364/976/5 2365/977/5
f 2365/977/5 2366/978/5 2367/979/5
f 2367/979/5 2368/980/5 2331/170/5
f 2331/170/5 2334/960/5 2336/222/5
f 2336/222/5 2338/963/5 2340/965/5
f 2340/965/5 2342/967/5 2344/223/5
f 2344/223/5 2357/970/5 2359/972/5
f 2359/972/5 2361/974/5 2363/224/5
f 2363/224/5 2365/977/5 2367/979/5
f 2367/979/5 2331/170/5 2336/222/5
f 2336/222/5 2340/965/5 2344/223/5
f 2344/223/5 2359/972/5 2363/224/5
f 2363/224/5 2367/979/5 2336/222/5
f 2565/175/9 2589/221/9 2577/176/9
f 2540/239/1 2502/171/1 2590/939/1
f 2590/939/1 2591/940/1 2592/178/1
f 2592/178/1 2593/941/1 2594/942/1
f 2594/942/823 2595/943/823 2596/944/823
f 2596/944/823 2597/945/823 2598/946/823
f 2598/946/821 2599/947/821 2600/179/821
f 2600/179/1 2589/948/1 2565/949/1
f 2565/949/1 2566/950/1 2567/951/1
f 2567/951/1 2568/952/1 2569/953/1
f 2569/953/1 2570/954/1 2571/180/1
f 2571/180/1 2572/955/1 2573/956/1
f 2573/956/821 2574/957/821 2575/958/821
f 2575/958/1 2576/959/1 2540/239/1
f 2540/239/1 2590/939/1 2592/178/1
f 2592/178/1 2594/942/1 2596/944/1
f 2596/944/1 2598/946/1 2600/179/1
f 2600/179/1 2565/949/1 2567/951/1
f 2567/951/811 2569/953/811 2571/180/811
f 2571/180/811 2573/956/811 2575/958/811
f 2575/958/1 2540/239/1 2592/178/1
f 2592/178/1 2596/944/1 2600/179/1
f 2600/179/1 2567/951/1 2571/180/1
f 2571/180/1 2575/958/1 2592/178/1
f 2553/177/468 2564/182/468 2566/181/468
f 2564/182/550 2563/184/550 2567/183/550
f 2563/184/470 2562/186/470 2568/185/470
f 2562/186/830 2561/188/830 2569/187/830
f 2561/188/551 2560/190/551 2570/189/551
f 2560/190/552 2559/166/552 2571/167/552
f 2559/166/553 2558/192/553 2572/191/553
f 2558/192/554 2557/194/554 2573/193/554
f 2557/194/555 2556/196/555 2574/195/555
f 2556/196/556 2555/198/556 2575/197/556
f 2555/198/557 2554/200/557 2576/199/557
f 2554/200/558 2503/119/558 2540/117/558
f 2501/170/559 2588/202/559 2590/201/559
f 2588/202/560 2587/204/560 2591/203/560
f 2587/204/561 2586/206/561 2592/205/561
f 2586/206/562 2585/208/562 2593/207/562
f 2585/208/563 2584/210/563 2594/209/563
f 2584/210/564 2583/168/564 2595/169/564
f 2583/168/565 2582/212/565 2596/211/565
f 2582/212/566 2581/214/566 2597/213/566
f 2581/214/567 2580/216/567 2598/215/567
f 2580/216/489 2579/218/489 2599/217/489
f 2579/218/831 2578/220/831 2600/219/831
f 2578/220/491 2577/176/491 2589/221/491
f 2501/170/5 2503/172/5 2554/960/5
f 2554/960/5 2555/961/5 2556/222/5
f 2556/222/5 2557/962/5 2558/963/5
f 2558/963/5 2559/964/5 2560/965/5
f 2560/965/5 2561/966/5 2562/967/5
f 2562/967/5 2563/968/5 2564/223/5
f 2564/223/5 2553/969/5 2577/970/5
f 2577/970/5 2578/971/5 2579/972/5
f 2579/972/5 2580/973/5 2581/974/5
f 2581/974/5 2582/975/5 2583/224/5
f 2583/224/5 2584/976/5 2585/977/5
f 2585/977/5 2586/978/5 2587/979/5
f 2587/979/5 2588/980/5 2501/170/5
f 2501/170/5 2554/960/5 2556/222/5
f 2556/222/5 2558/963/5 2560/965/5
f 2560/965/5 2562/967/5 2564/223/5
f 2564/223/5 2577/970/5 2579/972/5
f 2579/972/5 2581/974/5 2583/224/5
f 2583/224/5 2585/977/5 2587/979/5
f 2587/979/5 2501/170/5 2556/222/5
f 2556/222/5 2560/965/5 2564/223/5
f 2564/223/5 2579/972/5 2583/224/5
f 2583/224/5 2587/979/5 2556/222/5
f 2722/505/582 2724/508/582 2723/506/582
f 2724/508/583 2726/510/583 2725/509/583
f 2726/510/584 2728/512/584 2727/511/584
f 2728/512/585 2730/513/585 2729/174/585
f 2730/513/586 2732/515/586 2731/514/586
f 2732/515/587 2734/517/587 2733/516/587
f 2734/517/588 2736/519/588 2735/518/588
f 2736/519/589 2738/521/589 2737/520/589
f 2738/521/590 2740/523/590 2739/522/590
f 2740/523/591 2742/525/591 2741/524/591
f 2742/525/592 2744/527/592 2743/526/592
f 2744/527/593 2746/528/593 2745/169/593
f 2746/528/594 2748/530/594 2747/529/594
f 2748/530/595 2750/532/595 2749/531/595
f 2750/532/596 2752/534/596 2751/533/596
f 2752/534/597 2754/536/597 2753/535/597
f 2754/536/598 2756/538/598 2755/537/598
f 2756/538/599 2758/540/599 2757/539/599
f 2758/540/600 2760/542/600 2759/541/600
f 2760/542/601 2762/116/601 2761/168/601
f 2762/116/602 2764/544/602 2763/543/602
f 2764/544/603 2766/546/603 2765/545/603
f 2766/546/604 2768/548/604 2767/547/604
f 2768/548/605 2770/550/605 2769/549/605
f 2770/550/606 2772/552/606 2771/551/606
f 2772/552/607 2774/554/607 2773/553/607
f 2774/554/608 2776/556/608 2775/555/608
f 2776/556/609 2778/557/609 2777/173/609
f 2778/557/610 2780/559/610 2779/558/610
f 2780/559/611 2782/564/611 2781/560/611
f 2726/563/1 2724/1048/1 2722/1049/1
f 2722/1049/1 2784/1050/1 2782/1051/1
f 2782/1051/1 2780/1052/1 2778/1053/1
f 2778/1053/1 2776/1054/1 2774/1055/1
f 2774/1055/1 2772/1056/1 2770/1057/1
f 2770/1057/1 2768/1058/1 2766/1059/1
f 2766/1059/1 2764/1060/1 2762/1061/1
f 2762/1061/1 2760/1062/1 2758/561/1
f 2758/561/1 2756/1063/1 2754/1064/1
f 2754/1064/1 2752/1065/1 2750/1066/1
f 2750/1066/1 2748/1067/1 2746/1068/1
f 2746/1068/1 2744/1069/1 2742/562/1
f 2742/562/1 2740/1070/1 2738/1071/1
f 2738/1071/1 2736/1072/1 2734/1073/1
f 2734/1073/1 2732/1074/1 2730/1075/1
f 2730/1075/1 2728/1076/1 2726/563/1
f 2726/563/1 2722/1049/1 2782/1051/1
f 2782/1051/1 2778/1053/1 2774/1055/1
f 2774/1055/1 2770/1057/1 2766/1059/1
f 2766/1059/1 2762/1061/1 2758/561/1
f 2758/561/1 2754/1064/1 2750/1066/1
f 2750/1066/1 2746/1068/1 2742/562/1
f 2742/562/1 2738/1071/1 2734/1073/1
f 2734/1073/1 2730/1075/1 2726/563/1
f 2726/563/1 2782/1051/1 2774/1055/1
f 2774/1055/1 2766/1059/1 2758/561/1
f 2758/561/1 2750/1066/1 2742/562/1
f 2742/562/1 2734/1073/1 2726/563/1
f 2726/563/1 2774/1055/1 2758/561/1
f 2782/564/612 2784/566/612 2783/565/612
f 2784/566/613 2722/1077/613 2721/567/613
f 2783/570/5 2721/1078/5 2723/1079/5
f 2723/1079/5 2725/1080/5 2727/1081/5
f 2727/1081/5 2729/1082/5 2731/1083/5
f 2731/1083/642 2733/1084/642 2735/1085/642
f 2735/1085/5 2737/1086/5 2739/1087/5
f 2739/1087/5 2741/1088/5 2743/1089/5
f 2743/1089/5 2745/1090/5 2747/1091/5
f 2747/1091/5 2749/1092/5 2751/568/5
f 2751/568/5 2753/1093/5 2755/1094/5
f 2755/1094/5 2757/1095/5 2759/1096/5
f 2759/1096/5 2761/1097/5 2763/1098/5
f 2763/1098/640 2765/1099/640 2767/569/640
f 2767/569/5 2769/1100/5 2771/1101/5
f 2771/1101/5 2773/1102/5 2775/1103/5
f 2775/1103/5 2777/1104/5 2779/1105/5
f 2779/1105/5 2781/1106/5 2783/570/5
f 2783/570/5 2723/1079/5 2727/1081/5
f 2727/1081/5 2731/1083/5 2735/1085/5
f 2735/1085/5 2739/1087/5 2743/1089/5
f 2743/1089/5 2747/1091/5 2751/568/5
f 2751/568/5 2755/1094/5 2759/1096/5
f 2759/1096/5 2763/1098/5 2767/569/5
f 2767/569/5 2771/1101/5 2775/1103/5
f 2775/1103/5 2779/1105/5 2783/570/5
f 2783/570/5 2727/1081/5 2735/1085/5
f 2735/1085/5 2743/1089/5 2751/568/5
f 2751/568/5 2759/1096/5 2767/569/5
f 2767/569/5 2775/1103/5 2783/570/5
f 2783/570/5 2735/1085/5 2751/568/5
f 2787/505/614 2790/573/614 2789/571/614
f 2790/573/615 2794/575/615 2792/574/615
f 2794/575/616 2798/577/616 2796/576/616
f 2798/577/617 2803/579/617 2801/578/617
f 2803/579/618 2807/581/618 2804/580/618
f 2807/581/619 2880/1107/619 2881/582/619
f 2808/583/833 2883/1108/833 2882/584/833
f 2809/585/621 2812/587/621 2810/586/621
f 2812/587/622 2816/589/622 2814/588/622
f 2816/589/623 2820/591/623 2818/590/623
f 2820/591/624 2825/593/624 2822/592/624
f 2825/593/625 2829/595/625 2827/594/625
f 2829/595/626 2832/597/626 2830/596/626
f 2832/597/627 2836/599/627 2834/598/627
f 2836/599/628 2840/601/628 2838/600/628
f 2840/601/629 2844/603/629 2842/602/629
f 2844/603/630 2847/605/630 2846/604/630
f 2847/605/631 2851/607/631 2849/606/631
f 2851/607/632 2884/1109/632 2885/608/632
f 2853/609/834 2887/1110/834 2886/610/834
f 2854/611/634 2857/613/634 2855/612/634
f 2857/613/635 2862/615/635 2860/614/635
f 2862/615/636 2866/617/636 2864/616/636
f 2866/617/637 2870/619/637 2867/618/637
f 2870/619/638 2874/621/638 2871/620/638
f 2874/621/639 2787/628/639 2785/622/639
f 2876/505/627 2875/572/627 2888/623/627
f 2877/596/639 2878/597/639 2892/625/639
f 2877/596/614 2894/655/614 2895/627/614
f 2876/628/626 2898/1111/626 2897/629/626
f 2875/572/5 2785/572/5 2789/571/5
f 2789/571/5 2899/571/5 2888/623/5
f 2889/624/1 2791/573/1 2790/573/1
f 2790/573/1 2787/505/1 2876/505/1
f 2789/571/5 2792/574/5 2901/574/5
f 2900/575/1 2794/575/1 2790/573/1
f 2901/574/5 2792/574/5 2796/576/5
f 2796/576/5 2903/634/5 2793/631/5
f 2795/632/1 2902/635/1 2798/577/1
f 2798/577/1 2794/575/1 2900/575/1
f 2903/634/5 2796/576/5 2801/578/5
f 2801/578/5 2905/578/5 2797/633/5
f 2799/636/1 2904/579/1 2803/579/1
f 2803/579/1 2798/577/1 2902/635/1
f 2800/637/5 2905/578/5 2801/578/5
f 2801/578/5 2804/580/5 2907/580/5
f 2802/638/1 2906/581/1 2807/581/1
f 2807/581/1 2803/579/1 2904/579/1
f 2804/580/642 2881/582/642 2805/639/642
f 2806/640/1 2880/1107/1 2807/581/1
f 2810/586/5 2909/644/5 2811/641/5
f 2812/587/1 2809/585/1 2813/642/1
f 2909/644/5 2810/586/5 2814/588/5
f 2814/588/5 2911/588/5 2815/643/5
f 2910/589/1 2816/589/1 2812/587/1
f 2812/587/1 2908/587/1 2817/645/1
f 2819/646/5 2911/588/5 2814/588/5
f 2814/588/5 2818/590/5 2913/590/5
f 2821/647/1 2912/591/1 2820/591/1
f 2820/591/1 2816/589/1 2910/589/1
f 2913/590/5 2818/590/5 2822/592/5
f 2822/592/5 2915/592/5 2823/648/5
f 2824/649/1 2914/593/1 2825/593/1
f 2825/593/1 2820/591/1 2912/591/1
f 2915/592/5 2822/592/5 2827/594/5
f 2827/594/5 2891/1112/5 2826/650/5
f 2828/651/1 2893/595/1 2829/595/1
f 2829/595/1 2825/593/1 2914/593/1
f 2831/652/5 2891/594/5 2827/594/5
f 2827/594/5 2830/596/5 2877/596/5
f 2877/596/5 2890/626/5 2831/652/5
f 2892/625/1 2878/597/1 2832/597/1
f 2832/597/1 2829/595/1 2893/653/1
f 2833/654/835 2892/625/835 2832/597/835
f 2877/596/5 2830/596/5 2834/598/5
f 2834/598/5 2916/598/5 2894/655/5
f 2895/627/1 2835/599/1 2836/599/1
f 2836/599/1 2832/597/1 2878/597/1
f 2834/598/5 2838/600/5 2918/600/5
f 2917/601/1 2840/601/1 2836/599/1
f 2837/657/5 2918/600/5 2838/600/5
f 2838/600/5 2842/602/5 2920/602/5
f 2839/658/1 2919/603/1 2844/603/1
f 2844/603/1 2840/601/1 2917/601/1
f 2920/602/5 2842/602/5 2846/604/5
f 2846/604/5 2922/604/5 2841/659/5
f 2843/660/1 2921/605/1 2847/605/1
f 2847/605/1 2844/603/1 2919/603/1
f 2922/604/5 2846/604/5 2849/606/5
f 2849/606/5 2924/606/5 2845/661/5
f 2848/662/1 2923/607/1 2851/607/1
f 2851/607/1 2847/605/1 2921/605/1
f 2849/606/640 2885/608/640 2850/663/640
f 2852/664/1 2884/1109/1 2851/607/1
f 2855/612/5 2926/612/5 2856/665/5
f 2857/613/1 2854/611/1 2858/666/1
f 2926/612/5 2855/612/5 2860/614/5
f 2860/614/5 2928/614/5 2859/667/5
f 2927/615/1 2862/615/1 2857/613/1
f 2857/613/1 2925/613/1 2861/668/1
f 2928/614/5 2860/614/5 2864/616/5
f 2864/616/5 2930/616/5 2863/669/5
f 2865/670/1 2929/617/1 2866/617/1
f 2866/617/1 2862/615/1 2927/615/1
f 2930/616/5 2864/616/5 2867/618/5
f 2867/618/5 2932/618/5 2868/671/5
f 2931/619/1 2870/619/1 2866/617/1
f 2866/617/1 2929/617/1 2869/672/1
f 2932/618/5 2867/618/5 2871/620/5
f 2871/620/5 2896/1113/5 2872/673/5
f 2879/621/1 2874/621/1 2870/619/1
f 2870/619/1 2931/619/1 2873/674/1
f 2786/675/5 2896/620/5 2871/620/5
f 2871/620/5 2785/622/5 2875/622/5
f 2875/622/5 2897/629/5 2786/675/5
f 2898/1114/1 2876/628/1 2787/628/1
f 2787/628/1 2874/621/1 2879/676/1
f 2788/677/836 2898/1114/836 2787/628/836
f 2786/507/644 2897/1115/644 2898/678/644
f 2899/679/644 2791/1116/644 2889/680/644
f 2900/683/837 2791/573/837 2899/679/838
f 2901/682/839 2793/1117/646 2795/575/840
f 2900/683/841 2899/679/842 2901/682/843
f 2902/685/648 2795/575/648 2793/1117/648
f 2903/684/648 2797/687/648 2799/577/648
f 2902/685/648 2793/1117/648 2903/684/648
f 2905/688/649 2800/1118/649 2802/579/649
f 2904/686/649 2799/577/649 2797/687/649
f 2905/688/649 2802/579/649 2904/686/649
f 2906/690/650 2802/579/650 2800/1118/650
f 2907/689/650 2805/1119/650 2806/581/650
f 2906/690/650 2800/1118/650 2907/689/650
f 2806/581/651 2805/1119/651 2881/691/651
f 2808/693/652 2811/696/652 2813/587/652
f 2815/1120/844 2817/589/844 2908/695/844
f 2908/695/653 2813/587/653 2811/696/653
f 2909/697/653 2815/1120/653 2908/695/653
f 2910/699/654 2817/589/654 2815/1120/654
f 2911/698/654 2819/1121/654 2821/591/654
f 2910/699/654 2815/1120/654 2911/698/654
f 2912/701/655 2821/591/655 2819/1121/655
f 2913/700/655 2823/1122/655 2824/593/655
f 2912/701/655 2819/1121/655 2913/700/655
f 2914/702/656 2824/593/656 2823/1122/656
f 2915/703/656 2826/1123/656 2828/595/656
f 2914/702/656 2823/1122/656 2915/703/656
f 2828/595/657 2826/1123/657 2891/704/657
f 2831/706/657 2833/597/657 2893/707/657
f 2831/706/658 2890/1124/658 2892/709/658
f 2916/710/658 2835/1125/658 2895/711/658
f 2917/714/845 2835/599/845 2916/710/846
f 2918/713/847 2837/1126/660 2839/601/848
f 2917/714/849 2916/710/850 2918/713/851
f 2919/716/662 2839/601/662 2837/1126/662
f 2920/715/662 2841/718/662 2843/603/662
f 2919/716/662 2837/1126/662 2920/715/662
f 2845/1127/663 2848/605/663 2921/717/663
f 2921/717/663 2843/603/663 2841/718/663
f 2922/719/663 2845/1127/663 2921/717/663
f 2923/721/664 2848/605/664 2845/1127/664
f 2924/720/664 2850/722/664 2852/607/664
f 2923/721/664 2845/1127/664 2924/720/664
f 2850/722/665 2885/1128/665 2884/723/665
f 2854/725/833 2886/1129/833 2887/1130/833
f 2853/724/666 2856/727/666 2858/613/666
f 2854/725/620 2887/1130/620 2853/724/620
f 2926/728/852 2859/1131/852 2861/615/852
f 2925/726/667 2858/613/667 2856/727/667
f 2926/728/667 2861/615/667 2925/726/667
f 2927/730/668 2861/615/668 2859/1131/668
f 2928/729/668 2863/1132/668 2865/617/668
f 2927/730/668 2859/1131/668 2928/729/668
f 2929/732/669 2865/617/669 2863/1132/669
f 2930/731/669 2868/1133/669 2869/619/669
f 2929/732/669 2863/1132/669 2930/731/669
f 2931/734/670 2869/619/670 2868/1133/670
f 2932/733/670 2872/1134/670 2873/621/670
f 2931/734/670 2868/1133/670 2932/733/670
f 2873/621/853 2872/1134/854 2896/735/854
f 2786/737/854 2788/628/854 2879/738/854
f 2972/760/1 2943/805/1 3019/740/1
f 3019/740/1 3021/1135/1 3022/1136/1
f 3022/1136/1 3023/1137/1 3024/741/1
f 3024/741/811 3025/1138/811 3026/1139/811
f 3026/1139/1 3027/1140/1 3028/742/1
f 3028/742/1 3020/1141/1 2965/758/1
f 2965/758/1 2972/760/1 3019/740/1
f 3019/740/1 3022/1136/1 3024/741/1
f 3024/741/1 3026/1139/1 3028/742/1
f 3028/742/1 2965/758/1 3019/740/1
f 2968/764/811 3059/776/811 3061/743/811
f 3061/743/1 3062/1142/1 3063/1143/1
f 3063/1143/810 3064/1144/810 3065/744/810
f 3065/744/811 3066/1145/811 3067/1146/811
f 3067/1146/1 3068/1147/1 3060/745/1
f 3060/745/1 2944/807/1 2971/806/1
f 2971/806/1 2968/764/1 3061/743/1
f 3061/743/1 3063/1143/1 3065/744/1
f 3065/744/1 3067/1146/1 3060/745/1
f 3060/745/1 2971/806/1 3061/743/1
f 3040/889/1 2958/752/1 2961/746/1
f 2961/746/1 2947/779/1 3039/1148/1
f 3039/1148/1 3041/1149/1 3042/747/1
f 3042/747/1 3043/1150/1 3044/1151/1
f 3044/1151/810 3045/1152/810 3046/748/810
f 3046/748/1 3047/1153/1 3048/1154/1
f 3048/1154/1 3040/889/1 2961/746/1
f 2961/746/1 3039/1148/1 3042/747/1
f 3042/747/1 3044/1151/1 3046/748/1
f 3046/748/1 3048/1154/1 2961/746/1
f 2990/1155/5 2957/797/5 2963/749/5
f 2963/749/5 2945/784/5 2989/1156/5
f 2989/1156/5 2991/1157/5 2992/750/5
f 2992/750/5 2993/1158/5 2994/1159/5
f 2994/1159/640 2995/1160/640 2996/751/640
f 2996/751/642 2997/1161/642 2998/1162/642
f 2998/1162/5 2990/1155/5 2963/749/5
f 2963/749/5 2989/1156/5 2992/750/5
f 2992/750/5 2994/1159/5 2996/751/5
f 2996/751/5 2998/1162/5 2963/749/5
f 2958/752/2 3040/889/2 3029/753/2
f 3019/755/3 2943/793/3 2942/756/3
f 2965/758/1 2936/1163/1 2949/759/1
f 2966/761/5 2938/765/5 2953/762/5
f 2968/764/2 2939/775/2 2938/765/2
f 2959/766/9 2935/1164/9 2934/767/9
f 2950/769/3 2939/769/3 2938/769/3
f 2969/770/5 2954/822/5 2933/771/5
f 2958/752/4 2979/752/4 2980/746/4
f 2940/773/5 2952/799/5 2950/774/5
f 2968/764/2 2973/764/2 2974/775/2
f 2982/774/1 2971/806/1 2972/760/1
f 3059/776/2 2968/764/2 2966/761/2
f 2962/778/1 2948/1165/1 2947/779/1
f 2948/1165/1 2962/778/1 2959/780/1
f 2959/780/810 2999/1166/810 3001/1167/810
f 3001/1167/1 3002/1168/1 3003/781/1
f 3003/781/811 3004/1169/811 3005/1170/811
f 3005/1170/810 3006/1171/810 3007/782/810
f 3007/782/1 3008/1172/1 3000/1173/1
f 3000/1173/1 2948/1165/1 2959/780/1
f 2959/780/1 3001/1167/1 3003/781/1
f 3003/781/1 3005/1170/1 3007/782/1
f 3007/782/1 3000/1173/1 2959/780/1
f 2964/783/5 2946/1174/5 2945/784/5
f 2946/1174/5 2964/783/5 2960/754/5
f 2960/754/640 3029/753/640 3031/1175/640
f 3031/1175/640 3032/1176/640 3033/785/640
f 3033/785/642 3034/1177/642 3035/1178/642
f 3035/1178/642 3036/1179/642 3037/786/642
f 3037/786/5 3038/1180/5 3030/1181/5
f 3030/1181/5 2946/1174/5 2960/754/5
f 2960/754/5 3031/1175/5 3033/785/5
f 3033/785/5 3035/1178/5 3037/786/5
f 3037/786/5 3030/1181/5 2960/754/5
f 2947/787/4 2948/800/4 2945/788/4
f 2967/772/642 3009/1182/642 3011/790/642
f 3011/790/642 3012/1183/642 3013/1184/642
f 3013/1184/640 3014/1185/640 3015/791/640
f 3015/791/640 3016/1186/640 3017/1187/640
f 3017/1187/5 3018/1188/5 3010/792/5
f 3010/792/5 2942/809/5 2969/770/5
f 2969/770/5 2967/772/5 3011/790/5
f 3011/790/5 3013/1184/5 3015/791/5
f 3015/791/5 3017/1187/5 3010/792/5
f 3010/792/5 2969/770/5 3011/790/5
f 2943/793/3 2944/816/3 2941/794/3
f 2985/795/1 2962/778/1 2961/746/1
f 2956/796/5 2963/749/5 2957/797/5
f 2961/746/9 2980/746/9 2977/799/9
f 2948/800/4 3000/823/4 2989/801/4
f 2935/802/1 2959/780/1 2962/778/1
f 2937/803/5 2960/754/5 2964/783/5
f 2940/773/2 2958/752/2 2960/754/2
f 2943/805/1 2972/760/1 2971/806/1
f 2941/808/5 2970/763/5 2969/770/5
f 2965/810/9 3020/855/9 3009/811/9
f 2970/763/5 2941/808/5 3049/813/5
f 3049/813/5 3051/1189/5 3052/1190/5
f 3052/1190/5 3053/1191/5 3054/814/5
f 3054/814/642 3055/1192/642 3056/1193/642
f 3056/1193/640 3057/1194/640 3058/815/640
f 3058/815/5 3050/777/5 2966/761/5
f 2966/761/5 2970/763/5 3049/813/5
f 3049/813/5 3052/1190/5 3054/814/5
f 3054/814/5 3056/1193/5 3058/815/5
f 3058/815/5 2966/761/5 3049/813/5
f 2944/816/3 3060/872/3 3049/817/3
f 3039/818/4 2947/787/4 2946/789/4
f 2936/820/9 2965/810/9 2967/812/9
f 2976/774/1 2977/799/1 2975/773/1
f 2978/806/1 2976/774/1 2974/775/1
f 2977/799/1 2980/746/1 2979/752/1
f 2971/806/3 2978/806/3 2973/764/3
f 2939/775/2 2974/775/2 2975/773/2
f 2940/773/2 2975/773/2 2979/752/2
f 2950/774/9 2976/774/9 2978/806/9
f 2952/799/9 2977/799/9 2976/774/9
f 2937/769/3 2955/769/3 2952/769/3
f 2949/759/4 2936/1163/4 2933/821/4
f 2934/767/3 2935/802/3 2951/795/3
f 2953/769/2 2981/769/2 2982/769/2
f 2951/795/2 2985/795/2 2988/796/2
f 2981/762/3 2984/822/3 2983/759/3
f 2949/759/9 2983/759/9 2984/822/9
f 2969/770/5 2970/763/5 2981/762/5
f 2986/769/3 2987/804/3 2988/796/3
f 2955/769/9 2987/769/9 2986/769/9
f 2988/796/5 2987/804/5 2964/783/5
f 3000/823/674 3008/825/674 2991/824/674
f 3008/825/675 3007/827/675 2992/826/675
f 3007/827/676 3006/829/676 2993/828/676
f 3006/829/855 3005/831/855 2994/830/855
f 3005/831/18 3004/528/18 2995/116/18
f 3004/117/678 3003/833/678 2996/832/678
f 3003/833/679 3002/835/679 2997/834/679
f 3002/835/680 3001/837/680 2998/836/680
f 3001/837/681 2999/890/681 2990/838/681
f 3010/757/682 3018/840/682 3021/839/682
f 3018/840/683 3017/842/683 3022/841/683
f 3017/842/684 3016/844/684 3023/843/684
f 3016/844/856 3015/846/856 3024/845/856
f 3015/846/25 3014/848/25 3025/847/25
f 3014/848/857 3013/850/857 3026/849/857
f 3013/850/687 3012/852/687 3027/851/687
f 3012/852/688 3011/854/688 3028/853/688
f 3011/854/858 3009/811/858 3020/855/858
f 3050/777/690 3058/857/690 3061/856/690
f 3058/857/691 3057/859/691 3062/858/691
f 3057/859/692 3056/861/692 3063/860/692
f 3056/861/693 3055/863/693 3064/862/693
f 3055/863/32 3054/865/32 3065/864/32
f 3054/865/859 3053/867/859 3066/866/859
f 3053/867/695 3052/869/695 3067/868/695
f 3052/869/696 3051/871/696 3068/870/696
f 3051/871/697 3049/817/697 3060/872/697
f 3030/819/698 3038/874/698 3041/873/698
f 3038/874/699 3037/876/699 3042/875/699
f 3037/876/700 3036/878/700 3043/877/700
f 3036/878/860 3035/880/860 3044/879/860
f 3035/880/39 3034/882/39 3045/881/39
f 3034/882/861 3033/884/861 3046/883/861
f 3033/884/703 3032/886/703 3047/885/703
f 3032/886/704 3031/888/704 3048/887/704
f 3031/888/862 3029/753/862 3040/889/862
f 2999/890/9 2959/766/9 2957/768/9
usemtl SilverPillar
f 130/117/9 131/166/9 129/119/9
f 132/167/3 135/168/3 131/166/3
f 136/169/2 133/170/2 135/168/2
f 134/171/4 129/116/4 133/170/4
f 135/168/5 129/172/5 131/173/5
f 132/174/1 134/171/1 136/169/1
f 138/117/9 139/166/9 137/119/9
f 140/167/3 143/168/3 139/166/3
f 144/169/2 141/170/2 143/168/2
f 142/171/4 137/116/4 141/170/4
f 143/168/5 137/172/5 139/173/5
f 140/174/1 142/171/1 144/169/1
f 146/117/9 147/166/9 145/119/9
f 148/167/3 151/168/3 147/166/3
f 152/169/2 149/170/2 151/168/2
f 150/171/4 145/116/4 149/170/4
f 151/168/5 145/172/5 147/173/5
f 148/174/1 150/171/1 152/169/1
f 154/117/9 155/166/9 153/119/9
f 156/167/3 159/168/3 155/166/3
f 160/169/2 157/170/2 159/168/2
f 158/171/4 153/116/4 157/170/4
f 159/168/5 153/172/5 155/173/5
f 156/174/1 158/171/1 160/169/1
f 1810/117/9 1811/166/9 1809/119/9
f 1812/167/3 1815/168/3 1811/166/3
f 1816/169/2 1813/170/2 1815/168/2
f 1814/171/4 1809/116/4 1813/170/4
f 1815/168/5 1809/172/5 1811/173/5
f 1812/174/1 1814/171/1 1816/169/1
f 1818/117/9 1819/166/9 1817/119/9
f 1820/167/3 1823/168/3 1819/166/3
f 1824/169/2 1821/170/2 1823/168/2
f 1822/171/4 1817/116/4 1821/170/4
f 1823/168/5 1817/172/5 1819/173/5
f 1820/174/1 1822/171/1 1824/169/1
f 1826/117/9 1827/166/9 1825/119/9
f 1828/167/3 1831/168/3 1827/166/3
f 1832/169/2 1829/170/2 1831/168/2
f 1830/171/4 1825/116/4 1829/170/4
f 1831/168/5 1825/172/5 1827/173/5
f 1828/174/1 1830/171/1 1832/169/1
f 1834/117/9 1835/166/9 1833/119/9
f 1836/167/3 1839/168/3 1835/166/3
f 1840/169/2 1837/170/2 1839/168/2
f 1838/171/4 1833/116/4 1837/170/4
f 1839/168/5 1833/172/5 1835/173/5
f 1836/174/1 1838/171/1 1840/169/1
f 130/117/9 132/167/9 131/166/9
f 132/167/3 136/169/3 135/168/3
f 136/169/2 134/171/2 133/170/2
f 134/171/4 130/528/4 129/116/4
f 135/168/5 133/170/5 129/172/5
f 132/174/1 130/239/1 134/171/1
f 138/117/9 140/167/9 139/166/9
f 140/167/3 144/169/3 143/168/3
f 144/169/2 142/171/2 141/170/2
f 142/171/4 138/528/4 137/116/4
f 143/168/5 141/170/5 137/172/5
f 140/174/1 138/239/1 142/171/1
f 146/117/9 148/167/9 147/166/9
f 148/167/3 152/169/3 151/168/3
f 152/169/2 150/171/2 149/170/2
f 150/171/4 146/528/4 145/116/4
f 151/168/5 149/170/5 145/172/5
f 148/174/1 146/239/1 150/171/1
f 154/117/9 156/167/9 155/166/9
f 156/167/3 160/169/3 159/168/3
f 160/169/2 158/171/2 157/170/2
f 158/171/4 154/528/4 153/116/4
f 159/168/5 157/170/5 153/172/5
f 156/174/1 154/239/1 158/171/1
f 1810/117/9 1812/167/9 1811/166/9
f 1812/167/3 1816/169/3 1815/168/3
f 1816/169/2 1814/171/2 1813/170/2
f 1814/171/4 1810/528/4 1809/116/4
f 1815/168/5 1813/170/5 1809/172/5
f 1812/174/1 1810/239/1 1814/171/1
f 1818/117/9 1820/167/9 1819/166/9
f 1820/167/3 1824/169/3 1823/168/3
f 1824/169/2 1822/171/2 1821/170/2
f 1822/171/4 1818/528/4 1817/116/4
f 1823/168/5 1821/170/5 1817/172/5
f 1820/174/1 1818/239/1 1822/171/1
f 1826/117/9 1828/167/9 1827/166/9
f 1828/167/3 1832/169/3 1831/168/3
f 1832/169/2 1830/171/2 1829/170/2
f 1830/171/4 1826/528/4 1825/116/4
f 1831/168/5 1829/170/5 1825/172/5
f 1828/174/1 1826/239/1 1830/171/1
f 1834/117/9 1836/167/9 1835/166/9
f 1836/167/3 1840/169/3 1839/168/3
f 1840/169/2 1838/171/2 1837/170/2
f 1838/171/4 1834/528/4 1833/116/4
f 1839/168/5 1837/170/5 1833/172/5
f 1836/174/1 1834/239/1 1838/171/1
usemtl yellowPanelTexture
f 175/175/3 187/176/3 163/177/3
f 203/178/1 211/179/1 181/180/1
f 199/171/4 161/116/4 162/170/4
f 163/177/43 176/181/43 175/175/43
f 174/182/44 177/183/44 176/181/44
f 173/184/45 178/185/45 177/183/45
f 172/186/46 179/187/46 178/185/46
f 171/188/47 180/189/47 179/187/47
f 170/190/48 181/167/48 180/189/48
f 169/166/49 182/191/49 181/167/49
f 168/192/50 183/193/50 182/191/50
f 167/194/51 184/195/51 183/193/51
f 166/196/52 185/197/52 184/195/52
f 165/198/53 186/199/53 185/197/53
f 164/200/54 212/117/54 186/199/54
f 162/170/55 201/201/55 199/171/55
f 198/202/56 202/203/56 201/201/56
f 197/204/57 203/205/57 202/203/57
f 196/206/58 204/207/58 203/205/58
f 195/208/59 205/209/59 204/207/59
f 194/210/60 206/169/60 205/209/60
f 193/168/61 207/211/61 206/169/61
f 192/212/62 208/213/62 207/211/62
f 191/214/63 209/215/63 208/213/63
f 190/216/64 210/217/64 209/215/64
f 189/218/65 211/219/65 210/217/65
f 188/220/66 200/221/66 211/219/66
f 166/222/5 174/223/5 193/224/5
f 393/175/4 406/176/4 381/177/4
f 421/178/1 429/179/1 400/180/1
f 431/171/3 432/116/3 430/170/3
f 381/177/67 395/181/67 393/175/67
f 392/182/68 396/183/68 395/181/68
f 391/184/69 397/185/69 396/183/69
f 390/186/70 398/187/70 397/185/70
f 389/188/71 399/189/71 398/187/71
f 388/190/72 400/167/72 399/189/72
f 387/166/73 401/191/73 400/167/73
f 386/192/74 402/193/74 401/191/74
f 385/194/75 403/195/75 402/193/75
f 384/196/76 404/197/76 403/195/76
f 383/198/77 405/199/77 404/197/77
f 382/200/78 394/117/78 405/199/78
f 430/170/79 419/201/79 431/171/79
f 417/202/80 420/203/80 419/201/80
f 416/204/81 421/205/81 420/203/81
f 415/206/82 422/207/82 421/205/82
f 414/208/83 423/209/83 422/207/83
f 413/210/84 424/169/84 423/209/84
f 412/168/85 425/211/85 424/169/85
f 411/212/86 426/213/86 425/211/86
f 410/214/87 427/215/87 426/213/87
f 409/216/88 428/217/88 427/215/88
f 408/218/89 429/219/89 428/217/89
f 407/220/90 418/221/90 429/219/90
f 384/222/5 392/223/5 412/224/5
f 614/175/9 626/176/9 602/177/9
f 642/178/1 650/179/1 620/180/1
f 664/171/2 677/116/2 627/170/2
f 602/177/107 615/181/107 614/175/107
f 613/182/108 616/183/108 615/181/108
f 612/184/109 617/185/109 616/183/109
f 611/186/110 618/187/110 617/185/110
f 610/188/111 619/189/111 618/187/111
f 609/190/112 620/167/112 619/189/112
f 608/166/113 621/191/113 620/167/113
f 607/192/114 622/193/114 621/191/114
f 606/194/115 623/195/115 622/193/115
f 605/196/116 624/197/116 623/195/116
f 604/198/117 625/199/117 624/197/117
f 603/200/118 601/117/118 625/199/118
f 627/170/119 640/201/119 664/171/119
f 638/202/120 641/203/120 640/201/120
f 637/204/121 642/205/121 641/203/121
f 636/206/122 643/207/122 642/205/122
f 635/208/123 644/209/123 643/207/123
f 634/210/124 645/169/124 644/209/124
f 633/168/125 646/211/125 645/169/125
f 632/212/126 647/213/126 646/211/126
f 631/214/127 648/215/127 647/213/127
f 630/216/128 649/217/128 648/215/128
f 629/218/129 650/219/129 649/217/129
f 628/220/130 639/221/130 650/219/130
f 605/222/5 613/223/5 633/224/5
f 834/175/2 846/176/2 822/177/2
f 863/178/1 871/179/1 840/180/1
f 859/171/9 821/116/9 847/170/9
f 822/177/131 835/181/131 834/175/131
f 833/182/132 836/183/132 835/181/132
f 832/184/133 837/185/133 836/183/133
f 831/186/134 838/187/134 837/185/134
f 830/188/135 839/189/135 838/187/135
f 829/190/136 840/167/136 839/189/136
f 828/166/137 841/191/137 840/167/137
f 827/192/138 842/193/138 841/191/138
f 826/194/139 843/195/139 842/193/139
f 825/196/140 844/197/140 843/195/140
f 824/198/141 845/199/141 844/197/141
f 823/200/142 908/117/142 845/199/142
f 847/170/143 861/201/143 859/171/143
f 858/202/144 862/203/144 861/201/144
f 857/204/145 863/205/145 862/203/145
f 856/206/146 864/207/146 863/205/146
f 855/208/147 865/209/147 864/207/147
f 854/210/148 866/169/148 865/209/148
f 853/168/149 867/211/149 866/169/149
f 852/212/150 868/213/150 867/211/150
f 851/214/151 869/215/151 868/213/151
f 850/216/152 870/217/152 869/215/152
f 849/218/153 871/219/153 870/217/153
f 848/220/154 860/221/154 871/219/154
f 825/222/5 833/223/5 853/224/5
f 1855/175/3 1867/176/3 1843/177/3
f 1882/178/1 1890/179/1 1861/180/1
f 1904/171/4 1917/116/4 1842/170/4
f 1843/177/339 1856/181/339 1855/175/339
f 1854/182/340 1857/183/340 1856/181/340
f 1853/184/341 1858/185/341 1857/183/341
f 1852/186/342 1859/187/342 1858/185/342
f 1851/188/343 1860/189/343 1859/187/343
f 1850/190/344 1861/167/344 1860/189/344
f 1849/166/345 1862/191/345 1861/167/345
f 1848/192/346 1863/193/346 1862/191/346
f 1847/194/347 1864/195/347 1863/193/347
f 1846/196/348 1865/197/348 1864/195/348
f 1845/198/349 1866/199/349 1865/197/349
f 1844/200/350 1841/117/350 1866/199/350
f 1842/170/351 1880/201/351 1904/171/351
f 1878/202/352 1881/203/352 1880/201/352
f 1877/204/353 1882/205/353 1881/203/353
f 1876/206/354 1883/207/354 1882/205/354
f 1875/208/355 1884/209/355 1883/207/355
f 1874/210/356 1885/169/356 1884/209/356
f 1873/168/357 1886/211/357 1885/169/357
f 1872/212/358 1887/213/358 1886/211/358
f 1871/214/359 1888/215/359 1887/213/359
f 1870/216/360 1889/217/360 1888/215/360
f 1869/218/361 1890/219/361 1889/217/361
f 1868/220/362 1879/221/362 1890/219/362
f 1846/222/5 1854/223/5 1873/224/5
f 2074/175/4 2086/176/4 2062/177/4
f 2102/178/1 2110/179/1 2080/180/1
f 2125/171/3 2061/116/3 2087/170/3
f 2062/177/363 2075/181/363 2074/175/363
f 2073/182/405 2076/183/405 2075/181/405
f 2072/184/406 2077/185/406 2076/183/406
f 2071/186/407 2078/187/407 2077/185/407
f 2070/188/408 2079/189/408 2078/187/408
f 2069/190/409 2080/167/409 2079/189/409
f 2068/166/410 2081/191/410 2080/167/410
f 2067/192/411 2082/193/411 2081/191/411
f 2066/194/412 2083/195/412 2082/193/412
f 2065/196/413 2084/197/413 2083/195/413
f 2064/198/414 2085/199/414 2084/197/414
f 2063/200/415 2111/117/415 2085/199/415
f 2087/170/416 2100/201/416 2125/171/416
f 2098/202/417 2101/203/417 2100/201/417
f 2097/204/418 2102/205/418 2101/203/418
f 2096/206/419 2103/207/419 2102/205/419
f 2095/208/420 2104/209/420 2103/207/420
f 2094/210/421 2105/169/421 2104/209/421
f 2093/168/422 2106/211/422 2105/169/422
f 2092/212/423 2107/213/423 2106/211/423
f 2091/214/424 2108/215/424 2107/213/424
f 2090/216/425 2109/217/425 2108/215/425
f 2089/218/426 2110/219/426 2109/217/426
f 2088/220/386 2099/221/386 2110/219/386
f 2065/222/5 2073/223/5 2093/224/5
f 2294/175/9 2306/176/9 2282/177/9
f 2321/178/1 2329/179/1 2300/180/1
f 2281/171/2 2331/116/2 2330/170/2
f 2282/177/468 2295/181/468 2294/175/468
f 2293/182/469 2296/183/469 2295/181/469
f 2292/184/470 2297/185/470 2296/183/470
f 2291/186/471 2298/187/471 2297/185/471
f 2290/188/472 2299/189/472 2298/187/472
f 2289/190/473 2300/167/473 2299/189/473
f 2288/166/474 2301/191/474 2300/167/474
f 2287/192/475 2302/193/475 2301/191/475
f 2286/194/476 2303/195/476 2302/193/476
f 2285/196/477 2304/197/477 2303/195/477
f 2284/198/478 2305/199/478 2304/197/478
f 2283/200/479 2332/117/479 2305/199/479
f 2330/170/480 2319/201/480 2281/171/480
f 2317/202/481 2320/203/481 2319/201/481
f 2316/204/482 2321/205/482 2320/203/482
f 2315/206/483 2322/207/483 2321/205/483
f 2314/208/484 2323/209/484 2322/207/484
f 2313/210/485 2324/169/485 2323/209/485
f 2312/168/486 2325/211/486 2324/169/486
f 2311/212/487 2326/213/487 2325/211/487
f 2310/214/488 2327/215/488 2326/213/488
f 2309/216/489 2328/217/489 2327/215/489
f 2308/218/490 2329/219/490 2328/217/490
f 2307/220/491 2318/221/491 2329/219/491
f 2285/222/5 2293/223/5 2312/224/5
f 2516/175/2 2528/176/2 2504/177/2
f 2544/178/1 2552/179/1 2522/180/1
f 2540/171/9 2501/116/9 2503/170/9
f 2504/177/492 2517/181/492 2516/175/492
f 2515/182/493 2518/183/493 2517/181/493
f 2514/184/494 2519/185/494 2518/183/494
f 2513/186/532 2520/187/532 2519/185/532
f 2512/188/533 2521/189/533 2520/187/533
f 2511/190/534 2522/167/534 2521/189/534
f 2510/166/535 2523/191/535 2522/167/535
f 2509/192/536 2524/193/536 2523/191/536
f 2508/194/537 2525/195/537 2524/193/537
f 2507/196/538 2526/197/538 2525/195/538
f 2506/198/539 2527/199/539 2526/197/539
f 2505/200/540 2502/117/540 2527/199/540
f 2503/170/541 2542/201/541 2540/171/541
f 2539/202/542 2543/203/542 2542/201/542
f 2538/204/543 2544/205/543 2543/203/543
f 2537/206/544 2545/207/544 2544/205/544
f 2536/208/545 2546/209/545 2545/207/545
f 2535/210/546 2547/169/546 2546/209/546
f 2534/168/547 2548/211/547 2547/169/547
f 2533/212/548 2549/213/548 2548/211/548
f 2532/214/512 2550/215/512 2549/213/512
f 2531/216/513 2551/217/513 2550/215/513
f 2530/218/549 2552/219/549 2551/217/549
f 2529/220/515 2541/221/515 2552/219/515
f 2507/222/5 2515/223/5 2534/224/5
f 175/175/3 200/221/3 187/176/3
f 212/239/1 199/171/1 201/939/1
f 201/939/1 202/940/1 203/178/1
f 203/178/1 204/941/1 205/942/1
f 205/942/1 206/943/1 207/944/1
f 207/944/1 208/945/1 209/946/1
f 209/946/1 210/947/1 211/179/1
f 211/179/1 200/948/1 175/949/1
f 175/949/1 176/950/1 177/951/1
f 177/951/1 178/952/1 179/953/1
f 179/953/1 180/954/1 181/180/1
f 181/180/1 182/955/1 183/956/1
f 183/956/1 184/957/1 185/958/1
f 185/958/1 186/959/1 212/239/1
f 212/239/1 201/939/1 203/178/1
f 203/178/1 205/942/1 207/944/1
f 207/944/1 209/946/1 211/179/1
f 211/179/1 175/949/1 177/951/1
f 177/951/1 179/953/1 181/180/1
f 181/180/1 183/956/1 185/958/1
f 185/958/1 212/239/1 203/178/1
f 203/178/1 207/944/1 211/179/1
f 211/179/1 177/951/1 181/180/1
f 181/180/1 185/958/1 203/178/1
f 199/171/4 212/528/4 161/116/4
f 163/177/43 174/182/43 176/181/43
f 174/182/44 173/184/44 177/183/44
f 173/184/45 172/186/45 178/185/45
f 172/186/46 171/188/46 179/187/46
f 171/188/47 170/190/47 180/189/47
f 170/190/48 169/166/48 181/167/48
f 169/166/49 168/192/49 182/191/49
f 168/192/50 167/194/50 183/193/50
f 167/194/51 166/196/51 184/195/51
f 166/196/52 165/198/52 185/197/52
f 165/198/706 164/200/706 186/199/706
f 164/200/54 161/119/54 212/117/54
f 162/170/55 198/202/55 201/201/55
f 198/202/56 197/204/56 202/203/56
f 197/204/57 196/206/57 203/205/57
f 196/206/58 195/208/58 204/207/58
f 195/208/59 194/210/59 205/209/59
f 194/210/60 193/168/60 206/169/60
f 193/168/61 192/212/61 207/211/61
f 192/212/62 191/214/62 208/213/62
f 191/214/63 190/216/63 209/215/63
f 190/216/64 189/218/64 210/217/64
f 189/218/65 188/220/65 211/219/65
f 188/220/66 187/176/66 200/221/66
f 162/170/5 161/172/5 164/960/5
f 164/960/5 165/961/5 166/222/5
f 166/222/5 167/962/5 168/963/5
f 168/963/5 169/964/5 170/965/5
f 170/965/5 171/966/5 172/967/5
f 172/967/640 173/968/640 174/223/640
f 174/223/5 163/969/5 187/970/5
f 187/970/5 188/971/5 189/972/5
f 189/972/5 190/973/5 191/974/5
f 191/974/707 192/975/707 193/224/707
f 193/224/5 194/976/5 195/977/5
f 195/977/5 196/978/5 197/979/5
f 197/979/707 198/980/707 162/170/707
f 162/170/5 164/960/5 166/222/5
f 166/222/5 168/963/5 170/965/5
f 170/965/5 172/967/5 174/223/5
f 174/223/5 187/970/5 189/972/5
f 189/972/5 191/974/5 193/224/5
f 193/224/642 195/977/642 197/979/642
f 197/979/5 162/170/5 166/222/5
f 166/222/5 170/965/5 174/223/5
f 174/223/5 189/972/5 193/224/5
f 193/224/5 197/979/5 166/222/5
f 393/175/4 418/221/4 406/176/4
f 394/239/1 431/171/1 419/939/1
f 419/939/1 420/940/1 421/178/1
f 421/178/1 422/941/1 423/942/1
f 423/942/1 424/943/1 425/944/1
f 425/944/1 426/945/1 427/946/1
f 427/946/1 428/947/1 429/179/1
f 429/179/1 418/948/1 393/949/1
f 393/949/1 395/950/1 396/951/1
f 396/951/1 397/952/1 398/953/1
f 398/953/1 399/954/1 400/180/1
f 400/180/1 401/955/1 402/956/1
f 402/956/1 403/957/1 404/958/1
f 404/958/1 405/959/1 394/239/1
f 394/239/1 419/939/1 421/178/1
f 421/178/1 423/942/1 425/944/1
f 425/944/1 427/946/1 429/179/1
f 429/179/1 393/949/1 396/951/1
f 396/951/1 398/953/1 400/180/1
f 400/180/1 402/956/1 404/958/1
f 404/958/1 394/239/1 421/178/1
f 421/178/1 425/944/1 429/179/1
f 429/179/1 396/951/1 400/180/1
f 400/180/1 404/958/1 421/178/1
f 431/171/3 394/528/3 432/116/3
f 381/177/67 392/182/67 395/181/67
f 392/182/68 391/184/68 396/183/68
f 391/184/69 390/186/69 397/185/69
f 390/186/70 389/188/70 398/187/70
f 389/188/71 388/190/71 399/189/71
f 388/190/72 387/166/72 400/167/72
f 387/166/73 386/192/73 401/191/73
f 386/192/74 385/194/74 402/193/74
f 385/194/75 384/196/75 403/195/75
f 384/196/76 383/198/76 404/197/76
f 383/198/77 382/200/77 405/199/77
f 382/200/78 432/119/78 394/117/78
f 430/170/79 417/202/79 419/201/79
f 417/202/708 416/204/708 420/203/708
f 416/204/81 415/206/81 421/205/81
f 415/206/82 414/208/82 422/207/82
f 414/208/83 413/210/83 423/209/83
f 413/210/84 412/168/84 424/169/84
f 412/168/85 411/212/85 425/211/85
f 411/212/86 410/214/86 426/213/86
f 410/214/87 409/216/87 427/215/87
f 409/216/88 408/218/88 428/217/88
f 408/218/89 407/220/89 429/219/89
f 407/220/90 406/176/90 418/221/90
f 430/170/5 432/172/5 382/960/5
f 382/960/5 383/961/5 384/222/5
f 384/222/5 385/962/5 386/963/5
f 386/963/707 387/964/707 388/965/707
f 388/965/640 389/966/640 390/967/640
f 390/967/642 391/968/642 392/223/642
f 392/223/5 381/969/5 406/970/5
f 406/970/5 407/971/5 408/972/5
f 408/972/642 409/973/642 410/974/642
f 410/974/5 411/975/5 412/224/5
f 412/224/5 413/976/5 414/977/5
f 414/977/5 415/978/5 416/979/5
f 416/979/711 417/980/711 430/170/711
f 430/170/5 382/960/5 384/222/5
f 384/222/642 386/963/642 388/965/642
f 388/965/5 390/967/5 392/223/5
f 392/223/5 406/970/5 408/972/5
f 408/972/640 410/974/640 412/224/640
f 412/224/640 414/977/640 416/979/640
f 416/979/5 430/170/5 384/222/5
f 384/222/5 388/965/5 392/223/5
f 392/223/5 408/972/5 412/224/5
f 412/224/5 416/979/5 384/222/5
f 614/175/9 639/221/9 626/176/9
f 601/239/1 664/171/1 640/939/1
f 640/939/1 641/940/1 642/178/1
f 642/178/1 643/941/1 644/942/1
f 644/942/1 645/943/1 646/944/1
f 646/944/1 647/945/1 648/946/1
f 648/946/1 649/947/1 650/179/1
f 650/179/1 639/948/1 614/949/1
f 614/949/1 615/950/1 616/951/1
f 616/951/1 617/952/1 618/953/1
f 618/953/1 619/954/1 620/180/1
f 620/180/1 621/955/1 622/956/1
f 622/956/1 623/957/1 624/958/1
f 624/958/1 625/959/1 601/239/1
f 601/239/1 640/939/1 642/178/1
f 642/178/1 644/942/1 646/944/1
f 646/944/1 648/946/1 650/179/1
f 650/179/1 614/949/1 616/951/1
f 616/951/1 618/953/1 620/180/1
f 620/180/1 622/956/1 624/958/1
f 624/958/1 601/239/1 642/178/1
f 642/178/1 646/944/1 650/179/1
f 650/179/1 616/951/1 620/180/1
f 620/180/1 624/958/1 642/178/1
f 664/171/2 601/528/2 677/116/2
f 602/177/107 613/182/107 615/181/107
f 613/182/108 612/184/108 616/183/108
f 612/184/109 611/186/109 617/185/109
f 611/186/110 610/188/110 618/187/110
f 610/188/111 609/190/111 619/189/111
f 609/190/112 608/166/112 620/167/112
f 608/166/113 607/192/113 621/191/113
f 607/192/114 606/194/114 622/193/114
f 606/194/115 605/196/115 623/195/115
f 605/196/116 604/198/116 624/197/116
f 604/198/712 603/200/712 625/199/712
f 603/200/118 677/119/118 601/117/118
f 627/170/119 638/202/119 640/201/119
f 638/202/120 637/204/120 641/203/120
f 637/204/121 636/206/121 642/205/121
f 636/206/122 635/208/122 643/207/122
f 635/208/123 634/210/123 644/209/123
f 634/210/124 633/168/124 645/169/124
f 633/168/125 632/212/125 646/211/125
f 632/212/126 631/214/126 647/213/126
f 631/214/127 630/216/127 648/215/127
f 630/216/128 629/218/128 649/217/128
f 629/218/129 628/220/129 650/219/129
f 628/220/130 626/176/130 639/221/130
f 627/170/5 677/172/5 603/960/5
f 603/960/5 604/961/5 605/222/5
f 605/222/5 606/962/5 607/963/5
f 607/963/5 608/964/5 609/965/5
f 609/965/5 610/966/5 611/967/5
f 611/967/713 612/968/713 613/223/713
f 613/223/714 602/969/714 626/970/714
f 626/970/5 628/971/5 629/972/5
f 629/972/713 630/973/713 631/974/713
f 631/974/713 632/975/713 633/224/713
f 633/224/715 634/976/715 635/977/715
f 635/977/715 636/978/715 637/979/715
f 637/979/5 638/980/5 627/170/5
f 627/170/5 603/960/5 605/222/5
f 605/222/5 607/963/5 609/965/5
f 609/965/5 611/967/5 613/223/5
f 613/223/641 626/970/641 629/972/641
f 629/972/642 631/974/642 633/224/642
f 633/224/640 635/977/640 637/979/640
f 637/979/5 627/170/5 605/222/5
f 605/222/5 609/965/5 613/223/5
f 613/223/5 629/972/5 633/224/5
f 633/224/5 637/979/5 605/222/5
f 834/175/2 860/221/2 846/176/2
f 908/239/1 859/171/1 861/939/1
f 861/939/1 862/940/1 863/178/1
f 863/178/1 864/941/1 865/942/1
f 865/942/1 866/943/1 867/944/1
f 867/944/1 868/945/1 869/946/1
f 869/946/1 870/947/1 871/179/1
f 871/179/1 860/948/1 834/949/1
f 834/949/1 835/950/1 836/951/1
f 836/951/1 837/952/1 838/953/1
f 838/953/1 839/954/1 840/180/1
f 840/180/1 841/955/1 842/956/1
f 842/956/1 843/957/1 844/958/1
f 844/958/1 845/959/1 908/239/1
f 908/239/1 861/939/1 863/178/1
f 863/178/1 865/942/1 867/944/1
f 867/944/1 869/946/1 871/179/1
f 871/179/1 834/949/1 836/951/1
f 836/951/1 838/953/1 840/180/1
f 840/180/1 842/956/1 844/958/1
f 844/958/1 908/239/1 863/178/1
f 863/178/1 867/944/1 871/179/1
f 871/179/1 836/951/1 840/180/1
f 840/180/1 844/958/1 863/178/1
f 859/171/9 908/528/9 821/116/9
f 822/177/131 833/182/131 835/181/131
f 833/182/132 832/184/132 836/183/132
f 832/184/133 831/186/133 837/185/133
f 831/186/134 830/188/134 838/187/134
f 830/188/135 829/190/135 839/189/135
f 829/190/136 828/166/136 840/167/136
f 828/166/137 827/192/137 841/191/137
f 827/192/138 826/194/138 842/193/138
f 826/194/139 825/196/139 843/195/139
f 825/196/140 824/198/140 844/197/140
f 824/198/141 823/200/141 845/199/141
f 823/200/142 821/119/142 908/117/142
f 847/170/143 858/202/143 861/201/143
f 858/202/144 857/204/144 862/203/144
f 857/204/145 856/206/145 863/205/145
f 856/206/146 855/208/146 864/207/146
f 855/208/147 854/210/147 865/209/147
f 854/210/148 853/168/148 866/169/148
f 853/168/149 852/212/149 867/211/149
f 852/212/150 851/214/150 868/213/150
f 851/214/151 850/216/151 869/215/151
f 850/216/152 849/218/152 870/217/152
f 849/218/153 848/220/153 871/219/153
f 848/220/154 846/176/154 860/221/154
f 847/170/5 821/172/5 823/960/5
f 823/960/5 824/961/5 825/222/5
f 825/222/5 826/962/5 827/963/5
f 827/963/5 828/964/5 829/965/5
f 829/965/5 830/966/5 831/967/5
f 831/967/715 832/968/715 833/223/715
f 833/223/718 822/969/718 846/970/718
f 846/970/5 848/971/5 849/972/5
f 849/972/715 850/973/715 851/974/715
f 851/974/715 852/975/715 853/224/715
f 853/224/713 854/976/713 855/977/713
f 855/977/713 856/978/713 857/979/713
f 857/979/5 858/980/5 847/170/5
f 847/170/5 823/960/5 825/222/5
f 825/222/5 827/963/5 829/965/5
f 829/965/5 831/967/5 833/223/5
f 833/223/643 846/970/643 849/972/643
f 849/972/640 851/974/640 853/224/640
f 853/224/642 855/977/642 857/979/642
f 857/979/5 847/170/5 825/222/5
f 825/222/5 829/965/5 833/223/5
f 833/223/5 849/972/5 853/224/5
f 853/224/5 857/979/5 825/222/5
f 1855/175/3 1879/221/3 1867/176/3
f 1841/239/1 1904/171/1 1880/939/1
f 1880/939/813 1881/940/813 1882/178/813
f 1882/178/814 1883/941/814 1884/942/814
f 1884/942/1 1885/943/1 1886/944/1
f 1886/944/1 1887/945/1 1888/946/1
f 1888/946/810 1889/947/810 1890/179/810
f 1890/179/1 1879/948/1 1855/949/1
f 1855/949/811 1856/950/811 1857/951/811
f 1857/951/1 1858/952/1 1859/953/1
f 1859/953/813 1860/954/813 1861/180/813
f 1861/180/1 1862/955/1 1863/956/1
f 1863/956/813 1864/957/813 1865/958/813
f 1865/958/1 1866/959/1 1841/239/1
f 1841/239/1 1880/939/1 1882/178/1
f 1882/178/811 1884/942/811 1886/944/811
f 1886/944/1 1888/946/1 1890/179/1
f 1890/179/1 1855/949/1 1857/951/1
f 1857/951/811 1859/953/811 1861/180/811
f 1861/180/810 1863/956/810 1865/958/810
f 1865/958/1 1841/239/1 1882/178/1
f 1882/178/1 1886/944/1 1890/179/1
f 1890/179/1 1857/951/1 1861/180/1
f 1861/180/1 1865/958/1 1882/178/1
f 1904/171/4 1841/528/4 1917/116/4
f 1843/177/339 1854/182/339 1856/181/339
f 1854/182/340 1853/184/340 1857/183/340
f 1853/184/341 1852/186/341 1858/185/341
f 1852/186/342 1851/188/342 1859/187/342
f 1851/188/343 1850/190/343 1860/189/343
f 1850/190/344 1849/166/344 1861/167/344
f 1849/166/345 1848/192/345 1862/191/345
f 1848/192/346 1847/194/346 1863/193/346
f 1847/194/347 1846/196/347 1864/195/347
f 1846/196/348 1845/198/348 1865/197/348
f 1845/198/349 1844/200/349 1866/199/349
f 1844/200/350 1917/119/350 1841/117/350
f 1842/170/351 1878/202/351 1880/201/351
f 1878/202/352 1877/204/352 1881/203/352
f 1877/204/353 1876/206/353 1882/205/353
f 1876/206/354 1875/208/354 1883/207/354
f 1875/208/355 1874/210/355 1884/209/355
f 1874/210/356 1873/168/356 1885/169/356
f 1873/168/357 1872/212/357 1886/211/357
f 1872/212/358 1871/214/358 1887/213/358
f 1871/214/359 1870/216/359 1888/215/359
f 1870/216/360 1869/218/360 1889/217/360
f 1869/218/361 1868/220/361 1890/219/361
f 1868/220/362 1867/176/362 1879/221/362
f 1842/170/5 1917/172/5 1844/960/5
f 1844/960/5 1845/961/5 1846/222/5
f 1846/222/5 1847/962/5 1848/963/5
f 1848/963/5 1849/964/5 1850/965/5
f 1850/965/5 1851/966/5 1852/967/5
f 1852/967/5 1853/968/5 1854/223/5
f 1854/223/5 1843/969/5 1867/970/5
f 1867/970/5 1868/971/5 1869/972/5
f 1869/972/5 1870/973/5 1871/974/5
f 1871/974/5 1872/975/5 1873/224/5
f 1873/224/5 1874/976/5 1875/977/5
f 1875/977/5 1876/978/5 1877/979/5
f 1877/979/5 1878/980/5 1842/170/5
f 1842/170/5 1844/960/5 1846/222/5
f 1846/222/5 1848/963/5 1850/965/5
f 1850/965/5 1852/967/5 1854/223/5
f 1854/223/5 1867/970/5 1869/972/5
f 1869/972/5 1871/974/5 1873/224/5
f 1873/224/5 1875/977/5 1877/979/5
f 1877/979/5 1842/170/5 1846/222/5
f 1846/222/5 1850/965/5 1854/223/5
f 1854/223/5 1869/972/5 1873/224/5
f 1873/224/5 1877/979/5 1846/222/5
f 2074/175/4 2099/221/4 2086/176/4
f 2111/239/1 2125/171/1 2100/939/1
f 2100/939/814 2101/940/814 2102/178/814
f 2102/178/813 2103/941/813 2104/942/813
f 2104/942/1 2105/943/1 2106/944/1
f 2106/944/1 2107/945/1 2108/946/1
f 2108/946/811 2109/947/811 2110/179/811
f 2110/179/1 2099/948/1 2074/949/1
f 2074/949/811 2075/950/811 2076/951/811
f 2076/951/1 2077/952/1 2078/953/1
f 2078/953/814 2079/954/814 2080/180/814
f 2080/180/814 2081/955/814 2082/956/814
f 2082/956/813 2083/957/813 2084/958/813
f 2084/958/814 2085/959/814 2111/239/814
f 2111/239/1 2100/939/1 2102/178/1
f 2102/178/810 2104/942/810 2106/944/810
f 2106/944/1 2108/946/1 2110/179/1
f 2110/179/1 2074/949/1 2076/951/1
f 2076/951/1 2078/953/1 2080/180/1
f 2080/180/811 2082/956/811 2084/958/811
f 2084/958/1 2111/239/1 2102/178/1
f 2102/178/1 2106/944/1 2110/179/1
f 2110/179/1 2076/951/1 2080/180/1
f 2080/180/1 2084/958/1 2102/178/1
f 2125/171/3 2111/528/3 2061/116/3
f 2062/177/363 2073/182/363 2075/181/363
f 2073/182/405 2072/184/405 2076/183/405
f 2072/184/406 2071/186/406 2077/185/406
f 2071/186/407 2070/188/407 2078/187/407
f 2070/188/408 2069/190/408 2079/189/408
f 2069/190/409 2068/166/409 2080/167/409
f 2068/166/410 2067/192/410 2081/191/410
f 2067/192/411 2066/194/411 2082/193/411
f 2066/194/412 2065/196/412 2083/195/412
f 2065/196/413 2064/198/413 2084/197/413
f 2064/198/815 2063/200/815 2085/199/815
f 2063/200/415 2061/119/415 2111/117/415
f 2087/170/416 2098/202/416 2100/201/416
f 2098/202/816 2097/204/816 2101/203/816
f 2097/204/418 2096/206/418 2102/205/418
f 2096/206/419 2095/208/419 2103/207/419
f 2095/208/420 2094/210/420 2104/209/420
f 2094/210/421 2093/168/421 2105/169/421
f 2093/168/422 2092/212/422 2106/211/422
f 2092/212/423 2091/214/423 2107/213/423
f 2091/214/424 2090/216/424 2108/215/424
f 2090/216/425 2089/218/425 2109/217/425
f 2089/218/426 2088/220/426 2110/219/426
f 2088/220/386 2086/176/386 2099/221/386
f 2087/170/5 2061/172/5 2063/960/5
f 2063/960/5 2064/961/5 2065/222/5
f 2065/222/5 2066/962/5 2067/963/5
f 2067/963/5 2068/964/5 2069/965/5
f 2069/965/5 2070/966/5 2071/967/5
f 2071/967/5 2072/968/5 2073/223/5
f 2073/223/5 2062/969/5 2086/970/5
f 2086/970/5 2088/971/5 2089/972/5
f 2089/972/5 2090/973/5 2091/974/5
f 2091/974/5 2092/975/5 2093/224/5
f 2093/224/5 2094/976/5 2095/977/5
f 2095/977/5 2096/978/5 2097/979/5
f 2097/979/5 2098/980/5 2087/170/5
f 2087/170/5 2063/960/5 2065/222/5
f 2065/222/5 2067/963/5 2069/965/5
f 2069/965/5 2071/967/5 2073/223/5
f 2073/223/5 2086/970/5 2089/972/5
f 2089/972/5 2091/974/5 2093/224/5
f 2093/224/5 2095/977/5 2097/979/5
f 2097/979/5 2087/170/5 2065/222/5
f 2065/222/5 2069/965/5 2073/223/5
f 2073/223/5 2089/972/5 2093/224/5
f 2093/224/5 2097/979/5 2065/222/5
f 2294/175/9 2318/221/9 2306/176/9
f 2332/239/1 2281/171/1 2319/939/1
f 2319/939/1 2320/940/1 2321/178/1
f 2321/178/1 2322/941/1 2323/942/1
f 2323/942/1 2324/943/1 2325/944/1
f 2325/944/1 2326/945/1 2327/946/1
f 2327/946/821 2328/947/821 2329/179/821
f 2329/179/822 2318/948/822 2294/949/822
f 2294/949/1 2295/950/1 2296/951/1
f 2296/951/1 2297/952/1 2298/953/1
f 2298/953/1 2299/954/1 2300/180/1
f 2300/180/823 2301/955/823 2302/956/823
f 2302/956/821 2303/957/821 2304/958/821
f 2304/958/1 2305/959/1 2332/239/1
f 2332/239/1 2319/939/1 2321/178/1
f 2321/178/811 2323/942/811 2325/944/811
f 2325/944/1 2327/946/1 2329/179/1
f 2329/179/1 2294/949/1 2296/951/1
f 2296/951/810 2298/953/810 2300/180/810
f 2300/180/811 2302/956/811 2304/958/811
f 2304/958/1 2332/239/1 2321/178/1
f 2321/178/1 2325/944/1 2329/179/1
f 2329/179/1 2296/951/1 2300/180/1
f 2300/180/1 2304/958/1 2321/178/1
f 2281/171/2 2332/528/2 2331/116/2
f 2282/177/468 2293/182/468 2295/181/468
f 2293/182/469 2292/184/469 2296/183/469
f 2292/184/470 2291/186/470 2297/185/470
f 2291/186/471 2290/188/471 2298/187/471
f 2290/188/472 2289/190/472 2299/189/472
f 2289/190/473 2288/166/473 2300/167/473
f 2288/166/474 2287/192/474 2301/191/474
f 2287/192/475 2286/194/475 2302/193/475
f 2286/194/476 2285/196/476 2303/195/476
f 2285/196/477 2284/198/477 2304/197/477
f 2284/198/478 2283/200/478 2305/199/478
f 2283/200/479 2331/119/479 2332/117/479
f 2330/170/480 2317/202/480 2319/201/480
f 2317/202/481 2316/204/481 2320/203/481
f 2316/204/482 2315/206/482 2321/205/482
f 2315/206/483 2314/208/483 2322/207/483
f 2314/208/484 2313/210/484 2323/209/484
f 2313/210/485 2312/168/485 2324/169/485
f 2312/168/486 2311/212/486 2325/211/486
f 2311/212/487 2310/214/487 2326/213/487
f 2310/214/488 2309/216/488 2327/215/488
f 2309/216/489 2308/218/489 2328/217/489
f 2308/218/490 2307/220/490 2329/219/490
f 2307/220/491 2306/176/491 2318/221/491
f 2330/170/5 2331/172/5 2283/960/5
f 2283/960/5 2284/961/5 2285/222/5
f 2285/222/5 2286/962/5 2287/963/5
f 2287/963/5 2288/964/5 2289/965/5
f 2289/965/5 2290/966/5 2291/967/5
f 2291/967/5 2292/968/5 2293/223/5
f 2293/223/5 2282/969/5 2306/970/5
f 2306/970/5 2307/971/5 2308/972/5
f 2308/972/5 2309/973/5 2310/974/5
f 2310/974/5 2311/975/5 2312/224/5
f 2312/224/5 2313/976/5 2314/977/5
f 2314/977/5 2315/978/5 2316/979/5
f 2316/979/5 2317/980/5 2330/170/5
f 2330/170/5 2283/960/5 2285/222/5
f 2285/222/5 2287/963/5 2289/965/5
f 2289/965/5 2291/967/5 2293/223/5
f 2293/223/5 2306/970/5 2308/972/5
f 2308/972/5 2310/974/5 2312/224/5
f 2312/224/5 2314/977/5 2316/979/5
f 2316/979/5 2330/170/5 2285/222/5
f 2285/222/5 2289/965/5 2293/223/5
f 2293/223/5 2308/972/5 2312/224/5
f 2312/224/5 2316/979/5 2285/222/5
f 2516/175/2 2541/221/2 2528/176/2
f 2502/239/1 2540/171/1 2542/939/1
f 2542/939/1 2543/940/1 2544/178/1
f 2544/178/1 2545/941/1 2546/942/1
f 2546/942/821 2547/943/821 2548/944/821
f 2548/944/821 2549/945/821 2550/946/821
f 2550/946/823 2551/947/823 2552/179/823
f 2552/179/1 2541/948/1 2516/949/1
f 2516/949/1 2517/950/1 2518/951/1
f 2518/951/1 2519/952/1 2520/953/1
f 2520/953/1 2521/954/1 2522/180/1
f 2522/180/1 2523/955/1 2524/956/1
f 2524/956/823 2525/957/823 2526/958/823
f 2526/958/1 2527/959/1 2502/239/1
f 2502/239/1 2542/939/1 2544/178/1
f 2544/178/1 2546/942/1 2548/944/1
f 2548/944/1 2550/946/1 2552/179/1
f 2552/179/1 2516/949/1 2518/951/1
f 2518/951/810 2520/953/810 2522/180/810
f 2522/180/810 2524/956/810 2526/958/810
f 2526/958/1 2502/239/1 2544/178/1
f 2544/178/1 2548/944/1 2552/179/1
f 2552/179/1 2518/951/1 2522/180/1
f 2522/180/1 2526/958/1 2544/178/1
f 2540/171/9 2502/528/9 2501/116/9
f 2504/177/492 2515/182/492 2517/181/492
f 2515/182/827 2514/184/827 2518/183/827
f 2514/184/494 2513/186/494 2519/185/494
f 2513/186/532 2512/188/532 2520/187/532
f 2512/188/533 2511/190/533 2521/189/533
f 2511/190/534 2510/166/534 2522/167/534
f 2510/166/535 2509/192/535 2523/191/535
f 2509/192/536 2508/194/536 2524/193/536
f 2508/194/537 2507/196/537 2525/195/537
f 2507/196/538 2506/198/538 2526/197/538
f 2506/198/539 2505/200/539 2527/199/539
f 2505/200/540 2501/119/540 2502/117/540
f 2503/170/541 2539/202/541 2542/201/541
f 2539/202/542 2538/204/542 2543/203/542
f 2538/204/543 2537/206/543 2544/205/543
f 2537/206/828 2536/208/828 2545/207/828
f 2536/208/545 2535/210/545 2546/209/545
f 2535/210/546 2534/168/546 2547/169/546
f 2534/168/547 2533/212/547 2548/211/547
f 2533/212/548 2532/214/548 2549/213/548
f 2532/214/829 2531/216/829 2550/215/829
f 2531/216/513 2530/218/513 2551/217/513
f 2530/218/514 2529/220/514 2552/219/514
f 2529/220/515 2528/176/515 2541/221/515
f 2503/170/5 2501/172/5 2505/960/5
f 2505/960/5 2506/961/5 2507/222/5
f 2507/222/5 2508/962/5 2509/963/5
f 2509/963/5 2510/964/5 2511/965/5
f 2511/965/5 2512/966/5 2513/967/5
f 2513/967/5 2514/968/5 2515/223/5
f 2515/223/5 2504/969/5 2528/970/5
f 2528/970/5 2529/971/5 2530/972/5
f 2530/972/5 2531/973/5 2532/974/5
f 2532/974/5 2533/975/5 2534/224/5
f 2534/224/5 2535/976/5 2536/977/5
f 2536/977/5 2537/978/5 2538/979/5
f 2538/979/5 2539/980/5 2503/170/5
f 2503/170/5 2505/960/5 2507/222/5
f 2507/222/5 2509/963/5 2511/965/5
f 2511/965/5 2513/967/5 2515/223/5
f 2515/223/5 2528/970/5 2530/972/5
f 2530/972/5 2532/974/5 2534/224/5
f 2534/224/5 2536/977/5 2538/979/5
f 2538/979/5 2503/170/5 2507/222/5
f 2507/222/5 2511/965/5 2515/223/5
f 2515/223/5 2530/972/5 2534/224/5
f 2534/224/5 2538/979/5 2507/222/5
usemtl bluePanelTexture
f 292/225/1 265/226/1 284/227/1
f 293/228/2 263/170/2 264/168/2
f 266/229/9 262/166/9 261/119/9
f 264/168/5 261/172/5 262/173/5
f 281/230/3 298/231/3 264/168/3
f 275/232/91 267/233/91 265/226/91
f 282/234/92 268/235/92 267/233/92
f 281/236/93 269/237/93 268/235/93
f 280/238/94 270/239/94 269/237/94
f 279/167/95 271/240/95 270/117/95
f 278/241/96 272/242/96 271/240/96
f 277/243/97 273/244/97 272/242/97
f 276/245/98 266/229/98 273/244/98
f 284/227/99 294/246/99 292/225/99
f 291/247/100 295/248/100 294/246/100
f 290/249/101 296/250/101 295/248/101
f 289/251/102 297/169/102 296/250/102
f 288/171/103 298/252/103 297/169/103
f 287/253/104 299/254/104 298/252/104
f 286/255/105 300/256/105 299/254/105
f 285/257/106 293/228/106 300/256/106
f 290/258/4 271/259/4 261/116/4
f 332/225/1 305/226/1 324/227/1
f 333/228/2 303/170/2 304/168/2
f 306/229/9 302/166/9 301/119/9
f 304/168/5 301/172/5 302/173/5
f 321/230/3 338/231/3 304/168/3
f 315/232/91 307/233/91 305/226/91
f 322/234/92 308/235/92 307/233/92
f 321/236/93 309/237/93 308/235/93
f 320/238/94 310/239/94 309/237/94
f 319/167/95 311/240/95 310/117/95
f 318/241/96 312/242/96 311/240/96
f 317/243/97 313/244/97 312/242/97
f 316/245/98 306/229/98 313/244/98
f 324/227/99 334/246/99 332/225/99
f 331/247/100 335/248/100 334/246/100
f 330/249/101 336/250/101 335/248/101
f 329/251/102 337/169/102 336/250/102
f 328/171/103 338/252/103 337/169/103
f 327/253/104 339/254/104 338/252/104
f 326/255/105 340/256/105 339/254/105
f 325/257/106 333/228/106 340/256/106
f 330/258/4 311/259/4 301/116/4
f 372/225/1 345/226/1 364/227/1
f 373/228/2 343/170/2 344/168/2
f 346/229/9 342/166/9 341/119/9
f 344/168/5 341/172/5 342/173/5
f 361/230/3 378/231/3 344/168/3
f 355/232/91 347/233/91 345/226/91
f 362/234/92 348/235/92 347/233/92
f 361/236/93 349/237/93 348/235/93
f 360/238/94 350/239/94 349/237/94
f 359/167/95 351/240/95 350/117/95
f 358/241/96 352/242/96 351/240/96
f 357/243/97 353/244/97 352/242/97
f 356/245/98 346/229/98 353/244/98
f 364/227/99 374/246/99 372/225/99
f 371/247/100 375/248/100 374/246/100
f 370/249/101 376/250/101 375/248/101
f 369/251/102 377/169/102 376/250/102
f 368/171/103 378/252/103 377/169/103
f 367/253/104 379/254/104 378/252/104
f 366/255/105 380/256/105 379/254/105
f 365/257/106 373/228/106 380/256/106
f 370/258/4 351/259/4 341/116/4
f 495/232/1 504/227/1 512/225/1
f 513/228/9 483/170/9 484/168/9
f 486/229/2 482/166/2 481/119/2
f 484/168/5 481/172/5 482/173/5
f 501/230/4 518/231/4 484/168/4
f 495/232/99 487/233/99 485/226/99
f 502/234/100 488/235/100 487/233/100
f 501/236/101 489/237/101 488/235/101
f 500/238/102 490/239/102 489/237/102
f 499/167/103 491/240/103 490/117/103
f 498/241/104 492/242/104 491/240/104
f 497/243/105 493/244/105 492/242/105
f 496/245/106 486/229/106 493/244/106
f 504/227/91 514/246/91 512/225/91
f 511/247/92 515/248/92 514/246/92
f 510/249/93 516/250/93 515/248/93
f 509/251/94 517/169/94 516/250/94
f 517/169/95 507/253/95 518/252/95
f 507/253/96 519/254/96 518/252/96
f 506/255/97 520/256/97 519/254/97
f 505/257/98 513/228/98 520/256/98
f 510/258/3 491/259/3 481/116/3
f 535/232/1 544/227/1 552/225/1
f 553/228/9 523/170/9 524/168/9
f 526/229/2 522/166/2 521/119/2
f 524/168/5 521/172/5 522/173/5
f 541/230/4 558/231/4 524/168/4
f 535/232/99 527/233/99 525/226/99
f 542/234/100 528/235/100 527/233/100
f 541/236/101 529/237/101 528/235/101
f 540/238/102 530/239/102 529/237/102
f 530/117/103 538/241/103 531/240/103
f 538/241/104 532/242/104 531/240/104
f 537/243/105 533/244/105 532/242/105
f 536/245/106 526/229/106 533/244/106
f 544/227/91 554/246/91 552/225/91
f 551/247/92 555/248/92 554/246/92
f 550/249/93 556/250/93 555/248/93
f 549/251/94 557/169/94 556/250/94
f 548/171/95 558/252/95 557/169/95
f 547/253/96 559/254/96 558/252/96
f 546/255/97 560/256/97 559/254/97
f 545/257/98 553/228/98 560/256/98
f 550/258/3 531/259/3 521/116/3
f 575/232/1 584/227/1 592/225/1
f 593/228/9 563/170/9 564/168/9
f 566/229/2 562/166/2 561/119/2
f 564/168/5 561/172/5 562/173/5
f 581/230/4 598/231/4 564/168/4
f 575/232/99 567/233/99 565/226/99
f 582/234/100 568/235/100 567/233/100
f 581/236/101 569/237/101 568/235/101
f 580/238/102 570/239/102 569/237/102
f 579/167/103 571/240/103 570/117/103
f 578/241/104 572/242/104 571/240/104
f 577/243/105 573/244/105 572/242/105
f 576/245/106 566/229/106 573/244/106
f 584/227/91 594/246/91 592/225/91
f 591/247/92 595/248/92 594/246/92
f 590/249/93 596/250/93 595/248/93
f 589/251/94 597/169/94 596/250/94
f 597/169/95 587/253/95 598/252/95
f 587/253/96 599/254/96 598/252/96
f 586/255/97 600/256/97 599/254/97
f 585/257/98 593/228/98 600/256/98
f 590/258/3 571/259/3 561/116/3
f 715/232/1 724/227/1 732/225/1
f 733/228/3 703/170/3 704/168/3
f 706/229/4 702/166/4 701/119/4
f 704/168/5 701/172/5 702/173/5
f 721/230/9 738/231/9 704/168/9
f 715/232/155 707/233/155 705/226/155
f 722/234/156 708/235/156 707/233/156
f 721/236/157 709/237/157 708/235/157
f 720/238/158 710/239/158 709/237/158
f 719/167/159 711/240/159 710/117/159
f 718/241/160 712/242/160 711/240/160
f 717/243/161 713/244/161 712/242/161
f 716/245/162 706/229/162 713/244/162
f 724/227/163 734/246/163 732/225/163
f 731/247/164 735/248/164 734/246/164
f 730/249/165 736/250/165 735/248/165
f 729/251/166 737/169/166 736/250/166
f 728/171/167 738/252/167 737/169/167
f 727/253/168 739/254/168 738/252/168
f 726/255/169 740/256/169 739/254/169
f 725/257/170 733/228/170 740/256/170
f 730/258/2 711/259/2 701/116/2
f 755/232/1 764/227/1 772/225/1
f 773/228/3 743/170/3 744/168/3
f 746/229/4 742/166/4 741/119/4
f 744/168/5 741/172/5 742/173/5
f 761/230/9 778/231/9 744/168/9
f 755/232/155 747/233/155 745/226/155
f 762/234/156 748/235/156 747/233/156
f 761/236/157 749/237/157 748/235/157
f 760/238/158 750/239/158 749/237/158
f 759/167/159 751/240/159 750/117/159
f 758/241/160 752/242/160 751/240/160
f 757/243/161 753/244/161 752/242/161
f 756/245/162 746/229/162 753/244/162
f 764/227/163 774/246/163 772/225/163
f 771/247/164 775/248/164 774/246/164
f 770/249/165 776/250/165 775/248/165
f 769/251/166 777/169/166 776/250/166
f 768/171/167 778/252/167 777/169/167
f 767/253/168 779/254/168 778/252/168
f 766/255/169 780/256/169 779/254/169
f 765/257/170 773/228/170 780/256/170
f 770/258/2 751/259/2 741/116/2
f 795/232/1 804/227/1 812/225/1
f 813/228/3 783/170/3 784/168/3
f 786/229/4 782/166/4 781/119/4
f 784/168/5 781/172/5 782/173/5
f 801/230/9 818/231/9 784/168/9
f 795/232/155 787/233/155 785/226/155
f 802/234/156 788/235/156 787/233/156
f 801/236/157 789/237/157 788/235/157
f 800/238/158 790/239/158 789/237/158
f 799/167/159 791/240/159 790/117/159
f 798/241/160 792/242/160 791/240/160
f 797/243/161 793/244/161 792/242/161
f 796/245/162 786/229/162 793/244/162
f 804/227/163 814/246/163 812/225/163
f 811/247/164 815/248/164 814/246/164
f 810/249/165 816/250/165 815/248/165
f 809/251/166 817/169/166 816/250/166
f 808/171/167 818/252/167 817/169/167
f 807/253/168 819/254/168 818/252/168
f 806/255/169 820/256/169 819/254/169
f 805/257/170 813/228/170 820/256/170
f 810/258/2 791/259/2 781/116/2
f 935/232/1 944/227/1 952/225/1
f 953/228/4 923/170/4 924/168/4
f 926/229/3 922/166/3 921/119/3
f 924/168/5 921/172/5 922/173/5
f 941/230/2 958/231/2 924/168/2
f 935/232/163 927/233/163 925/226/163
f 942/234/164 928/235/164 927/233/164
f 941/236/165 929/237/165 928/235/165
f 940/238/166 930/239/166 929/237/166
f 939/167/167 931/240/167 930/117/167
f 938/241/168 932/242/168 931/240/168
f 937/243/169 933/244/169 932/242/169
f 936/245/170 926/229/170 933/244/170
f 944/227/155 954/246/155 952/225/155
f 951/247/156 955/248/156 954/246/156
f 950/249/157 956/250/157 955/248/157
f 949/251/158 957/169/158 956/250/158
f 948/171/159 958/252/159 957/169/159
f 947/253/160 959/254/160 958/252/160
f 946/255/161 960/256/161 959/254/161
f 945/257/162 953/228/162 960/256/162
f 950/258/9 931/259/9 921/116/9
f 975/232/1 984/227/1 992/225/1
f 993/228/4 963/170/4 964/168/4
f 966/229/3 962/166/3 961/119/3
f 964/168/5 961/172/5 962/173/5
f 981/230/2 998/231/2 964/168/2
f 975/232/163 967/233/163 965/226/163
f 982/234/164 968/235/164 967/233/164
f 981/236/165 969/237/165 968/235/165
f 980/238/166 970/239/166 969/237/166
f 979/167/167 971/240/167 970/117/167
f 971/240/168 977/243/168 972/242/168
f 977/243/169 973/244/169 972/242/169
f 976/245/170 966/229/170 973/244/170
f 984/227/155 994/246/155 992/225/155
f 991/247/156 995/248/156 994/246/156
f 990/249/157 996/250/157 995/248/157
f 989/251/158 997/169/158 996/250/158
f 988/171/159 998/252/159 997/169/159
f 987/253/160 999/254/160 998/252/160
f 986/255/161 1000/256/161 999/254/161
f 985/257/162 993/228/162 1000/256/162
f 990/258/9 971/259/9 961/116/9
f 1015/232/1 1024/227/1 1032/225/1
f 1033/228/4 1003/170/4 1004/168/4
f 1006/229/3 1002/166/3 1001/119/3
f 1004/168/5 1001/172/5 1002/173/5
f 1021/230/2 1038/231/2 1004/168/2
f 1015/232/163 1007/233/163 1005/226/163
f 1022/234/164 1008/235/164 1007/233/164
f 1021/236/165 1009/237/165 1008/235/165
f 1020/238/166 1010/239/166 1009/237/166
f 1019/167/167 1011/240/167 1010/117/167
f 1011/240/168 1017/243/168 1012/242/168
f 1017/243/169 1013/244/169 1012/242/169
f 1016/245/170 1006/229/170 1013/244/170
f 1024/227/155 1034/246/155 1032/225/155
f 1031/247/156 1035/248/156 1034/246/156
f 1030/249/157 1036/250/157 1035/248/157
f 1029/251/158 1037/169/158 1036/250/158
f 1028/171/159 1038/252/159 1037/169/159
f 1027/253/160 1039/254/160 1038/252/160
f 1026/255/161 1040/256/161 1039/254/161
f 1025/257/162 1033/228/162 1040/256/162
f 1030/258/9 1011/259/9 1001/116/9
f 1972/225/1 1945/226/1 1964/227/1
f 1973/228/2 1943/170/2 1944/168/2
f 1946/229/9 1942/166/9 1941/119/9
f 1944/168/5 1941/172/5 1942/173/5
f 1961/230/3 1978/231/3 1944/168/3
f 1955/232/387 1947/233/387 1945/226/387
f 1962/234/388 1948/235/388 1947/233/388
f 1961/236/389 1949/237/389 1948/235/389
f 1960/238/390 1950/239/390 1949/237/390
f 1959/167/391 1951/240/391 1950/117/391
f 1958/241/392 1952/242/392 1951/240/392
f 1957/243/393 1953/244/393 1952/242/393
f 1956/245/394 1946/229/394 1953/244/394
f 1964/227/395 1974/246/395 1972/225/395
f 1971/247/396 1975/248/396 1974/246/396
f 1970/249/397 1976/250/397 1975/248/397
f 1969/251/398 1977/169/398 1976/250/398
f 1968/171/399 1978/252/399 1977/169/399
f 1967/253/400 1979/254/400 1978/252/400
f 1966/255/401 1980/256/401 1979/254/401
f 1965/257/402 1973/228/402 1980/256/402
f 1970/258/4 1951/259/4 1941/116/4
f 2012/225/1 1985/226/1 2004/227/1
f 2013/228/2 1983/170/2 1984/168/2
f 1986/229/9 1982/166/9 1981/119/9
f 1984/168/5 1981/172/5 1982/173/5
f 2001/230/3 2018/231/3 1984/168/3
f 1995/232/387 1987/233/387 1985/226/387
f 2002/234/388 1988/235/388 1987/233/388
f 2001/236/389 1989/237/389 1988/235/389
f 2000/238/390 1990/239/390 1989/237/390
f 1999/167/403 1991/240/403 1990/117/403
f 1998/241/392 1992/242/392 1991/240/392
f 1997/243/393 1993/244/393 1992/242/393
f 1996/245/394 1986/229/394 1993/244/394
f 2004/227/395 2014/246/395 2012/225/395
f 2011/247/396 2015/248/396 2014/246/396
f 2010/249/397 2016/250/397 2015/248/397
f 2009/251/398 2017/169/398 2016/250/398
f 2008/171/404 2018/252/404 2017/169/404
f 2007/253/400 2019/254/400 2018/252/400
f 2006/255/401 2020/256/401 2019/254/401
f 2005/257/402 2013/228/402 2020/256/402
f 2010/258/4 1991/259/4 1981/116/4
f 2052/225/1 2025/226/1 2044/227/1
f 2053/228/2 2023/170/2 2024/168/2
f 2026/229/9 2022/166/9 2021/119/9
f 2024/168/5 2021/172/5 2022/173/5
f 2041/230/3 2058/231/3 2024/168/3
f 2035/232/387 2027/233/387 2025/226/387
f 2042/234/388 2028/235/388 2027/233/388
f 2041/236/389 2029/237/389 2028/235/389
f 2040/238/390 2030/239/390 2029/237/390
f 2039/167/391 2031/240/391 2030/117/391
f 2038/241/392 2032/242/392 2031/240/392
f 2037/243/393 2033/244/393 2032/242/393
f 2036/245/394 2026/229/394 2033/244/394
f 2044/227/395 2054/246/395 2052/225/395
f 2051/247/396 2055/248/396 2054/246/396
f 2050/249/397 2056/250/397 2055/248/397
f 2049/251/398 2057/169/398 2056/250/398
f 2048/171/399 2058/252/399 2057/169/399
f 2047/253/400 2059/254/400 2058/252/400
f 2046/255/401 2060/256/401 2059/254/401
f 2045/257/402 2053/228/402 2060/256/402
f 2050/258/4 2031/259/4 2021/116/4
f 2255/232/1 2264/227/1 2272/225/1
f 2273/228/9 2243/170/9 2244/168/9
f 2246/229/2 2242/166/2 2241/119/2
f 2244/168/5 2241/172/5 2242/173/5
f 2261/230/4 2278/231/4 2244/168/4
f 2255/232/449 2247/233/449 2245/226/449
f 2262/234/450 2248/235/450 2247/233/450
f 2261/236/451 2249/237/451 2248/235/451
f 2260/238/465 2250/239/465 2249/237/465
f 2259/167/453 2251/240/453 2250/117/453
f 2258/241/454 2252/242/454 2251/240/454
f 2257/243/466 2253/244/466 2252/242/466
f 2256/245/456 2246/229/456 2253/244/456
f 2264/227/457 2274/246/457 2272/225/457
f 2271/247/458 2275/248/458 2274/246/458
f 2270/249/459 2276/250/459 2275/248/459
f 2269/251/467 2277/169/467 2276/250/467
f 2268/171/461 2278/252/461 2277/169/461
f 2267/253/462 2279/254/462 2278/252/462
f 2266/255/463 2280/256/463 2279/254/463
f 2265/257/464 2273/228/464 2280/256/464
f 2270/258/3 2251/259/3 2241/116/3
f 2435/232/1 2444/227/1 2452/225/1
f 2453/228/3 2423/170/3 2424/168/3
f 2426/229/4 2422/166/4 2421/119/4
f 2424/168/5 2421/172/5 2422/173/5
f 2441/230/9 2458/231/9 2424/168/9
f 2435/232/516 2427/233/516 2425/226/516
f 2442/234/517 2428/235/517 2427/233/517
f 2441/236/518 2429/237/518 2428/235/518
f 2440/238/519 2430/239/519 2429/237/519
f 2439/167/520 2431/240/520 2430/117/520
f 2438/241/521 2432/242/521 2431/240/521
f 2437/243/522 2433/244/522 2432/242/522
f 2436/245/523 2426/229/523 2433/244/523
f 2444/227/524 2454/246/524 2452/225/524
f 2451/247/525 2455/248/525 2454/246/525
f 2450/249/526 2456/250/526 2455/248/526
f 2449/251/527 2457/169/527 2456/250/527
f 2448/171/528 2458/252/528 2457/169/528
f 2447/253/529 2459/254/529 2458/252/529
f 2446/255/530 2460/256/530 2459/254/530
f 2445/257/531 2453/228/531 2460/256/531
f 2450/258/2 2431/259/2 2421/116/2
f 2475/232/1 2484/227/1 2492/225/1
f 2493/228/3 2463/170/3 2464/168/3
f 2466/229/4 2462/166/4 2461/119/4
f 2464/168/5 2461/172/5 2462/173/5
f 2481/230/9 2498/231/9 2464/168/9
f 2475/232/516 2467/233/516 2465/226/516
f 2482/234/517 2468/235/517 2467/233/517
f 2481/236/518 2469/237/518 2468/235/518
f 2480/238/519 2470/239/519 2469/237/519
f 2479/167/520 2471/240/520 2470/117/520
f 2478/241/521 2472/242/521 2471/240/521
f 2477/243/522 2473/244/522 2472/242/522
f 2476/245/523 2466/229/523 2473/244/523
f 2484/227/524 2494/246/524 2492/225/524
f 2491/247/525 2495/248/525 2494/246/525
f 2490/249/526 2496/250/526 2495/248/526
f 2489/251/527 2497/169/527 2496/250/527
f 2488/171/528 2498/252/528 2497/169/528
f 2487/253/529 2499/254/529 2498/252/529
f 2486/255/530 2500/256/530 2499/254/530
f 2485/257/531 2493/228/531 2500/256/531
f 2490/258/2 2471/259/2 2461/116/2
f 292/225/1 275/232/1 265/226/1
f 293/228/2 283/981/2 263/170/2
f 266/229/9 274/982/9 262/166/9
f 264/168/5 263/170/5 261/172/5
f 264/168/3 262/166/3 274/982/3
f 274/982/3 276/983/3 277/984/3
f 277/984/3 278/985/3 279/986/3
f 279/986/3 280/987/3 281/230/3
f 281/230/3 282/988/3 275/989/3
f 275/989/709 292/990/709 294/991/709
f 294/991/3 295/992/3 296/993/3
f 296/993/3 297/994/3 298/231/3
f 298/231/3 299/995/3 300/996/3
f 300/996/3 293/228/3 264/168/3
f 264/168/3 274/982/3 277/984/3
f 277/984/3 279/986/3 281/230/3
f 281/230/3 275/989/3 294/991/3
f 294/991/3 296/993/3 298/231/3
f 298/231/3 300/996/3 264/168/3
f 264/168/3 277/984/3 281/230/3
f 281/230/3 294/991/3 298/231/3
f 275/232/91 282/234/91 267/233/91
f 282/234/92 281/236/92 268/235/92
f 281/236/93 280/238/93 269/237/93
f 280/238/94 279/174/94 270/239/94
f 279/167/95 278/241/95 271/240/95
f 278/241/96 277/243/96 272/242/96
f 277/243/97 276/245/97 273/244/97
f 276/245/98 274/982/98 266/229/98
f 284/227/99 291/247/99 294/246/99
f 291/247/100 290/249/100 295/248/100
f 290/249/101 289/251/101 296/250/101
f 289/251/102 288/171/102 297/169/102
f 288/171/103 287/253/103 298/252/103
f 287/253/104 286/255/104 299/254/104
f 286/255/105 285/257/105 300/256/105
f 285/257/106 283/981/106 293/228/106
f 261/116/4 263/170/4 283/981/4
f 283/981/4 285/997/4 286/998/4
f 286/998/4 287/999/4 288/1000/4
f 288/1000/4 289/1001/4 290/258/4
f 290/258/4 291/1002/4 284/1003/4
f 284/1003/710 265/1004/710 267/1005/710
f 267/1005/4 268/1006/4 269/1007/4
f 269/1007/4 270/1008/4 271/259/4
f 271/259/4 272/1009/4 273/1010/4
f 273/1010/4 266/1011/4 261/116/4
f 261/116/4 283/981/4 286/998/4
f 286/998/4 288/1000/4 290/258/4
f 290/258/4 284/1003/4 267/1005/4
f 267/1005/4 269/1007/4 271/259/4
f 271/259/4 273/1010/4 261/116/4
f 261/116/4 286/998/4 290/258/4
f 290/258/4 267/1005/4 271/259/4
f 332/225/1 315/232/1 305/226/1
f 333/228/2 323/981/2 303/170/2
f 306/229/9 314/982/9 302/166/9
f 304/168/5 303/170/5 301/172/5
f 304/168/3 302/166/3 314/982/3
f 314/982/3 316/983/3 317/984/3
f 317/984/3 318/985/3 319/986/3
f 319/986/3 320/987/3 321/230/3
f 321/230/3 322/988/3 315/989/3
f 315/989/709 332/990/709 334/991/709
f 334/991/3 335/992/3 336/993/3
f 336/993/3 337/994/3 338/231/3
f 338/231/3 339/995/3 340/996/3
f 340/996/3 333/228/3 304/168/3
f 304/168/3 314/982/3 317/984/3
f 317/984/3 319/986/3 321/230/3
f 321/230/3 315/989/3 334/991/3
f 334/991/3 336/993/3 338/231/3
f 338/231/3 340/996/3 304/168/3
f 304/168/3 317/984/3 321/230/3
f 321/230/3 334/991/3 338/231/3
f 315/232/91 322/234/91 307/233/91
f 322/234/92 321/236/92 308/235/92
f 321/236/93 320/238/93 309/237/93
f 320/238/94 319/174/94 310/239/94
f 319/167/95 318/241/95 311/240/95
f 318/241/96 317/243/96 312/242/96
f 317/243/97 316/245/97 313/244/97
f 316/245/98 314/982/98 306/229/98
f 324/227/99 331/247/99 334/246/99
f 331/247/100 330/249/100 335/248/100
f 330/249/101 329/251/101 336/250/101
f 329/251/102 328/171/102 337/169/102
f 328/171/103 327/253/103 338/252/103
f 327/253/104 326/255/104 339/254/104
f 326/255/105 325/257/105 340/256/105
f 325/257/106 323/981/106 333/228/106
f 301/116/4 303/170/4 323/981/4
f 323/981/4 325/997/4 326/998/4
f 326/998/4 327/999/4 328/1000/4
f 328/1000/4 329/1001/4 330/258/4
f 330/258/4 331/1002/4 324/1003/4
f 324/1003/710 305/1004/710 307/1005/710
f 307/1005/4 308/1006/4 309/1007/4
f 309/1007/4 310/1008/4 311/259/4
f 311/259/4 312/1009/4 313/1010/4
f 313/1010/4 306/1011/4 301/116/4
f 301/116/4 323/981/4 326/998/4
f 326/998/4 328/1000/4 330/258/4
f 330/258/4 324/1003/4 307/1005/4
f 307/1005/4 309/1007/4 311/259/4
f 311/259/4 313/1010/4 301/116/4
f 301/116/4 326/998/4 330/258/4
f 330/258/4 307/1005/4 311/259/4
f 372/225/1 355/232/1 345/226/1
f 373/228/2 363/981/2 343/170/2
f 346/229/9 354/982/9 342/166/9
f 344/168/5 343/170/5 341/172/5
f 344/168/3 342/166/3 354/982/3
f 354/982/3 356/983/3 357/984/3
f 357/984/3 358/985/3 359/986/3
f 359/986/3 360/987/3 361/230/3
f 361/230/3 362/988/3 355/989/3
f 355/989/709 372/990/709 374/991/709
f 374/991/3 375/992/3 376/993/3
f 376/993/3 377/994/3 378/231/3
f 378/231/3 379/995/3 380/996/3
f 380/996/3 373/228/3 344/168/3
f 344/168/3 354/982/3 357/984/3
f 357/984/3 359/986/3 361/230/3
f 361/230/3 355/989/3 374/991/3
f 374/991/3 376/993/3 378/231/3
f 378/231/3 380/996/3 344/168/3
f 344/168/3 357/984/3 361/230/3
f 361/230/3 374/991/3 378/231/3
f 355/232/91 362/234/91 347/233/91
f 362/234/92 361/236/92 348/235/92
f 361/236/93 360/238/93 349/237/93
f 360/238/94 359/174/94 350/239/94
f 359/167/95 358/241/95 351/240/95
f 358/241/96 357/243/96 352/242/96
f 357/243/97 356/245/97 353/244/97
f 356/245/98 354/982/98 346/229/98
f 364/227/99 371/247/99 374/246/99
f 371/247/100 370/249/100 375/248/100
f 370/249/101 369/251/101 376/250/101
f 369/251/102 368/171/102 377/169/102
f 368/171/103 367/253/103 378/252/103
f 367/253/104 366/255/104 379/254/104
f 366/255/105 365/257/105 380/256/105
f 365/257/106 363/981/106 373/228/106
f 341/116/4 343/170/4 363/981/4
f 363/981/4 365/997/4 366/998/4
f 366/998/4 367/999/4 368/1000/4
f 368/1000/4 369/1001/4 370/258/4
f 370/258/4 371/1002/4 364/1003/4
f 364/1003/710 345/1004/710 347/1005/710
f 347/1005/4 348/1006/4 349/1007/4
f 349/1007/4 350/1008/4 351/259/4
f 351/259/4 352/1009/4 353/1010/4
f 353/1010/4 346/1011/4 341/116/4
f 341/116/4 363/981/4 366/998/4
f 366/998/4 368/1000/4 370/258/4
f 370/258/4 364/1003/4 347/1005/4
f 347/1005/4 349/1007/4 351/259/4
f 351/259/4 353/1010/4 341/116/4
f 341/116/4 366/998/4 370/258/4
f 370/258/4 347/1005/4 351/259/4
f 495/232/1 485/226/1 504/227/1
f 513/228/9 503/981/9 483/170/9
f 486/229/2 494/982/2 482/166/2
f 484/168/5 483/170/5 481/172/5
f 484/168/4 482/166/4 494/982/4
f 494/982/4 496/983/4 497/984/4
f 497/984/4 498/985/4 499/986/4
f 499/986/4 500/987/4 501/230/4
f 501/230/4 502/988/4 495/989/4
f 495/989/4 512/990/4 514/991/4
f 514/991/4 515/992/4 516/993/4
f 516/993/4 517/994/4 518/231/4
f 518/231/4 519/995/4 520/996/4
f 520/996/4 513/228/4 484/168/4
f 484/168/4 494/982/4 497/984/4
f 497/984/4 499/986/4 501/230/4
f 501/230/4 495/989/4 514/991/4
f 514/991/4 516/993/4 518/231/4
f 518/231/4 520/996/4 484/168/4
f 484/168/4 497/984/4 501/230/4
f 501/230/4 514/991/4 518/231/4
f 495/232/99 502/234/99 487/233/99
f 502/234/100 501/236/100 488/235/100
f 501/236/101 500/238/101 489/237/101
f 500/238/102 499/174/102 490/239/102
f 499/167/103 498/241/103 491/240/103
f 498/241/104 497/243/104 492/242/104
f 497/243/105 496/245/105 493/244/105
f 496/245/106 494/982/106 486/229/106
f 504/227/91 511/247/91 514/246/91
f 511/247/92 510/249/92 515/248/92
f 510/249/93 509/251/93 516/250/93
f 509/251/94 508/171/94 517/169/94
f 517/169/95 508/171/95 507/253/95
f 507/253/96 506/255/96 519/254/96
f 506/255/97 505/257/97 520/256/97
f 505/257/98 503/981/98 513/228/98
f 481/116/3 483/170/3 503/981/3
f 503/981/3 505/997/3 506/998/3
f 506/998/3 507/999/3 508/1000/3
f 508/1000/3 509/1001/3 510/258/3
f 510/258/3 511/1002/3 504/1003/3
f 504/1003/3 485/1004/3 487/1005/3
f 487/1005/3 488/1006/3 489/1007/3
f 489/1007/3 490/1008/3 491/259/3
f 491/259/3 492/1009/3 493/1010/3
f 493/1010/3 486/1011/3 481/116/3
f 481/116/3 503/981/3 506/998/3
f 506/998/3 508/1000/3 510/258/3
f 510/258/3 504/1003/3 487/1005/3
f 487/1005/3 489/1007/3 491/259/3
f 491/259/3 493/1010/3 481/116/3
f 481/116/3 506/998/3 510/258/3
f 510/258/3 487/1005/3 491/259/3
f 535/232/1 525/226/1 544/227/1
f 553/228/9 543/981/9 523/170/9
f 526/229/2 534/982/2 522/166/2
f 524/168/5 523/170/5 521/172/5
f 524/168/4 522/166/4 534/982/4
f 534/982/4 536/983/4 537/984/4
f 537/984/4 538/985/4 539/986/4
f 539/986/4 540/987/4 541/230/4
f 541/230/4 542/988/4 535/989/4
f 535/989/4 552/990/4 554/991/4
f 554/991/4 555/992/4 556/993/4
f 556/993/4 557/994/4 558/231/4
f 558/231/4 559/995/4 560/996/4
f 560/996/4 553/228/4 524/168/4
f 524/168/4 534/982/4 537/984/4
f 537/984/4 539/986/4 541/230/4
f 541/230/4 535/989/4 554/991/4
f 554/991/4 556/993/4 558/231/4
f 558/231/4 560/996/4 524/168/4
f 524/168/4 537/984/4 541/230/4
f 541/230/4 554/991/4 558/231/4
f 535/232/99 542/234/99 527/233/99
f 542/234/100 541/236/100 528/235/100
f 541/236/101 540/238/101 529/237/101
f 540/238/102 539/174/102 530/239/102
f 530/117/103 539/167/103 538/241/103
f 538/241/104 537/243/104 532/242/104
f 537/243/105 536/245/105 533/244/105
f 536/245/106 534/982/106 526/229/106
f 544/227/91 551/247/91 554/246/91
f 551/247/92 550/249/92 555/248/92
f 550/249/93 549/251/93 556/250/93
f 549/251/94 548/171/94 557/169/94
f 548/171/95 547/253/95 558/252/95
f 547/253/96 546/255/96 559/254/96
f 546/255/97 545/257/97 560/256/97
f 545/257/98 543/981/98 553/228/98
f 521/116/3 523/170/3 543/981/3
f 543/981/3 545/997/3 546/998/3
f 546/998/3 547/999/3 548/1000/3
f 548/1000/3 549/1001/3 550/258/3
f 550/258/3 551/1002/3 544/1003/3
f 544/1003/3 525/1004/3 527/1005/3
f 527/1005/3 528/1006/3 529/1007/3
f 529/1007/3 530/1008/3 531/259/3
f 531/259/3 532/1009/3 533/1010/3
f 533/1010/3 526/1011/3 521/116/3
f 521/116/3 543/981/3 546/998/3
f 546/998/3 548/1000/3 550/258/3
f 550/258/3 544/1003/3 527/1005/3
f 527/1005/3 529/1007/3 531/259/3
f 531/259/3 533/1010/3 521/116/3
f 521/116/3 546/998/3 550/258/3
f 550/258/3 527/1005/3 531/259/3
f 575/232/1 565/226/1 584/227/1
f 593/228/9 583/981/9 563/170/9
f 566/229/2 574/982/2 562/166/2
f 564/168/5 563/170/5 561/172/5
f 564/168/4 562/166/4 574/982/4
f 574/982/4 576/983/4 577/984/4
f 577/984/4 578/985/4 579/986/4
f 579/986/4 580/987/4 581/230/4
f 581/230/4 582/988/4 575/989/4
f 575/989/4 592/990/4 594/991/4
f 594/991/4 595/992/4 596/993/4
f 596/993/4 597/994/4 598/231/4
f 598/231/4 599/995/4 600/996/4
f 600/996/4 593/228/4 564/168/4
f 564/168/4 574/982/4 577/984/4
f 577/984/4 579/986/4 581/230/4
f 581/230/4 575/989/4 594/991/4
f 594/991/4 596/993/4 598/231/4
f 598/231/4 600/996/4 564/168/4
f 564/168/4 577/984/4 581/230/4
f 581/230/4 594/991/4 598/231/4
f 575/232/99 582/234/99 567/233/99
f 582/234/100 581/236/100 568/235/100
f 581/236/101 580/238/101 569/237/101
f 580/238/102 579/174/102 570/239/102
f 579/167/103 578/241/103 571/240/103
f 578/241/104 577/243/104 572/242/104
f 577/243/105 576/245/105 573/244/105
f 576/245/106 574/982/106 566/229/106
f 584/227/91 591/247/91 594/246/91
f 591/247/92 590/249/92 595/248/92
f 590/249/93 589/251/93 596/250/93
f 589/251/94 588/171/94 597/169/94
f 597/169/95 588/171/95 587/253/95
f 587/253/96 586/255/96 599/254/96
f 586/255/97 585/257/97 600/256/97
f 585/257/98 583/981/98 593/228/98
f 561/116/3 563/170/3 583/981/3
f 583/981/3 585/997/3 586/998/3
f 586/998/3 587/999/3 588/1000/3
f 588/1000/3 589/1001/3 590/258/3
f 590/258/3 591/1002/3 584/1003/3
f 584/1003/3 565/1004/3 567/1005/3
f 567/1005/3 568/1006/3 569/1007/3
f 569/1007/3 570/1008/3 571/259/3
f 571/259/3 572/1009/3 573/1010/3
f 573/1010/3 566/1011/3 561/116/3
f 561/116/3 583/981/3 586/998/3
f 586/998/3 588/1000/3 590/258/3
f 590/258/3 584/1003/3 567/1005/3
f 567/1005/3 569/1007/3 571/259/3
f 571/259/3 573/1010/3 561/116/3
f 561/116/3 586/998/3 590/258/3
f 590/258/3 567/1005/3 571/259/3
f 715/232/1 705/226/1 724/227/1
f 733/228/3 723/981/3 703/170/3
f 706/229/4 714/982/4 702/166/4
f 704/168/5 703/170/5 701/172/5
f 704/168/9 702/166/9 714/982/9
f 714/982/9 716/983/9 717/984/9
f 717/984/9 718/985/9 719/986/9
f 719/986/9 720/987/9 721/230/9
f 721/230/9 722/988/9 715/989/9
f 715/989/9 732/990/9 734/991/9
f 734/991/9 735/992/9 736/993/9
f 736/993/9 737/994/9 738/231/9
f 738/231/719 739/995/719 740/996/719
f 740/996/9 733/228/9 704/168/9
f 704/168/9 714/982/9 717/984/9
f 717/984/9 719/986/9 721/230/9
f 721/230/9 715/989/9 734/991/9
f 734/991/9 736/993/9 738/231/9
f 738/231/9 740/996/9 704/168/9
f 704/168/9 717/984/9 721/230/9
f 721/230/9 734/991/9 738/231/9
f 715/232/155 722/234/155 707/233/155
f 722/234/156 721/236/156 708/235/156
f 721/236/157 720/238/157 709/237/157
f 720/238/158 719/174/158 710/239/158
f 719/167/159 718/241/159 711/240/159
f 718/241/160 717/243/160 712/242/160
f 717/243/161 716/245/161 713/244/161
f 716/245/162 714/982/162 706/229/162
f 724/227/163 731/247/163 734/246/163
f 731/247/164 730/249/164 735/248/164
f 730/249/165 729/251/165 736/250/165
f 729/251/166 728/171/166 737/169/166
f 728/171/167 727/253/167 738/252/167
f 727/253/168 726/255/168 739/254/168
f 726/255/169 725/257/169 740/256/169
f 725/257/170 723/981/170 733/228/170
f 701/116/2 703/170/2 723/981/2
f 723/981/2 725/997/2 726/998/2
f 726/998/2 727/999/2 728/1000/2
f 728/1000/2 729/1001/2 730/258/2
f 730/258/2 731/1002/2 724/1003/2
f 724/1003/2 705/1004/2 707/1005/2
f 707/1005/2 708/1006/2 709/1007/2
f 709/1007/2 710/1008/2 711/259/2
f 711/259/720 712/1009/720 713/1010/720
f 713/1010/2 706/1011/2 701/116/2
f 701/116/2 723/981/2 726/998/2
f 726/998/2 728/1000/2 730/258/2
f 730/258/2 724/1003/2 707/1005/2
f 707/1005/2 709/1007/2 711/259/2
f 711/259/2 713/1010/2 701/116/2
f 701/116/2 726/998/2 730/258/2
f 730/258/2 707/1005/2 711/259/2
f 755/232/1 745/226/1 764/227/1
f 773/228/3 763/981/3 743/170/3
f 746/229/4 754/982/4 742/166/4
f 744/168/5 743/170/5 741/172/5
f 744/168/9 742/166/9 754/982/9
f 754/982/9 756/983/9 757/984/9
f 757/984/9 758/985/9 759/986/9
f 759/986/9 760/987/9 761/230/9
f 761/230/9 762/988/9 755/989/9
f 755/989/9 772/990/9 774/991/9
f 774/991/9 775/992/9 776/993/9
f 776/993/9 777/994/9 778/231/9
f 778/231/719 779/995/719 780/996/719
f 780/996/9 773/228/9 744/168/9
f 744/168/9 754/982/9 757/984/9
f 757/984/9 759/986/9 761/230/9
f 761/230/9 755/989/9 774/991/9
f 774/991/9 776/993/9 778/231/9
f 778/231/9 780/996/9 744/168/9
f 744/168/9 757/984/9 761/230/9
f 761/230/9 774/991/9 778/231/9
f 755/232/155 762/234/155 747/233/155
f 762/234/156 761/236/156 748/235/156
f 761/236/157 760/238/157 749/237/157
f 760/238/158 759/174/158 750/239/158
f 759/167/159 758/241/159 751/240/159
f 758/241/160 757/243/160 752/242/160
f 757/243/161 756/245/161 753/244/161
f 756/245/162 754/982/162 746/229/162
f 764/227/163 771/247/163 774/246/163
f 771/247/164 770/249/164 775/248/164
f 770/249/165 769/251/165 776/250/165
f 769/251/166 768/171/166 777/169/166
f 768/171/167 767/253/167 778/252/167
f 767/253/168 766/255/168 779/254/168
f 766/255/169 765/257/169 780/256/169
f 765/257/170 763/981/170 773/228/170
f 741/116/2 743/170/2 763/981/2
f 763/981/2 765/997/2 766/998/2
f 766/998/2 767/999/2 768/1000/2
f 768/1000/2 769/1001/2 770/258/2
f 770/258/2 771/1002/2 764/1003/2
f 764/1003/2 745/1004/2 747/1005/2
f 747/1005/2 748/1006/2 749/1007/2
f 749/1007/2 750/1008/2 751/259/2
f 751/259/720 752/1009/720 753/1010/720
f 753/1010/2 746/1011/2 741/116/2
f 741/116/2 763/981/2 766/998/2
f 766/998/2 768/1000/2 770/258/2
f 770/258/2 764/1003/2 747/1005/2
f 747/1005/2 749/1007/2 751/259/2
f 751/259/2 753/1010/2 741/116/2
f 741/116/2 766/998/2 770/258/2
f 770/258/2 747/1005/2 751/259/2
f 795/232/1 785/226/1 804/227/1
f 813/228/3 803/981/3 783/170/3
f 786/229/4 794/982/4 782/166/4
f 784/168/5 783/170/5 781/172/5
f 784/168/9 782/166/9 794/982/9
f 794/982/9 796/983/9 797/984/9
f 797/984/9 798/985/9 799/986/9
f 799/986/9 800/987/9 801/230/9
f 801/230/9 802/988/9 795/989/9
f 795/989/9 812/990/9 814/991/9
f 814/991/9 815/992/9 816/993/9
f 816/993/9 817/994/9 818/231/9
f 818/231/719 819/995/719 820/996/719
f 820/996/9 813/228/9 784/168/9
f 784/168/9 794/982/9 797/984/9
f 797/984/9 799/986/9 801/230/9
f 801/230/9 795/989/9 814/991/9
f 814/991/9 816/993/9 818/231/9
f 818/231/9 820/996/9 784/168/9
f 784/168/9 797/984/9 801/230/9
f 801/230/9 814/991/9 818/231/9
f 795/232/155 802/234/155 787/233/155
f 802/234/156 801/236/156 788/235/156
f 801/236/157 800/238/157 789/237/157
f 800/238/158 799/174/158 790/239/158
f 799/167/159 798/241/159 791/240/159
f 798/241/160 797/243/160 792/242/160
f 797/243/161 796/245/161 793/244/161
f 796/245/162 794/982/162 786/229/162
f 804/227/163 811/247/163 814/246/163
f 811/247/164 810/249/164 815/248/164
f 810/249/165 809/251/165 816/250/165
f 809/251/166 808/171/166 817/169/166
f 808/171/167 807/253/167 818/252/167
f 807/253/168 806/255/168 819/254/168
f 806/255/169 805/257/169 820/256/169
f 805/257/170 803/981/170 813/228/170
f 781/116/2 783/170/2 803/981/2
f 803/981/2 805/997/2 806/998/2
f 806/998/2 807/999/2 808/1000/2
f 808/1000/2 809/1001/2 810/258/2
f 810/258/2 811/1002/2 804/1003/2
f 804/1003/2 785/1004/2 787/1005/2
f 787/1005/2 788/1006/2 789/1007/2
f 789/1007/2 790/1008/2 791/259/2
f 791/259/720 792/1009/720 793/1010/720
f 793/1010/2 786/1011/2 781/116/2
f 781/116/2 803/981/2 806/998/2
f 806/998/2 808/1000/2 810/258/2
f 810/258/2 804/1003/2 787/1005/2
f 787/1005/2 789/1007/2 791/259/2
f 791/259/2 793/1010/2 781/116/2
f 781/116/2 806/998/2 810/258/2
f 810/258/2 787/1005/2 791/259/2
f 935/232/1 925/226/1 944/227/1
f 953/228/4 943/981/4 923/170/4
f 926/229/3 934/982/3 922/166/3
f 924/168/5 923/170/5 921/172/5
f 924/168/2 922/166/2 934/982/2
f 934/982/2 936/983/2 937/984/2
f 937/984/2 938/985/2 939/986/2
f 939/986/2 940/987/2 941/230/2
f 941/230/2 942/988/2 935/989/2
f 935/989/2 952/990/2 954/991/2
f 954/991/2 955/992/2 956/993/2
f 956/993/2 957/994/2 958/231/2
f 958/231/2 959/995/2 960/996/2
f 960/996/2 953/228/2 924/168/2
f 924/168/2 934/982/2 937/984/2
f 937/984/2 939/986/2 941/230/2
f 941/230/2 935/989/2 954/991/2
f 954/991/2 956/993/2 958/231/2
f 958/231/2 960/996/2 924/168/2
f 924/168/2 937/984/2 941/230/2
f 941/230/2 954/991/2 958/231/2
f 935/232/163 942/234/163 927/233/163
f 942/234/164 941/236/164 928/235/164
f 941/236/165 940/238/165 929/237/165
f 940/238/166 939/174/166 930/239/166
f 939/167/167 938/241/167 931/240/167
f 938/241/168 937/243/168 932/242/168
f 937/243/169 936/245/169 933/244/169
f 936/245/170 934/982/170 926/229/170
f 944/227/155 951/247/155 954/246/155
f 951/247/156 950/249/156 955/248/156
f 950/249/157 949/251/157 956/250/157
f 949/251/158 948/171/158 957/169/158
f 948/171/159 947/253/159 958/252/159
f 947/253/160 946/255/160 959/254/160
f 946/255/161 945/257/161 960/256/161
f 945/257/162 943/981/162 953/228/162
f 921/116/9 923/170/9 943/981/9
f 943/981/9 945/997/9 946/998/9
f 946/998/9 947/999/9 948/1000/9
f 948/1000/9 949/1001/9 950/258/9
f 950/258/9 951/1002/9 944/1003/9
f 944/1003/9 925/1004/9 927/1005/9
f 927/1005/9 928/1006/9 929/1007/9
f 929/1007/9 930/1008/9 931/259/9
f 931/259/9 932/1009/9 933/1010/9
f 933/1010/719 926/1011/719 921/116/719
f 921/116/9 943/981/9 946/998/9
f 946/998/9 948/1000/9 950/258/9
f 950/258/9 944/1003/9 927/1005/9
f 927/1005/9 929/1007/9 931/259/9
f 931/259/9 933/1010/9 921/116/9
f 921/116/9 946/998/9 950/258/9
f 950/258/9 927/1005/9 931/259/9
f 975/232/1 965/226/1 984/227/1
f 993/228/4 983/981/4 963/170/4
f 966/229/3 974/982/3 962/166/3
f 964/168/5 963/170/5 961/172/5
f 964/168/2 962/166/2 974/982/2
f 974/982/2 976/983/2 977/984/2
f 977/984/2 978/985/2 979/986/2
f 979/986/2 980/987/2 981/230/2
f 981/230/2 982/988/2 975/989/2
f 975/989/2 992/990/2 994/991/2
f 994/991/2 995/992/2 996/993/2
f 996/993/2 997/994/2 998/231/2
f 998/231/2 999/995/2 1000/996/2
f 1000/996/720 993/228/720 964/168/720
f 964/168/2 974/982/2 977/984/2
f 977/984/2 979/986/2 981/230/2
f 981/230/2 975/989/2 994/991/2
f 994/991/2 996/993/2 998/231/2
f 998/231/2 1000/996/2 964/168/2
f 964/168/2 977/984/2 981/230/2
f 981/230/2 994/991/2 998/231/2
f 975/232/163 982/234/163 967/233/163
f 982/234/164 981/236/164 968/235/164
f 981/236/165 980/238/165 969/237/165
f 980/238/166 979/174/166 970/239/166
f 979/167/167 978/241/167 971/240/167
f 971/240/168 978/241/168 977/243/168
f 977/243/169 976/245/169 973/244/169
f 976/245/170 974/982/170 966/229/170
f 984/227/155 991/247/155 994/246/155
f 991/247/156 990/249/156 995/248/156
f 990/249/157 989/251/157 996/250/157
f 989/251/158 988/171/158 997/169/158
f 988/171/159 987/253/159 998/252/159
f 987/253/160 986/255/160 999/254/160
f 986/255/161 985/257/161 1000/256/161
f 985/257/162 983/981/162 993/228/162
f 961/116/9 963/170/9 983/981/9
f 983/981/9 985/997/9 986/998/9
f 986/998/9 987/999/9 988/1000/9
f 988/1000/9 989/1001/9 990/258/9
f 990/258/9 991/1002/9 984/1003/9
f 984/1003/9 965/1004/9 967/1005/9
f 967/1005/9 968/1006/9 969/1007/9
f 969/1007/9 970/1008/9 971/259/9
f 971/259/9 972/1009/9 973/1010/9
f 973/1010/9 966/1011/9 961/116/9
f 961/116/9 983/981/9 986/998/9
f 986/998/9 988/1000/9 990/258/9
f 990/258/9 984/1003/9 967/1005/9
f 967/1005/9 969/1007/9 971/259/9
f 971/259/9 973/1010/9 961/116/9
f 961/116/9 986/998/9 990/258/9
f 990/258/9 967/1005/9 971/259/9
f 1015/232/1 1005/226/1 1024/227/1
f 1033/228/4 1023/981/4 1003/170/4
f 1006/229/3 1014/982/3 1002/166/3
f 1004/168/5 1003/170/5 1001/172/5
f 1004/168/2 1002/166/2 1014/982/2
f 1014/982/2 1016/983/2 1017/984/2
f 1017/984/2 1018/985/2 1019/986/2
f 1019/986/2 1020/987/2 1021/230/2
f 1021/230/2 1022/988/2 1015/989/2
f 1015/989/2 1032/990/2 1034/991/2
f 1034/991/2 1035/992/2 1036/993/2
f 1036/993/2 1037/994/2 1038/231/2
f 1038/231/2 1039/995/2 1040/996/2
f 1040/996/2 1033/228/2 1004/168/2
f 1004/168/2 1014/982/2 1017/984/2
f 1017/984/2 1019/986/2 1021/230/2
f 1021/230/2 1015/989/2 1034/991/2
f 1034/991/2 1036/993/2 1038/231/2
f 1038/231/2 1040/996/2 1004/168/2
f 1004/168/2 1017/984/2 1021/230/2
f 1021/230/2 1034/991/2 1038/231/2
f 1015/232/163 1022/234/163 1007/233/163
f 1022/234/164 1021/236/164 1008/235/164
f 1021/236/165 1020/238/165 1009/237/165
f 1020/238/166 1019/174/166 1010/239/166
f 1019/167/167 1018/241/167 1011/240/167
f 1011/240/168 1018/241/168 1017/243/168
f 1017/243/169 1016/245/169 1013/244/169
f 1016/245/170 1014/982/170 1006/229/170
f 1024/227/155 1031/247/155 1034/246/155
f 1031/247/156 1030/249/156 1035/248/156
f 1030/249/157 1029/251/157 1036/250/157
f 1029/251/158 1028/171/158 1037/169/158
f 1028/171/159 1027/253/159 1038/252/159
f 1027/253/160 1026/255/160 1039/254/160
f 1026/255/161 1025/257/161 1040/256/161
f 1025/257/162 1023/981/162 1033/228/162
f 1001/116/9 1003/170/9 1023/981/9
f 1023/981/9 1025/997/9 1026/998/9
f 1026/998/9 1027/999/9 1028/1000/9
f 1028/1000/9 1029/1001/9 1030/258/9
f 1030/258/9 1031/1002/9 1024/1003/9
f 1024/1003/9 1005/1004/9 1007/1005/9
f 1007/1005/9 1008/1006/9 1009/1007/9
f 1009/1007/9 1010/1008/9 1011/259/9
f 1011/259/9 1012/1009/9 1013/1010/9
f 1013/1010/9 1006/1011/9 1001/116/9
f 1001/116/9 1023/981/9 1026/998/9
f 1026/998/9 1028/1000/9 1030/258/9
f 1030/258/9 1024/1003/9 1007/1005/9
f 1007/1005/9 1009/1007/9 1011/259/9
f 1011/259/9 1013/1010/9 1001/116/9
f 1001/116/9 1026/998/9 1030/258/9
f 1030/258/9 1007/1005/9 1011/259/9
f 1972/225/1 1955/232/1 1945/226/1
f 1973/228/2 1963/981/2 1943/170/2
f 1946/229/9 1954/982/9 1942/166/9
f 1944/168/5 1943/170/5 1941/172/5
f 1944/168/3 1942/166/3 1954/982/3
f 1954/982/3 1956/983/3 1957/984/3
f 1957/984/3 1958/985/3 1959/986/3
f 1959/986/3 1960/987/3 1961/230/3
f 1961/230/3 1962/988/3 1955/989/3
f 1955/989/3 1972/990/3 1974/991/3
f 1974/991/3 1975/992/3 1976/993/3
f 1976/993/3 1977/994/3 1978/231/3
f 1978/231/3 1979/995/3 1980/996/3
f 1980/996/3 1973/228/3 1944/168/3
f 1944/168/3 1954/982/3 1957/984/3
f 1957/984/3 1959/986/3 1961/230/3
f 1961/230/3 1955/989/3 1974/991/3
f 1974/991/3 1976/993/3 1978/231/3
f 1978/231/3 1980/996/3 1944/168/3
f 1944/168/3 1957/984/3 1961/230/3
f 1961/230/3 1974/991/3 1978/231/3
f 1955/232/387 1962/234/387 1947/233/387
f 1962/234/388 1961/236/388 1948/235/388
f 1961/236/389 1960/238/389 1949/237/389
f 1960/238/390 1959/174/390 1950/239/390
f 1959/167/403 1958/241/403 1951/240/403
f 1958/241/392 1957/243/392 1952/242/392
f 1957/243/393 1956/245/393 1953/244/393
f 1956/245/394 1954/982/394 1946/229/394
f 1964/227/395 1971/247/395 1974/246/395
f 1971/247/396 1970/249/396 1975/248/396
f 1970/249/397 1969/251/397 1976/250/397
f 1969/251/398 1968/171/398 1977/169/398
f 1968/171/404 1967/253/404 1978/252/404
f 1967/253/400 1966/255/400 1979/254/400
f 1966/255/401 1965/257/401 1980/256/401
f 1965/257/402 1963/981/402 1973/228/402
f 1941/116/4 1943/170/4 1963/981/4
f 1963/981/4 1965/997/4 1966/998/4
f 1966/998/4 1967/999/4 1968/1000/4
f 1968/1000/4 1969/1001/4 1970/258/4
f 1970/258/4 1971/1002/4 1964/1003/4
f 1964/1003/4 1945/1004/4 1947/1005/4
f 1947/1005/4 1948/1006/4 1949/1007/4
f 1949/1007/4 1950/1008/4 1951/259/4
f 1951/259/4 1952/1009/4 1953/1010/4
f 1953/1010/4 1946/1011/4 1941/116/4
f 1941/116/4 1963/981/4 1966/998/4
f 1966/998/4 1968/1000/4 1970/258/4
f 1970/258/4 1964/1003/4 1947/1005/4
f 1947/1005/4 1949/1007/4 1951/259/4
f 1951/259/4 1953/1010/4 1941/116/4
f 1941/116/4 1966/998/4 1970/258/4
f 1970/258/4 1947/1005/4 1951/259/4
f 2012/225/1 1995/232/1 1985/226/1
f 2013/228/2 2003/981/2 1983/170/2
f 1986/229/9 1994/982/9 1982/166/9
f 1984/168/5 1983/170/5 1981/172/5
f 1984/168/3 1982/166/3 1994/982/3
f 1994/982/3 1996/983/3 1997/984/3
f 1997/984/3 1998/985/3 1999/986/3
f 1999/986/3 2000/987/3 2001/230/3
f 2001/230/3 2002/988/3 1995/989/3
f 1995/989/3 2012/990/3 2014/991/3
f 2014/991/3 2015/992/3 2016/993/3
f 2016/993/3 2017/994/3 2018/231/3
f 2018/231/3 2019/995/3 2020/996/3
f 2020/996/3 2013/228/3 1984/168/3
f 1984/168/3 1994/982/3 1997/984/3
f 1997/984/3 1999/986/3 2001/230/3
f 2001/230/3 1995/989/3 2014/991/3
f 2014/991/3 2016/993/3 2018/231/3
f 2018/231/3 2020/996/3 1984/168/3
f 1984/168/3 1997/984/3 2001/230/3
f 2001/230/3 2014/991/3 2018/231/3
f 1995/232/387 2002/234/387 1987/233/387
f 2002/234/388 2001/236/388 1988/235/388
f 2001/236/389 2000/238/389 1989/237/389
f 2000/238/390 1999/174/390 1990/239/390
f 1999/167/391 1998/241/391 1991/240/391
f 1998/241/392 1997/243/392 1992/242/392
f 1997/243/393 1996/245/393 1993/244/393
f 1996/245/394 1994/982/394 1986/229/394
f 2004/227/395 2011/247/395 2014/246/395
f 2011/247/396 2010/249/396 2015/248/396
f 2010/249/397 2009/251/397 2016/250/397
f 2009/251/398 2008/171/398 2017/169/398
f 2008/171/399 2007/253/399 2018/252/399
f 2007/253/400 2006/255/400 2019/254/400
f 2006/255/401 2005/257/401 2020/256/401
f 2005/257/402 2003/981/402 2013/228/402
f 1981/116/4 1983/170/4 2003/981/4
f 2003/981/4 2005/997/4 2006/998/4
f 2006/998/4 2007/999/4 2008/1000/4
f 2008/1000/4 2009/1001/4 2010/258/4
f 2010/258/4 2011/1002/4 2004/1003/4
f 2004/1003/4 1985/1004/4 1987/1005/4
f 1987/1005/4 1988/1006/4 1989/1007/4
f 1989/1007/4 1990/1008/4 1991/259/4
f 1991/259/4 1992/1009/4 1993/1010/4
f 1993/1010/4 1986/1011/4 1981/116/4
f 1981/116/4 2003/981/4 2006/998/4
f 2006/998/4 2008/1000/4 2010/258/4
f 2010/258/4 2004/1003/4 1987/1005/4
f 1987/1005/4 1989/1007/4 1991/259/4
f 1991/259/4 1993/1010/4 1981/116/4
f 1981/116/4 2006/998/4 2010/258/4
f 2010/258/4 1987/1005/4 1991/259/4
f 2052/225/1 2035/232/1 2025/226/1
f 2053/228/2 2043/981/2 2023/170/2
f 2026/229/9 2034/982/9 2022/166/9
f 2024/168/5 2023/170/5 2021/172/5
f 2024/168/3 2022/166/3 2034/982/3
f 2034/982/3 2036/983/3 2037/984/3
f 2037/984/3 2038/985/3 2039/986/3
f 2039/986/3 2040/987/3 2041/230/3
f 2041/230/3 2042/988/3 2035/989/3
f 2035/989/3 2052/990/3 2054/991/3
f 2054/991/3 2055/992/3 2056/993/3
f 2056/993/3 2057/994/3 2058/231/3
f 2058/231/3 2059/995/3 2060/996/3
f 2060/996/3 2053/228/3 2024/168/3
f 2024/168/3 2034/982/3 2037/984/3
f 2037/984/3 2039/986/3 2041/230/3
f 2041/230/3 2035/989/3 2054/991/3
f 2054/991/3 2056/993/3 2058/231/3
f 2058/231/3 2060/996/3 2024/168/3
f 2024/168/3 2037/984/3 2041/230/3
f 2041/230/3 2054/991/3 2058/231/3
f 2035/232/387 2042/234/387 2027/233/387
f 2042/234/388 2041/236/388 2028/235/388
f 2041/236/389 2040/238/389 2029/237/389
f 2040/238/390 2039/174/390 2030/239/390
f 2039/167/403 2038/241/403 2031/240/403
f 2038/241/392 2037/243/392 2032/242/392
f 2037/243/393 2036/245/393 2033/244/393
f 2036/245/394 2034/982/394 2026/229/394
f 2044/227/395 2051/247/395 2054/246/395
f 2051/247/396 2050/249/396 2055/248/396
f 2050/249/397 2049/251/397 2056/250/397
f 2049/251/398 2048/171/398 2057/169/398
f 2048/171/404 2047/253/404 2058/252/404
f 2047/253/400 2046/255/400 2059/254/400
f 2046/255/401 2045/257/401 2060/256/401
f 2045/257/402 2043/981/402 2053/228/402
f 2021/116/4 2023/170/4 2043/981/4
f 2043/981/4 2045/997/4 2046/998/4
f 2046/998/4 2047/999/4 2048/1000/4
f 2048/1000/4 2049/1001/4 2050/258/4
f 2050/258/4 2051/1002/4 2044/1003/4
f 2044/1003/4 2025/1004/4 2027/1005/4
f 2027/1005/4 2028/1006/4 2029/1007/4
f 2029/1007/4 2030/1008/4 2031/259/4
f 2031/259/4 2032/1009/4 2033/1010/4
f 2033/1010/4 2026/1011/4 2021/116/4
f 2021/116/4 2043/981/4 2046/998/4
f 2046/998/4 2048/1000/4 2050/258/4
f 2050/258/4 2044/1003/4 2027/1005/4
f 2027/1005/4 2029/1007/4 2031/259/4
f 2031/259/4 2033/1010/4 2021/116/4
f 2021/116/4 2046/998/4 2050/258/4
f 2050/258/4 2027/1005/4 2031/259/4
f 2255/232/1 2245/226/1 2264/227/1
f 2273/228/9 2263/981/9 2243/170/9
f 2246/229/2 2254/982/2 2242/166/2
f 2244/168/5 2243/170/5 2241/172/5
f 2244/168/4 2242/166/4 2254/982/4
f 2254/982/4 2256/983/4 2257/984/4
f 2257/984/4 2258/985/4 2259/986/4
f 2259/986/4 2260/987/4 2261/230/4
f 2261/230/4 2262/988/4 2255/989/4
f 2255/989/4 2272/990/4 2274/991/4
f 2274/991/4 2275/992/4 2276/993/4
f 2276/993/4 2277/994/4 2278/231/4
f 2278/231/4 2279/995/4 2280/996/4
f 2280/996/4 2273/228/4 2244/168/4
f 2244/168/4 2254/982/4 2257/984/4
f 2257/984/4 2259/986/4 2261/230/4
f 2261/230/4 2255/989/4 2274/991/4
f 2274/991/4 2276/993/4 2278/231/4
f 2278/231/4 2280/996/4 2244/168/4
f 2244/168/4 2257/984/4 2261/230/4
f 2261/230/4 2274/991/4 2278/231/4
f 2255/232/449 2262/234/449 2247/233/449
f 2262/234/450 2261/236/450 2248/235/450
f 2261/236/451 2260/238/451 2249/237/451
f 2260/238/452 2259/174/452 2250/239/452
f 2259/167/453 2258/241/453 2251/240/453
f 2258/241/454 2257/243/454 2252/242/454
f 2257/243/455 2256/245/455 2253/244/455
f 2256/245/456 2254/982/456 2246/229/456
f 2264/227/457 2271/247/457 2274/246/457
f 2271/247/458 2270/249/458 2275/248/458
f 2270/249/459 2269/251/459 2276/250/459
f 2269/251/460 2268/171/460 2277/169/460
f 2268/171/461 2267/253/461 2278/252/461
f 2267/253/462 2266/255/462 2279/254/462
f 2266/255/820 2265/257/820 2280/256/820
f 2265/257/464 2263/981/464 2273/228/464
f 2241/116/3 2243/170/3 2263/981/3
f 2263/981/3 2265/997/3 2266/998/3
f 2266/998/3 2267/999/3 2268/1000/3
f 2268/1000/3 2269/1001/3 2270/258/3
f 2270/258/3 2271/1002/3 2264/1003/3
f 2264/1003/819 2245/1004/819 2247/1005/819
f 2247/1005/3 2248/1006/3 2249/1007/3
f 2249/1007/3 2250/1008/3 2251/259/3
f 2251/259/3 2252/1009/3 2253/1010/3
f 2253/1010/3 2246/1011/3 2241/116/3
f 2241/116/3 2263/981/3 2266/998/3
f 2266/998/3 2268/1000/3 2270/258/3
f 2270/258/3 2264/1003/3 2247/1005/3
f 2247/1005/3 2249/1007/3 2251/259/3
f 2251/259/3 2253/1010/3 2241/116/3
f 2241/116/3 2266/998/3 2270/258/3
f 2270/258/3 2247/1005/3 2251/259/3
f 2435/232/1 2425/226/1 2444/227/1
f 2453/228/3 2443/981/3 2423/170/3
f 2426/229/4 2434/982/4 2422/166/4
f 2424/168/5 2423/170/5 2421/172/5
f 2424/168/9 2422/166/9 2434/982/9
f 2434/982/9 2436/983/9 2437/984/9
f 2437/984/9 2438/985/9 2439/986/9
f 2439/986/9 2440/987/9 2441/230/9
f 2441/230/9 2442/988/9 2435/989/9
f 2435/989/9 2452/990/9 2454/991/9
f 2454/991/9 2455/992/9 2456/993/9
f 2456/993/9 2457/994/9 2458/231/9
f 2458/231/9 2459/995/9 2460/996/9
f 2460/996/826 2453/228/826 2424/168/826
f 2424/168/9 2434/982/9 2437/984/9
f 2437/984/9 2439/986/9 2441/230/9
f 2441/230/9 2435/989/9 2454/991/9
f 2454/991/9 2456/993/9 2458/231/9
f 2458/231/9 2460/996/9 2424/168/9
f 2424/168/9 2437/984/9 2441/230/9
f 2441/230/9 2454/991/9 2458/231/9
f 2435/232/516 2442/234/516 2427/233/516
f 2442/234/517 2441/236/517 2428/235/517
f 2441/236/518 2440/238/518 2429/237/518
f 2440/238/519 2439/174/519 2430/239/519
f 2439/167/520 2438/241/520 2431/240/520
f 2438/241/521 2437/243/521 2432/242/521
f 2437/243/522 2436/245/522 2433/244/522
f 2436/245/523 2434/982/523 2426/229/523
f 2444/227/524 2451/247/524 2454/246/524
f 2451/247/525 2450/249/525 2455/248/525
f 2450/249/526 2449/251/526 2456/250/526
f 2449/251/527 2448/171/527 2457/169/527
f 2448/171/528 2447/253/528 2458/252/528
f 2447/253/529 2446/255/529 2459/254/529
f 2446/255/530 2445/257/530 2460/256/530
f 2445/257/531 2443/981/531 2453/228/531
f 2421/116/2 2423/170/2 2443/981/2
f 2443/981/2 2445/997/2 2446/998/2
f 2446/998/2 2447/999/2 2448/1000/2
f 2448/1000/2 2449/1001/2 2450/258/2
f 2450/258/2 2451/1002/2 2444/1003/2
f 2444/1003/2 2425/1004/2 2427/1005/2
f 2427/1005/2 2428/1006/2 2429/1007/2
f 2429/1007/2 2430/1008/2 2431/259/2
f 2431/259/2 2432/1009/2 2433/1010/2
f 2433/1010/2 2426/1011/2 2421/116/2
f 2421/116/2 2443/981/2 2446/998/2
f 2446/998/2 2448/1000/2 2450/258/2
f 2450/258/2 2444/1003/2 2427/1005/2
f 2427/1005/2 2429/1007/2 2431/259/2
f 2431/259/2 2433/1010/2 2421/116/2
f 2421/116/2 2446/998/2 2450/258/2
f 2450/258/2 2427/1005/2 2431/259/2
f 2475/232/1 2465/226/1 2484/227/1
f 2493/228/3 2483/981/3 2463/170/3
f 2466/229/4 2474/982/4 2462/166/4
f 2464/168/5 2463/170/5 2461/172/5
f 2464/168/9 2462/166/9 2474/982/9
f 2474/982/9 2476/983/9 2477/984/9
f 2477/984/9 2478/985/9 2479/986/9
f 2479/986/9 2480/987/9 2481/230/9
f 2481/230/9 2482/988/9 2475/989/9
f 2475/989/9 2492/990/9 2494/991/9
f 2494/991/9 2495/992/9 2496/993/9
f 2496/993/9 2497/994/9 2498/231/9
f 2498/231/9 2499/995/9 2500/996/9
f 2500/996/9 2493/228/9 2464/168/9
f 2464/168/9 2474/982/9 2477/984/9
f 2477/984/9 2479/986/9 2481/230/9
f 2481/230/9 2475/989/9 2494/991/9
f 2494/991/9 2496/993/9 2498/231/9
f 2498/231/9 2500/996/9 2464/168/9
f 2464/168/9 2477/984/9 2481/230/9
f 2481/230/9 2494/991/9 2498/231/9
f 2475/232/516 2482/234/516 2467/233/516
f 2482/234/517 2481/236/517 2468/235/517
f 2481/236/518 2480/238/518 2469/237/518
f 2480/238/519 2479/174/519 2470/239/519
f 2479/167/520 2478/241/520 2471/240/520
f 2478/241/521 2477/243/521 2472/242/521
f 2477/243/522 2476/245/522 2473/244/522
f 2476/245/523 2474/982/523 2466/229/523
f 2484/227/524 2491/247/524 2494/246/524
f 2491/247/525 2490/249/525 2495/248/525
f 2490/249/526 2489/251/526 2496/250/526
f 2489/251/527 2488/171/527 2497/169/527
f 2488/171/528 2487/253/528 2498/252/528
f 2487/253/529 2486/255/529 2499/254/529
f 2486/255/530 2485/257/530 2500/256/530
f 2485/257/531 2483/981/531 2493/228/531
f 2461/116/2 2463/170/2 2483/981/2
f 2483/981/2 2485/997/2 2486/998/2
f 2486/998/2 2487/999/2 2488/1000/2
f 2488/1000/2 2489/1001/2 2490/258/2
f 2490/258/2 2491/1002/2 2484/1003/2
f 2484/1003/2 2465/1004/2 2467/1005/2
f 2467/1005/2 2468/1006/2 2469/1007/2
f 2469/1007/2 2470/1008/2 2471/259/2
f 2471/259/2 2472/1009/2 2473/1010/2
f 2473/1010/2 2466/1011/2 2461/116/2
f 2461/116/2 2483/981/2 2486/998/2
f 2486/998/2 2488/1000/2 2490/258/2
f 2490/258/2 2484/1003/2 2467/1005/2
f 2467/1005/2 2469/1007/2 2471/259/2
f 2471/259/2 2473/1010/2 2461/116/2
f 2461/116/2 2486/998/2 2490/258/2
f 2490/258/2 2467/1005/2 2471/259/2
usemtl bluePanelTexturePaintedBlack
f 2175/232/1 2184/227/1 2192/225/1
f 2193/228/9 2163/170/9 2164/168/9
f 2166/229/2 2162/166/2 2161/119/2
f 2164/168/5 2161/172/5 2162/173/5
f 2181/230/4 2198/231/4 2164/168/4
f 2175/232/449 2167/233/449 2165/226/449
f 2182/234/450 2168/235/450 2167/233/450
f 2181/236/451 2169/237/451 2168/235/451
f 2180/238/452 2170/239/452 2169/237/452
f 2179/167/453 2171/240/453 2170/117/453
f 2178/241/454 2172/242/454 2171/240/454
f 2177/243/455 2173/244/455 2172/242/455
f 2176/245/456 2166/229/456 2173/244/456
f 2184/227/457 2194/246/457 2192/225/457
f 2191/247/458 2195/248/458 2194/246/458
f 2190/249/459 2196/250/459 2195/248/459
f 2189/251/460 2197/169/460 2196/250/460
f 2188/171/461 2198/252/461 2197/169/461
f 2187/253/462 2199/254/462 2198/252/462
f 2186/255/463 2200/256/463 2199/254/463
f 2185/257/464 2193/228/464 2200/256/464
f 2190/258/3 2171/259/3 2161/116/3
f 2215/232/1 2224/227/1 2232/225/1
f 2233/228/9 2203/170/9 2204/168/9
f 2206/229/2 2202/166/2 2201/119/2
f 2204/168/5 2201/172/5 2202/173/5
f 2221/230/4 2238/231/4 2204/168/4
f 2215/232/449 2207/233/449 2205/226/449
f 2222/234/450 2208/235/450 2207/233/450
f 2221/236/451 2209/237/451 2208/235/451
f 2220/238/465 2210/239/465 2209/237/465
f 2219/167/453 2211/240/453 2210/117/453
f 2218/241/454 2212/242/454 2211/240/454
f 2217/243/466 2213/244/466 2212/242/466
f 2216/245/456 2206/229/456 2213/244/456
f 2224/227/457 2234/246/457 2232/225/457
f 2231/247/458 2235/248/458 2234/246/458
f 2230/249/459 2236/250/459 2235/248/459
f 2229/251/467 2237/169/467 2236/250/467
f 2228/171/461 2238/252/461 2237/169/461
f 2227/253/462 2239/254/462 2238/252/462
f 2226/255/463 2240/256/463 2239/254/463
f 2225/257/464 2233/228/464 2240/256/464
f 2230/258/3 2211/259/3 2201/116/3
f 2395/232/1 2404/227/1 2412/225/1
f 2413/228/3 2383/170/3 2384/168/3
f 2386/229/4 2382/166/4 2381/119/4
f 2384/168/5 2381/172/5 2382/173/5
f 2401/230/9 2418/231/9 2384/168/9
f 2395/232/516 2387/233/516 2385/226/516
f 2402/234/517 2388/235/517 2387/233/517
f 2401/236/518 2389/237/518 2388/235/518
f 2400/238/519 2390/239/519 2389/237/519
f 2399/167/520 2391/240/520 2390/117/520
f 2398/241/521 2392/242/521 2391/240/521
f 2397/243/522 2393/244/522 2392/242/522
f 2396/245/523 2386/229/523 2393/244/523
f 2404/227/524 2414/246/524 2412/225/524
f 2411/247/525 2415/248/525 2414/246/525
f 2410/249/526 2416/250/526 2415/248/526
f 2409/251/527 2417/169/527 2416/250/527
f 2408/171/528 2418/252/528 2417/169/528
f 2407/253/529 2419/254/529 2418/252/529
f 2406/255/530 2420/256/530 2419/254/530
f 2405/257/531 2413/228/531 2420/256/531
f 2410/258/2 2391/259/2 2381/116/2
f 2615/232/1 2624/227/1 2632/225/1
f 2633/228/4 2603/170/4 2604/168/4
f 2606/229/3 2602/166/3 2601/119/3
f 2604/168/5 2601/172/5 2602/173/5
f 2621/230/2 2638/231/2 2604/168/2
f 2615/232/524 2607/233/524 2605/226/524
f 2622/234/568 2608/235/568 2607/233/568
f 2621/236/569 2609/237/569 2608/235/569
f 2620/238/570 2610/239/570 2609/237/570
f 2619/167/571 2611/240/571 2610/117/571
f 2618/241/572 2612/242/572 2611/240/572
f 2617/243/573 2613/244/573 2612/242/573
f 2616/245/574 2606/229/574 2613/244/574
f 2624/227/516 2634/246/516 2632/225/516
f 2631/247/575 2635/248/575 2634/246/575
f 2630/249/576 2636/250/576 2635/248/576
f 2629/251/577 2637/169/577 2636/250/577
f 2628/171/578 2638/252/578 2637/169/578
f 2627/253/579 2639/254/579 2638/252/579
f 2626/255/580 2640/256/580 2639/254/580
f 2625/257/581 2633/228/581 2640/256/581
f 2630/258/9 2611/259/9 2601/116/9
f 2655/232/1 2664/227/1 2672/225/1
f 2673/228/4 2643/170/4 2644/168/4
f 2646/229/3 2642/166/3 2641/119/3
f 2644/168/5 2641/172/5 2642/173/5
f 2661/230/2 2678/231/2 2644/168/2
f 2655/232/524 2647/233/524 2645/226/524
f 2662/234/568 2648/235/568 2647/233/568
f 2661/236/569 2649/237/569 2648/235/569
f 2660/238/570 2650/239/570 2649/237/570
f 2659/167/571 2651/240/571 2650/117/571
f 2658/241/572 2652/242/572 2651/240/572
f 2657/243/573 2653/244/573 2652/242/573
f 2656/245/574 2646/229/574 2653/244/574
f 2664/227/516 2674/246/516 2672/225/516
f 2671/247/575 2675/248/575 2674/246/575
f 2670/249/576 2676/250/576 2675/248/576
f 2669/251/577 2677/169/577 2676/250/577
f 2668/171/578 2678/252/578 2677/169/578
f 2667/253/579 2679/254/579 2678/252/579
f 2666/255/580 2680/256/580 2679/254/580
f 2665/257/581 2673/228/581 2680/256/581
f 2670/258/9 2651/259/9 2641/116/9
f 2695/232/1 2704/227/1 2712/225/1
f 2713/228/4 2683/170/4 2684/168/4
f 2686/229/3 2682/166/3 2681/119/3
f 2684/168/5 2681/172/5 2682/173/5
f 2701/230/2 2718/231/2 2684/168/2
f 2695/232/524 2687/233/524 2685/226/524
f 2702/234/568 2688/235/568 2687/233/568
f 2701/236/569 2689/237/569 2688/235/569
f 2700/238/570 2690/239/570 2689/237/570
f 2699/167/571 2691/240/571 2690/117/571
f 2698/241/572 2692/242/572 2691/240/572
f 2697/243/573 2693/244/573 2692/242/573
f 2696/245/574 2686/229/574 2693/244/574
f 2704/227/516 2714/246/516 2712/225/516
f 2711/247/575 2715/248/575 2714/246/575
f 2710/249/576 2716/250/576 2715/248/576
f 2709/251/577 2717/169/577 2716/250/577
f 2708/171/578 2718/252/578 2717/169/578
f 2707/253/579 2719/254/579 2718/252/579
f 2706/255/580 2720/256/580 2719/254/580
f 2705/257/581 2713/228/581 2720/256/581
f 2710/258/9 2691/259/9 2681/116/9
f 2175/232/1 2165/226/1 2184/227/1
f 2193/228/9 2183/981/9 2163/170/9
f 2166/229/2 2174/982/2 2162/166/2
f 2164/168/5 2163/170/5 2161/172/5
f 2164/168/4 2162/166/4 2174/982/4
f 2174/982/4 2176/983/4 2177/984/4
f 2177/984/4 2178/985/4 2179/986/4
f 2179/986/4 2180/987/4 2181/230/4
f 2181/230/4 2182/988/4 2175/989/4
f 2175/989/4 2192/990/4 2194/991/4
f 2194/991/4 2195/992/4 2196/993/4
f 2196/993/4 2197/994/4 2198/231/4
f 2198/231/4 2199/995/4 2200/996/4
f 2200/996/4 2193/228/4 2164/168/4
f 2164/168/4 2174/982/4 2177/984/4
f 2177/984/4 2179/986/4 2181/230/4
f 2181/230/4 2175/989/4 2194/991/4
f 2194/991/4 2196/993/4 2198/231/4
f 2198/231/4 2200/996/4 2164/168/4
f 2164/168/4 2177/984/4 2181/230/4
f 2181/230/4 2194/991/4 2198/231/4
f 2175/232/449 2182/234/449 2167/233/449
f 2182/234/450 2181/236/450 2168/235/450
f 2181/236/451 2180/238/451 2169/237/451
f 2180/238/452 2179/174/452 2170/239/452
f 2179/167/453 2178/241/453 2171/240/453
f 2178/241/454 2177/243/454 2172/242/454
f 2177/243/466 2176/245/466 2173/244/466
f 2176/245/456 2174/982/456 2166/229/456
f 2184/227/457 2191/247/457 2194/246/457
f 2191/247/458 2190/249/458 2195/248/458
f 2190/249/459 2189/251/459 2196/250/459
f 2189/251/460 2188/171/460 2197/169/460
f 2188/171/461 2187/253/461 2198/252/461
f 2187/253/462 2186/255/462 2199/254/462
f 2186/255/463 2185/257/463 2200/256/463
f 2185/257/464 2183/981/464 2193/228/464
f 2161/116/3 2163/170/3 2183/981/3
f 2183/981/3 2185/997/3 2186/998/3
f 2186/998/3 2187/999/3 2188/1000/3
f 2188/1000/3 2189/1001/3 2190/258/3
f 2190/258/3 2191/1002/3 2184/1003/3
f 2184/1003/819 2165/1004/819 2167/1005/819
f 2167/1005/3 2168/1006/3 2169/1007/3
f 2169/1007/3 2170/1008/3 2171/259/3
f 2171/259/3 2172/1009/3 2173/1010/3
f 2173/1010/3 2166/1011/3 2161/116/3
f 2161/116/3 2183/981/3 2186/998/3
f 2186/998/3 2188/1000/3 2190/258/3
f 2190/258/3 2184/1003/3 2167/1005/3
f 2167/1005/3 2169/1007/3 2171/259/3
f 2171/259/3 2173/1010/3 2161/116/3
f 2161/116/3 2186/998/3 2190/258/3
f 2190/258/3 2167/1005/3 2171/259/3
f 2215/232/1 2205/226/1 2224/227/1
f 2233/228/9 2223/981/9 2203/170/9
f 2206/229/2 2214/982/2 2202/166/2
f 2204/168/5 2203/170/5 2201/172/5
f 2204/168/4 2202/166/4 2214/982/4
f 2214/982/4 2216/983/4 2217/984/4
f 2217/984/4 2218/985/4 2219/986/4
f 2219/986/4 2220/987/4 2221/230/4
f 2221/230/4 2222/988/4 2215/989/4
f 2215/989/4 2232/990/4 2234/991/4
f 2234/991/4 2235/992/4 2236/993/4
f 2236/993/4 2237/994/4 2238/231/4
f 2238/231/4 2239/995/4 2240/996/4
f 2240/996/4 2233/228/4 2204/168/4
f 2204/168/4 2214/982/4 2217/984/4
f 2217/984/4 2219/986/4 2221/230/4
f 2221/230/4 2215/989/4 2234/991/4
f 2234/991/4 2236/993/4 2238/231/4
f 2238/231/4 2240/996/4 2204/168/4
f 2204/168/4 2217/984/4 2221/230/4
f 2221/230/4 2234/991/4 2238/231/4
f 2215/232/449 2222/234/449 2207/233/449
f 2222/234/450 2221/236/450 2208/235/450
f 2221/236/451 2220/238/451 2209/237/451
f 2220/238/452 2219/174/452 2210/239/452
f 2219/167/453 2218/241/453 2211/240/453
f 2218/241/454 2217/243/454 2212/242/454
f 2217/243/466 2216/245/466 2213/244/466
f 2216/245/456 2214/982/456 2206/229/456
f 2224/227/457 2231/247/457 2234/246/457
f 2231/247/458 2230/249/458 2235/248/458
f 2230/249/459 2229/251/459 2236/250/459
f 2229/251/460 2228/171/460 2237/169/460
f 2228/171/461 2227/253/461 2238/252/461
f 2227/253/462 2226/255/462 2239/254/462
f 2226/255/820 2225/257/820 2240/256/820
f 2225/257/464 2223/981/464 2233/228/464
f 2201/116/3 2203/170/3 2223/981/3
f 2223/981/3 2225/997/3 2226/998/3
f 2226/998/3 2227/999/3 2228/1000/3
f 2228/1000/3 2229/1001/3 2230/258/3
f 2230/258/3 2231/1002/3 2224/1003/3
f 2224/1003/819 2205/1004/819 2207/1005/819
f 2207/1005/3 2208/1006/3 2209/1007/3
f 2209/1007/3 2210/1008/3 2211/259/3
f 2211/259/3 2212/1009/3 2213/1010/3
f 2213/1010/3 2206/1011/3 2201/116/3
f 2201/116/3 2223/981/3 2226/998/3
f 2226/998/3 2228/1000/3 2230/258/3
f 2230/258/3 2224/1003/3 2207/1005/3
f 2207/1005/3 2209/1007/3 2211/259/3
f 2211/259/3 2213/1010/3 2201/116/3
f 2201/116/3 2226/998/3 2230/258/3
f 2230/258/3 2207/1005/3 2211/259/3
f 2395/232/1 2385/226/1 2404/227/1
f 2413/228/3 2403/981/3 2383/170/3
f 2386/229/4 2394/982/4 2382/166/4
f 2384/168/5 2383/170/5 2381/172/5
f 2384/168/9 2382/166/9 2394/982/9
f 2394/982/9 2396/983/9 2397/984/9
f 2397/984/9 2398/985/9 2399/986/9
f 2399/986/9 2400/987/9 2401/230/9
f 2401/230/9 2402/988/9 2395/989/9
f 2395/989/9 2412/990/9 2414/991/9
f 2414/991/9 2415/992/9 2416/993/9
f 2416/993/9 2417/994/9 2418/231/9
f 2418/231/9 2419/995/9 2420/996/9
f 2420/996/9 2413/228/9 2384/168/9
f 2384/168/9 2394/982/9 2397/984/9
f 2397/984/9 2399/986/9 2401/230/9
f 2401/230/9 2395/989/9 2414/991/9
f 2414/991/9 2416/993/9 2418/231/9
f 2418/231/9 2420/996/9 2384/168/9
f 2384/168/9 2397/984/9 2401/230/9
f 2401/230/9 2414/991/9 2418/231/9
f 2395/232/516 2402/234/516 2387/233/516
f 2402/234/517 2401/236/517 2388/235/517
f 2401/236/518 2400/238/518 2389/237/518
f 2400/238/519 2399/174/519 2390/239/519
f 2399/167/520 2398/241/520 2391/240/520
f 2398/241/521 2397/243/521 2392/242/521
f 2397/243/522 2396/245/522 2393/244/522
f 2396/245/523 2394/982/523 2386/229/523
f 2404/227/524 2411/247/524 2414/246/524
f 2411/247/525 2410/249/525 2415/248/525
f 2410/249/526 2409/251/526 2416/250/526
f 2409/251/527 2408/171/527 2417/169/527
f 2408/171/528 2407/253/528 2418/252/528
f 2407/253/529 2406/255/529 2419/254/529
f 2406/255/530 2405/257/530 2420/256/530
f 2405/257/531 2403/981/531 2413/228/531
f 2381/116/2 2383/170/2 2403/981/2
f 2403/981/2 2405/997/2 2406/998/2
f 2406/998/2 2407/999/2 2408/1000/2
f 2408/1000/2 2409/1001/2 2410/258/2
f 2410/258/2 2411/1002/2 2404/1003/2
f 2404/1003/2 2385/1004/2 2387/1005/2
f 2387/1005/2 2388/1006/2 2389/1007/2
f 2389/1007/2 2390/1008/2 2391/259/2
f 2391/259/2 2392/1009/2 2393/1010/2
f 2393/1010/2 2386/1011/2 2381/116/2
f 2381/116/2 2403/981/2 2406/998/2
f 2406/998/2 2408/1000/2 2410/258/2
f 2410/258/2 2404/1003/2 2387/1005/2
f 2387/1005/2 2389/1007/2 2391/259/2
f 2391/259/2 2393/1010/2 2381/116/2
f 2381/116/2 2406/998/2 2410/258/2
f 2410/258/2 2387/1005/2 2391/259/2
f 2615/232/1 2605/226/1 2624/227/1
f 2633/228/4 2623/981/4 2603/170/4
f 2606/229/3 2614/982/3 2602/166/3
f 2604/168/5 2603/170/5 2601/172/5
f 2604/168/2 2602/166/2 2614/982/2
f 2614/982/2 2616/983/2 2617/984/2
f 2617/984/2 2618/985/2 2619/986/2
f 2619/986/2 2620/987/2 2621/230/2
f 2621/230/2 2622/988/2 2615/989/2
f 2615/989/2 2632/990/2 2634/991/2
f 2634/991/2 2635/992/2 2636/993/2
f 2636/993/2 2637/994/2 2638/231/2
f 2638/231/2 2639/995/2 2640/996/2
f 2640/996/2 2633/228/2 2604/168/2
f 2604/168/2 2614/982/2 2617/984/2
f 2617/984/2 2619/986/2 2621/230/2
f 2621/230/2 2615/989/2 2634/991/2
f 2634/991/2 2636/993/2 2638/231/2
f 2638/231/2 2640/996/2 2604/168/2
f 2604/168/2 2617/984/2 2621/230/2
f 2621/230/2 2634/991/2 2638/231/2
f 2615/232/524 2622/234/524 2607/233/524
f 2622/234/568 2621/236/568 2608/235/568
f 2621/236/569 2620/238/569 2609/237/569
f 2620/238/570 2619/174/570 2610/239/570
f 2619/167/571 2618/241/571 2611/240/571
f 2618/241/572 2617/243/572 2612/242/572
f 2617/243/573 2616/245/573 2613/244/573
f 2616/245/574 2614/982/574 2606/229/574
f 2624/227/516 2631/247/516 2634/246/516
f 2631/247/575 2630/249/575 2635/248/575
f 2630/249/576 2629/251/576 2636/250/576
f 2629/251/577 2628/171/577 2637/169/577
f 2628/171/578 2627/253/578 2638/252/578
f 2627/253/579 2626/255/579 2639/254/579
f 2626/255/580 2625/257/580 2640/256/580
f 2625/257/581 2623/981/581 2633/228/581
f 2601/116/9 2603/170/9 2623/981/9
f 2623/981/9 2625/997/9 2626/998/9
f 2626/998/9 2627/999/9 2628/1000/9
f 2628/1000/9 2629/1001/9 2630/258/9
f 2630/258/9 2631/1002/9 2624/1003/9
f 2624/1003/9 2605/1004/9 2607/1005/9
f 2607/1005/9 2608/1006/9 2609/1007/9
f 2609/1007/9 2610/1008/9 2611/259/9
f 2611/259/9 2612/1009/9 2613/1010/9
f 2613/1010/9 2606/1011/9 2601/116/9
f 2601/116/9 2623/981/9 2626/998/9
f 2626/998/9 2628/1000/9 2630/258/9
f 2630/258/9 2624/1003/9 2607/1005/9
f 2607/1005/9 2609/1007/9 2611/259/9
f 2611/259/9 2613/1010/9 2601/116/9
f 2601/116/9 2626/998/9 2630/258/9
f 2630/258/9 2607/1005/9 2611/259/9
f 2655/232/1 2645/226/1 2664/227/1
f 2673/228/4 2663/981/4 2643/170/4
f 2646/229/3 2654/982/3 2642/166/3
f 2644/168/5 2643/170/5 2641/172/5
f 2644/168/2 2642/166/2 2654/982/2
f 2654/982/2 2656/983/2 2657/984/2
f 2657/984/2 2658/985/2 2659/986/2
f 2659/986/2 2660/987/2 2661/230/2
f 2661/230/2 2662/988/2 2655/989/2
f 2655/989/2 2672/990/2 2674/991/2
f 2674/991/2 2675/992/2 2676/993/2
f 2676/993/2 2677/994/2 2678/231/2
f 2678/231/2 2679/995/2 2680/996/2
f 2680/996/2 2673/228/2 2644/168/2
f 2644/168/2 2654/982/2 2657/984/2
f 2657/984/2 2659/986/2 2661/230/2
f 2661/230/2 2655/989/2 2674/991/2
f 2674/991/2 2676/993/2 2678/231/2
f 2678/231/2 2680/996/2 2644/168/2
f 2644/168/2 2657/984/2 2661/230/2
f 2661/230/2 2674/991/2 2678/231/2
f 2655/232/524 2662/234/524 2647/233/524
f 2662/234/568 2661/236/568 2648/235/568
f 2661/236/569 2660/238/569 2649/237/569
f 2660/238/570 2659/174/570 2650/239/570
f 2659/167/571 2658/241/571 2651/240/571
f 2658/241/572 2657/243/572 2652/242/572
f 2657/243/573 2656/245/573 2653/244/573
f 2656/245/574 2654/982/574 2646/229/574
f 2664/227/516 2671/247/516 2674/246/516
f 2671/247/575 2670/249/575 2675/248/575
f 2670/249/576 2669/251/576 2676/250/576
f 2669/251/577 2668/171/577 2677/169/577
f 2668/171/578 2667/253/578 2678/252/578
f 2667/253/579 2666/255/579 2679/254/579
f 2666/255/580 2665/257/580 2680/256/580
f 2665/257/581 2663/981/581 2673/228/581
f 2641/116/9 2643/170/9 2663/981/9
f 2663/981/9 2665/997/9 2666/998/9
f 2666/998/9 2667/999/9 2668/1000/9
f 2668/1000/9 2669/1001/9 2670/258/9
f 2670/258/9 2671/1002/9 2664/1003/9
f 2664/1003/9 2645/1004/9 2647/1005/9
f 2647/1005/9 2648/1006/9 2649/1007/9
f 2649/1007/9 2650/1008/9 2651/259/9
f 2651/259/9 2652/1009/9 2653/1010/9
f 2653/1010/9 2646/1011/9 2641/116/9
f 2641/116/9 2663/981/9 2666/998/9
f 2666/998/9 2668/1000/9 2670/258/9
f 2670/258/9 2664/1003/9 2647/1005/9
f 2647/1005/9 2649/1007/9 2651/259/9
f 2651/259/9 2653/1010/9 2641/116/9
f 2641/116/9 2666/998/9 2670/258/9
f 2670/258/9 2647/1005/9 2651/259/9
f 2695/232/1 2685/226/1 2704/227/1
f 2713/228/4 2703/981/4 2683/170/4
f 2686/229/3 2694/982/3 2682/166/3
f 2684/168/5 2683/170/5 2681/172/5
f 2684/168/2 2682/166/2 2694/982/2
f 2694/982/2 2696/983/2 2697/984/2
f 2697/984/2 2698/985/2 2699/986/2
f 2699/986/2 2700/987/2 2701/230/2
f 2701/230/2 2702/988/2 2695/989/2
f 2695/989/2 2712/990/2 2714/991/2
f 2714/991/2 2715/992/2 2716/993/2
f 2716/993/2 2717/994/2 2718/231/2
f 2718/231/2 2719/995/2 2720/996/2
f 2720/996/832 2713/228/832 2684/168/832
f 2684/168/2 2694/982/2 2697/984/2
f 2697/984/2 2699/986/2 2701/230/2
f 2701/230/2 2695/989/2 2714/991/2
f 2714/991/2 2716/993/2 2718/231/2
f 2718/231/2 2720/996/2 2684/168/2
f 2684/168/2 2697/984/2 2701/230/2
f 2701/230/2 2714/991/2 2718/231/2
f 2695/232/524 2702/234/524 2687/233/524
f 2702/234/568 2701/236/568 2688/235/568
f 2701/236/569 2700/238/569 2689/237/569
f 2700/238/570 2699/174/570 2690/239/570
f 2699/167/571 2698/241/571 2691/240/571
f 2698/241/572 2697/243/572 2692/242/572
f 2697/243/573 2696/245/573 2693/244/573
f 2696/245/574 2694/982/574 2686/229/574
f 2704/227/516 2711/247/516 2714/246/516
f 2711/247/575 2710/249/575 2715/248/575
f 2710/249/576 2709/251/576 2716/250/576
f 2709/251/577 2708/171/577 2717/169/577
f 2708/171/578 2707/253/578 2718/252/578
f 2707/253/579 2706/255/579 2719/254/579
f 2706/255/580 2705/257/580 2720/256/580
f 2705/257/581 2703/981/581 2713/228/581
f 2681/116/9 2683/170/9 2703/981/9
f 2703/981/9 2705/997/9 2706/998/9
f 2706/998/9 2707/999/9 2708/1000/9
f 2708/1000/9 2709/1001/9 2710/258/9
f 2710/258/9 2711/1002/9 2704/1003/9
f 2704/1003/9 2685/1004/9 2687/1005/9
f 2687/1005/9 2688/1006/9 2689/1007/9
f 2689/1007/9 2690/1008/9 2691/259/9
f 2691/259/9 2692/1009/9 2693/1010/9
f 2693/1010/9 2686/1011/9 2681/116/9
f 2681/116/9 2703/981/9 2706/998/9
f 2706/998/9 2708/1000/9 2710/258/9
f 2710/258/9 2704/1003/9 2687/1005/9
f 2687/1005/9 2689/1007/9 2691/259/9
f 2691/259/9 2693/1010/9 2681/116/9
f 2681/116/9 2706/998/9 2710/258/9
f 2710/258/9 2687/1005/9 2691/259/9
